block_size,bytes_per_article,case_seconds,codec,composition,compressed_bytes_read,compressed_read_ratio,container_bytes,corpus,decoded_bytes_processed,dictionary_bytes,dictionary_scope,dictionary_target,effective_ratio,embedding_sha256,encode_seconds,host_decode_mib_s,host_unique_decode_mib_s,implementation,index_bytes,key,level,libraries,max_unit_raw_bytes,n,ordering,payload_bytes,random_access_decode_seconds,raw_bytes,read_amplification,roundtrip_articles,selection,status,title_bytes,total_pack_bytes,unit_count,unwanted_bytes_decoded,version
0,1837.24,0.10452574999362696,brotli,mixed,44280,0.37218841408062403,96,575b54aa2332ad8e6e45652023cb8e286ff631a4d1721aef1d7e4bd696f3bee8,118972,0,none,0,2.5902331758507326,53eb9cd8d4aa893c2747d09fc2d647d6ebc4bf394da4df5aeaf9171f7595a7b2,0.10283683399757138,173.63069587204404,182.98877166323,0b2dfc134b4933b23b09350fdfe938d0af718001cb10c8fbd346fea1287df689,1200,dcc1ab498ce6def47914,11,"{'zstandard': '0.25.0', 'brotli': '1.2.0', 'numpy': '2.4.3'}",7608,25,source,44280,0.0006534589992952533,118972,1.0,25,bc13a068e9b695efa3a12a7e4e48919eab86c6b7e9e55fea3ced39ddfa5b0d7d,ok,355,45931,25,0,1
65536,1710.16,0.1091250419995049,brotli,mixed,513077,4.312586154725482,96,575b54aa2332ad8e6e45652023cb8e286ff631a4d1721aef1d7e4bd696f3bee8,1485215,0,none,0,2.782710389671142,53eb9cd8d4aa893c2747d09fc2d647d6ebc4bf394da4df5aeaf9171f7595a7b2,0.104296624995186,342.21101736858805,358.57915870671604,0b2dfc134b4933b23b09350fdfe938d0af718001cb10c8fbd346fea1287df689,1200,7299c73de66b7c94c493,11,"{'zstandard': '0.25.0', 'brotli': '1.2.0', 'numpy': '2.4.3'}",61421,25,semantic,41103,0.004138999996939674,118972,12.483735668896884,25,bc13a068e9b695efa3a12a7e4e48919eab86c6b7e9e55fea3ced39ddfa5b0d7d,ok,355,42754,2,1366243,1
0,2314.36,0.0036936249962309375,gzip,mixed,56208,0.47244729852402245,96,575b54aa2332ad8e6e45652023cb8e286ff631a4d1721aef1d7e4bd696f3bee8,118972,0,none,0,2.056240170068615,53eb9cd8d4aa893c2747d09fc2d647d6ebc4bf394da4df5aeaf9171f7595a7b2,0.0025502080025034957,319.7566746105347,398.2818443027062,0b2dfc134b4933b23b09350fdfe938d0af718001cb10c8fbd346fea1287df689,1200,9a7640c41b1b54824fc8,9,"{'zstandard': '0.25.0', 'brotli': '1.2.0', 'numpy': '2.4.3'}",7608,25,source,56208,0.0003548340027919039,118972,1.0,25,bc13a068e9b695efa3a12a7e4e48919eab86c6b7e9e55fea3ced39ddfa5b0d7d,ok,355,57859,25,0,1
65536,2040.92,0.005913000000873581,gzip,mixed,616355,5.180672763339273,96,575b54aa2332ad8e6e45652023cb8e286ff631a4d1721aef1d7e4bd696f3bee8,1485215,0,none,0,2.3317327479764027,53eb9cd8d4aa893c2747d09fc2d647d6ebc4bf394da4df5aeaf9171f7595a7b2,0.004053707998536993,973.8969657264388,1002.6027712497371,0b2dfc134b4933b23b09350fdfe938d0af718001cb10c8fbd346fea1287df689,1200,2dff28ad33ffa7d81901,9,"{'zstandard': '0.25.0', 'brotli': '1.2.0', 'numpy': '2.4.3'}",61421,25,semantic,49372,0.0014543750003213063,118972,12.483735668896884,25,bc13a068e9b695efa3a12a7e4e48919eab86c6b7e9e55fea3ced39ddfa5b0d7d,ok,355,51023,2,1366243,1
0,2372.92,0.04460408299928531,xz,mixed,57672,0.48475271492452005,96,575b54aa2332ad8e6e45652023cb8e286ff631a4d1721aef1d7e4bd696f3bee8,118972,0,none,0,2.0054953390759063,53eb9cd8d4aa893c2747d09fc2d647d6ebc4bf394da4df5aeaf9171f7595a7b2,0.03407979199982947,22.7021334213954,21.991140535940406,0b2dfc134b4933b23b09350fdfe938d0af718001cb10c8fbd346fea1287df689,1200,7460c4a9b1d0e32400db,9,"{'zstandard': '0.25.0', 'brotli': '1.2.0', 'numpy': '2.4.3'}",7608,25,source,57672,0.004997791998903267,118972,1.0,25,bc13a068e9b695efa3a12a7e4e48919eab86c6b7e9e55fea3ced39ddfa5b0d7d,ok,355,59323,25,0,1
65536,1919.0,0.08998741699906532,xz,mixed,578332,4.861076555828262,96,575b54aa2332ad8e6e45652023cb8e286ff631a4d1721aef1d7e4bd696f3bee8,1485215,0,none,0,2.479874934861907,53eb9cd8d4aa893c2747d09fc2d647d6ebc4bf394da4df5aeaf9171f7595a7b2,0.03927537499839673,30.554725810047874,29.049921709818417,0b2dfc134b4933b23b09350fdfe938d0af718001cb10c8fbd346fea1287df689,1200,794c4244f4014622e74e,9,"{'zstandard': '0.25.0', 'brotli': '1.2.0', 'numpy': '2.4.3'}",61421,25,semantic,46324,0.04635654100275133,118972,12.483735668896884,25,bc13a068e9b695efa3a12a7e4e48919eab86c6b7e9e55fea3ced39ddfa5b0d7d,ok,355,47975,2,1366243,1
0,2356.32,0.0016544580066693015,zstd,mixed,57257,0.4812644992098981,96,575b54aa2332ad8e6e45652023cb8e286ff631a4d1721aef1d7e4bd696f3bee8,118972,0,none,0,2.019623820194201,53eb9cd8d4aa893c2747d09fc2d647d6ebc4bf394da4df5aeaf9171f7595a7b2,0.0009039169963216409,432.2306229611035,536.1395999204827,0b2dfc134b4933b23b09350fdfe938d0af718001cb10c8fbd346fea1287df689,1200,2a45f299cd64d6b83898,3,"{'zstandard': '0.25.0', 'brotli': '1.2.0', 'numpy': '2.4.3'}",7608,25,source,57257,0.00026250000519212335,118972,1.0,25,bc13a068e9b695efa3a12a7e4e48919eab86c6b7e9e55fea3ced39ddfa5b0d7d,ok,355,58908,25,0,1
0,2295.88,0.003113082995696459,zstd,mixed,55746,0.46856403187304574,96,575b54aa2332ad8e6e45652023cb8e286ff631a4d1721aef1d7e4bd696f3bee8,118972,0,none,0,2.0727912608672927,53eb9cd8d4aa893c2747d09fc2d647d6ebc4bf394da4df5aeaf9171f7595a7b2,0.0023980000041774474,470.0592112690033,534.0375107470015,0b2dfc134b4933b23b09350fdfe938d0af718001cb10c8fbd346fea1287df689,1200,4acd8b37ec8bbf3f5200,9,"{'zstandard': '0.25.0', 'brotli': '1.2.0', 'numpy': '2.4.3'}",7608,25,source,55746,0.0002413749971310608,118972,1.0,25,bc13a068e9b695efa3a12a7e4e48919eab86c6b7e9e55fea3ced39ddfa5b0d7d,ok,355,57397,25,0,1
0,2277.8,0.0065598750006756745,zstd,mixed,55294,0.46476481861278285,96,575b54aa2332ad8e6e45652023cb8e286ff631a4d1721aef1d7e4bd696f3bee8,118972,0,none,0,2.089244007375538,53eb9cd8d4aa893c2747d09fc2d647d6ebc4bf394da4df5aeaf9171f7595a7b2,0.005822709004860371,489.8458255306902,530.3976394055439,0b2dfc134b4933b23b09350fdfe938d0af718001cb10c8fbd346fea1287df689,1200,575cb7938b41466037a0,15,"{'zstandard': '0.25.0', 'brotli': '1.2.0', 'numpy': '2.4.3'}",7608,25,source,55294,0.0002316250029252842,118972,1.0,25,bc13a068e9b695efa3a12a7e4e48919eab86c6b7e9e55fea3ced39ddfa5b0d7d,ok,355,56945,25,0,1
0,2270.4,0.010913500002061483,zstd,mixed,55109,0.4632098308845779,96,575b54aa2332ad8e6e45652023cb8e286ff631a4d1721aef1d7e4bd696f3bee8,118972,0,none,0,2.0960535588442566,53eb9cd8d4aa893c2747d09fc2d647d6ebc4bf394da4df5aeaf9171f7595a7b2,0.010164084000280127,460.05287556759845,539.7511079697919,0b2dfc134b4933b23b09350fdfe938d0af718001cb10c8fbd346fea1287df689,1200,a6cfffdbdb6e10f2d5bc,19,"{'zstandard': '0.25.0', 'brotli': '1.2.0', 'numpy': '2.4.3'}",7608,25,source,55109,0.00024662500072736293,118972,1.0,25,bc13a068e9b695efa3a12a7e4e48919eab86c6b7e9e55fea3ced39ddfa5b0d7d,ok,355,56760,25,0,1
0,2270.4,0.011261165993346367,zstd,mixed,55109,0.4632098308845779,96,575b54aa2332ad8e6e45652023cb8e286ff631a4d1721aef1d7e4bd696f3bee8,118972,0,none,0,2.0960535588442566,53eb9cd8d4aa893c2747d09fc2d647d6ebc4bf394da4df5aeaf9171f7595a7b2,0.01043066699639894,474.895224345151,520.3633445306398,0b2dfc134b4933b23b09350fdfe938d0af718001cb10c8fbd346fea1287df689,1200,7b018ef5ba6e5ea544b5,22,"{'zstandard': '0.25.0', 'brotli': '1.2.0', 'numpy': '2.4.3'}",7608,25,source,55109,0.0002389169967500493,118972,1.0,25,bc13a068e9b695efa3a12a7e4e48919eab86c6b7e9e55fea3ced39ddfa5b0d7d,ok,355,56760,25,0,1
0,2319.2,0.663457707996713,zstd,mixed,48137,0.4046078068789295,96,575b54aa2332ad8e6e45652023cb8e286ff631a4d1721aef1d7e4bd696f3bee8,118972,8192,global,8192,2.0519489479130737,53eb9cd8d4aa893c2747d09fc2d647d6ebc4bf394da4df5aeaf9171f7595a7b2,0.01357300000381656,272.14244650818836,275.9475812250578,0b2dfc134b4933b23b09350fdfe938d0af718001cb10c8fbd346fea1287df689,1200,3747290bc145b5d2da5a,19,"{'zstandard': '0.25.0', 'brotli': '1.2.0', 'numpy': '2.4.3'}",7608,25,source,48137,0.0004169160019955598,118972,1.0,25,bc13a068e9b695efa3a12a7e4e48919eab86c6b7e9e55fea3ced39ddfa5b0d7d,ok,355,57980,25,0,1
0,2224.96,0.02202137499989476,zstd,mixed,45781,0.3848048280267626,96,575b54aa2332ad8e6e45652023cb8e286ff631a4d1721aef1d7e4bd696f3bee8,118972,8192,pack,8192,2.1388609233424423,53eb9cd8d4aa893c2747d09fc2d647d6ebc4bf394da4df5aeaf9171f7595a7b2,0.012333792001300026,290.211581408687,315.3871845743471,0b2dfc134b4933b23b09350fdfe938d0af718001cb10c8fbd346fea1287df689,1200,99cd8046da7f0f82c56c,19,"{'zstandard': '0.25.0', 'brotli': '1.2.0', 'numpy': '2.4.3'}",7608,25,source,45781,0.0003909580045728944,118972,1.0,25,bc13a068e9b695efa3a12a7e4e48919eab86c6b7e9e55fea3ced39ddfa5b0d7d,ok,355,55624,25,0,1
0,2589.12,0.6864659580023726,zstd,mixed,46693,0.39247049725985944,96,575b54aa2332ad8e6e45652023cb8e286ff631a4d1721aef1d7e4bd696f3bee8,118972,16384,global,16384,1.8380299097762947,53eb9cd8d4aa893c2747d09fc2d647d6ebc4bf394da4df5aeaf9171f7595a7b2,0.019331915995280724,275.4451541640085,292.07930006747983,0b2dfc134b4933b23b09350fdfe938d0af718001cb10c8fbd346fea1287df689,1200,bc49164c5993a1caeadc,19,"{'zstandard': '0.25.0', 'brotli': '1.2.0', 'numpy': '2.4.3'}",7608,25,source,46693,0.00041191699710907415,118972,1.0,25,bc13a068e9b695efa3a12a7e4e48919eab86c6b7e9e55fea3ced39ddfa5b0d7d,ok,355,64728,25,0,1
0,2410.92,0.029695500001253095,zstd,mixed,42238,0.35502471169686983,96,575b54aa2332ad8e6e45652023cb8e286ff631a4d1721aef1d7e4bd696f3bee8,118972,16384,pack,16384,1.9738854876976424,53eb9cd8d4aa893c2747d09fc2d647d6ebc4bf394da4df5aeaf9171f7595a7b2,0.01886883300176123,280.5242117598555,313.3550653211133,0b2dfc134b4933b23b09350fdfe938d0af718001cb10c8fbd346fea1287df689,1200,3135329340276fcdd5bd,19,"{'zstandard': '0.25.0', 'brotli': '1.2.0', 'numpy': '2.4.3'}",7608,25,source,42238,0.00040445899503538385,118972,1.0,25,bc13a068e9b695efa3a12a7e4e48919eab86c6b7e9e55fea3ced39ddfa5b0d7d,ok,355,60273,25,0,1
0,3171.76,0.6542740410004626,zstd,mixed,44875,0.377189590828094,96,575b54aa2332ad8e6e45652023cb8e286ff631a4d1721aef1d7e4bd696f3bee8,118972,32768,global,32768,1.5003909501349408,53eb9cd8d4aa893c2747d09fc2d647d6ebc4bf394da4df5aeaf9171f7595a7b2,0.03581516700069187,262.46273563565074,256.55294764138625,0b2dfc134b4933b23b09350fdfe938d0af718001cb10c8fbd346fea1287df689,1200,9ab98845a4f4bd3eda04,19,"{'zstandard': '0.25.0', 'brotli': '1.2.0', 'numpy': '2.4.3'}",7608,25,source,44875,0.00043229199945926666,118972,1.0,25,bc13a068e9b695efa3a12a7e4e48919eab86c6b7e9e55fea3ced39ddfa5b0d7d,ok,355,79294,25,0,1
0,2712.36,0.03935283300234005,zstd,mixed,33390,0.2806542715933161,96,575b54aa2332ad8e6e45652023cb8e286ff631a4d1721aef1d7e4bd696f3bee8,118972,32768,pack,32768,1.7545163621348199,53eb9cd8d4aa893c2747d09fc2d647d6ebc4bf394da4df5aeaf9171f7595a7b2,0.02784616699500475,310.17775135372966,348.34941931554545,0b2dfc134b4933b23b09350fdfe938d0af718001cb10c8fbd346fea1287df689,1200,59b45794d48b9ba068f3,19,"{'zstandard': '0.25.0', 'brotli': '1.2.0', 'numpy': '2.4.3'}",7608,25,source,33390,0.00036579200241249055,118972,1.0,25,bc13a068e9b695efa3a12a7e4e48919eab86c6b7e9e55fea3ced39ddfa5b0d7d,ok,355,67809,25,0,1
0,4402.76,0.6964233329999843,zstd,mixed,42882,0.3604377500588374,96,575b54aa2332ad8e6e45652023cb8e286ff631a4d1721aef1d7e4bd696f3bee8,118972,65536,global,65536,1.0808856262889641,53eb9cd8d4aa893c2747d09fc2d647d6ebc4bf394da4df5aeaf9171f7595a7b2,0.07523145800223574,240.12812682543765,271.49126167257714,0b2dfc134b4933b23b09350fdfe938d0af718001cb10c8fbd346fea1287df689,1200,381a6a13260036256aa1,19,"{'zstandard': '0.25.0', 'brotli': '1.2.0', 'numpy': '2.4.3'}",7608,25,source,42882,0.00047250000352505594,118972,1.0,25,bc13a068e9b695efa3a12a7e4e48919eab86c6b7e9e55fea3ced39ddfa5b0d7d,ok,355,110069,25,0,1
0,3507.4,0.0812197909981478,zstd,mixed,20498,0.1722926402851091,96,575b54aa2332ad8e6e45652023cb8e286ff631a4d1721aef1d7e4bd696f3bee8,118972,65536,pack,65536,1.3568113132234705,53eb9cd8d4aa893c2747d09fc2d647d6ebc4bf394da4df5aeaf9171f7595a7b2,0.0656040829999256,323.172978069252,392.03136814487726,0b2dfc134b4933b23b09350fdfe938d0af718001cb10c8fbd346fea1287df689,1200,cc086de6c7a613d0dc48,19,"{'zstandard': '0.25.0', 'brotli': '1.2.0', 'numpy': '2.4.3'}",7608,25,source,20498,0.0003510830065351911,118972,1.0,25,bc13a068e9b695efa3a12a7e4e48919eab86c6b7e9e55fea3ced39ddfa5b0d7d,ok,355,87685,25,0,1
16384,2131.2,0.0134470000048168,zstd,mixed,148047,1.2443852335003194,96,575b54aa2332ad8e6e45652023cb8e286ff631a4d1721aef1d7e4bd696f3bee8,342527,0,none,0,2.232957957957958,53eb9cd8d4aa893c2747d09fc2d647d6ebc4bf394da4df5aeaf9171f7595a7b2,0.012360708999040071,637.2806023250536,657.106104325568,0b2dfc134b4933b23b09350fdfe938d0af718001cb10c8fbd346fea1287df689,1200,98944d79ebacb0ef8b76,19,"{'zstandard': '0.25.0', 'brotli': '1.2.0', 'numpy': '2.4.3'}",16206,25,alphabetical,51629,0.0005125829993630759,118972,2.87905557610194,25,bc13a068e9b695efa3a12a7e4e48919eab86c6b7e9e55fea3ced39ddfa5b0d7d,ok,355,53280,9,223555,1
16384,2132.16,0.013184917006583419,zstd,mixed,145980,1.2270113976397807,96,575b54aa2332ad8e6e45652023cb8e286ff631a4d1721aef1d7e4bd696f3bee8,336240,0,none,0,2.231952573915654,53eb9cd8d4aa893c2747d09fc2d647d6ebc4bf394da4df5aeaf9171f7595a7b2,0.012069791999238078,611.5155244966074,635.0391424333618,0b2dfc134b4933b23b09350fdfe938d0af718001cb10c8fbd346fea1287df689,1200,84a9b515711c7202d422,19,"{'zstandard': '0.25.0', 'brotli': '1.2.0', 'numpy': '2.4.3'}",15859,25,random,51653,0.0005243749983492307,118972,2.8262112093601854,25,bc13a068e9b695efa3a12a7e4e48919eab86c6b7e9e55fea3ced39ddfa5b0d7d,ok,355,53304,9,217268,1
16384,2126.64,0.013227625000581611,zstd,mixed,145791,1.2254227885552904,96,575b54aa2332ad8e6e45652023cb8e286ff631a4d1721aef1d7e4bd696f3bee8,339115,0,none,0,2.237745927848625,53eb9cd8d4aa893c2747d09fc2d647d6ebc4bf394da4df5aeaf9171f7595a7b2,0.012218292002216913,646.1643598537697,660.4568178530006,0b2dfc134b4933b23b09350fdfe938d0af718001cb10c8fbd346fea1287df689,1200,f39434d4eb3f8e176e9b,19,"{'zstandard': '0.25.0', 'brotli': '1.2.0', 'numpy': '2.4.3'}",15966,25,semantic,51515,0.0005005000057280995,118972,2.850376559190398,25,bc13a068e9b695efa3a12a7e4e48919eab86c6b7e9e55fea3ced39ddfa5b0d7d,ok,355,53166,9,220143,1
16384,2119.64,0.0132274999996298,zstd,mixed,154237,1.29641428235215,96,575b54aa2332ad8e6e45652023cb8e286ff631a4d1721aef1d7e4bd696f3bee8,359226,0,none,0,2.2451359664848747,53eb9cd8d4aa893c2747d09fc2d647d6ebc4bf394da4df5aeaf9171f7595a7b2,0.012282374998903833,692.6736454903916,666.7599633891057,0b2dfc134b4933b23b09350fdfe938d0af718001cb10c8fbd346fea1287df689,1200,30f35ddecb27803236a2,19,"{'zstandard': '0.25.0', 'brotli': '1.2.0', 'numpy': '2.4.3'}",16206,25,source,51340,0.00049458300054539,118972,3.0194163332548833,25,bc13a068e9b695efa3a12a7e4e48919eab86c6b7e9e55fea3ced39ddfa5b0d7d,ok,355,52991,9,240254,1
32768,2027.4,0.016173916999832727,zstd,mixed,307708,2.5863900749756246,96,575b54aa2332ad8e6e45652023cb8e286ff631a4d1721aef1d7e4bd696f3bee8,746875,0,none,0,2.3472822334023875,53eb9cd8d4aa893c2747d09fc2d647d6ebc4bf394da4df5aeaf9171f7595a7b2,0.014100041997153312,546.5903163803292,410.5935293891206,0b2dfc134b4933b23b09350fdfe938d0af718001cb10c8fbd346fea1287df689,1200,e9101abb05431b366b38,19,"{'zstandard': '0.25.0', 'brotli': '1.2.0', 'numpy': '2.4.3'}",31896,25,alphabetical,49034,0.001303124998230487,118972,6.277737618935548,25,bc13a068e9b695efa3a12a7e4e48919eab86c6b7e9e55fea3ced39ddfa5b0d7d,ok,355,50685,4,627903,1
32768,2034.84,0.015958541000145487,zstd,mixed,308536,2.5933496957267255,96,575b54aa2332ad8e6e45652023cb8e286ff631a4d1721aef1d7e4bd696f3bee8,746694,0,none,0,2.338699848636748,53eb9cd8d4aa893c2747d09fc2d647d6ebc4bf394da4df5aeaf9171f7595a7b2,0.01452479200088419,732.5219425967526,806.5895801848081,0b2dfc134b4933b23b09350fdfe938d0af718001cb10c8fbd346fea1287df689,1200,6dcad71a6e1dc0217d60,19,"{'zstandard': '0.25.0', 'brotli': '1.2.0', 'numpy': '2.4.3'}",32647,25,random,49220,0.0009721249953145161,118972,6.2762162525636285,25,bc13a068e9b695efa3a12a7e4e48919eab86c6b7e9e55fea3ced39ddfa5b0d7d,ok,355,50871,4,627722,1
32768,2035.52,0.015371583001979161,zstd,mixed,287598,2.41735870625021,96,575b54aa2332ad8e6e45652023cb8e286ff631a4d1721aef1d7e4bd696f3bee8,697200,0,none,0,2.3379185662631663,53eb9cd8d4aa893c2747d09fc2d647d6ebc4bf394da4df5aeaf9171f7595a7b2,0.014018374997249339,723.0139798550067,720.1969116402114,0b2dfc134b4933b23b09350fdfe938d0af718001cb10c8fbd346fea1287df689,1200,af6bbb20849408ab73c0,19,"{'zstandard': '0.25.0', 'brotli': '1.2.0', 'numpy': '2.4.3'}",30309,25,semantic,49237,0.0009196250030072406,118972,5.860202400564839,25,bc13a068e9b695efa3a12a7e4e48919eab86c6b7e9e55fea3ced39ddfa5b0d7d,ok,355,50888,5,578228,1
32768,2028.28,0.015707083002780564,zstd,mixed,306307,2.5746141949366237,96,575b54aa2332ad8e6e45652023cb8e286ff631a4d1721aef1d7e4bd696f3bee8,745378,0,none,0,2.346263829451555,53eb9cd8d4aa893c2747d09fc2d647d6ebc4bf394da4df5aeaf9171f7595a7b2,0.014230499997211155,719.5122186270164,750.3607102903017,0b2dfc134b4933b23b09350fdfe938d0af718001cb10c8fbd346fea1287df689,1200,f4ebe937659857553505,19,"{'zstandard': '0.25.0', 'brotli': '1.2.0', 'numpy': '2.4.3'}",31896,25,source,49056,0.0009879580029519275,118972,6.265154826345695,25,bc13a068e9b695efa3a12a7e4e48919eab86c6b7e9e55fea3ced39ddfa5b0d7d,ok,355,50707,4,626406,1
65536,1948.12,0.01859695900202496,zstd,mixed,583935,4.908171670645194,96,575b54aa2332ad8e6e45652023cb8e286ff631a4d1721aef1d7e4bd696f3bee8,1475735,0,none,0,2.4428063979631647,53eb9cd8d4aa893c2747d09fc2d647d6ebc4bf394da4df5aeaf9171f7595a7b2,0.016427750000730157,807.2294067212346,716.9702545973709,0b2dfc134b4933b23b09350fdfe938d0af718001cb10c8fbd346fea1287df689,1200,93b711e4703178d9fe42,19,"{'zstandard': '0.25.0', 'brotli': '1.2.0', 'numpy': '2.4.3'}",63291,25,alphabetical,47052,0.0017434580004191957,118972,12.404053054500219,25,bc13a068e9b695efa3a12a7e4e48919eab86c6b7e9e55fea3ced39ddfa5b0d7d,ok,355,48703,2,1356763,1
65536,1954.0,0.01858479200018337,zstd,mixed,594162,4.994133073328178,96,575b54aa2332ad8e6e45652023cb8e286ff631a4d1721aef1d7e4bd696f3bee8,1498115,0,none,0,2.435455475946776,53eb9cd8d4aa893c2747d09fc2d647d6ebc4bf394da4df5aeaf9171f7595a7b2,0.016273542001727037,769.2456529433032,745.6317206451492,0b2dfc134b4933b23b09350fdfe938d0af718001cb10c8fbd346fea1287df689,1200,50a82d521846b14d159c,19,"{'zstandard': '0.25.0', 'brotli': '1.2.0', 'numpy': '2.4.3'}",63141,25,random,47199,0.0018572920016595162,118972,12.592164542917661,25,bc13a068e9b695efa3a12a7e4e48919eab86c6b7e9e55fea3ced39ddfa5b0d7d,ok,355,48850,2,1379143,1
65536,1946.88,0.031870999999227934,zstd,mixed,587043,4.934295464479037,96,575b54aa2332ad8e6e45652023cb8e286ff631a4d1721aef1d7e4bd696f3bee8,1485215,0,none,0,2.444362261669954,53eb9cd8d4aa893c2747d09fc2d647d6ebc4bf394da4df5aeaf9171f7595a7b2,0.01691279200167628,826.1767129072163,791.1233484228137,0b2dfc134b4933b23b09350fdfe938d0af718001cb10c8fbd346fea1287df689,1200,f7be04d80e16470598ec,19,"{'zstandard': '0.25.0', 'brotli': '1.2.0', 'numpy': '2.4.3'}",61421,25,semantic,47021,0.0017144169978564605,118972,12.483735668896884,25,bc13a068e9b695efa3a12a7e4e48919eab86c6b7e9e55fea3ced39ddfa5b0d7d,ok,355,48672,2,1366243,1
65536,1949.48,0.01846504199784249,zstd,mixed,582848,4.899035067074606,96,575b54aa2332ad8e6e45652023cb8e286ff631a4d1721aef1d7e4bd696f3bee8,1474505,0,none,0,2.441102242649322,53eb9cd8d4aa893c2747d09fc2d647d6ebc4bf394da4df5aeaf9171f7595a7b2,0.016246833998593502,793.3973052180629,714.9011883097992,0b2dfc134b4933b23b09350fdfe938d0af718001cb10c8fbd346fea1287df689,1200,0edc4c4141bc3461c24c,19,"{'zstandard': '0.25.0', 'brotli': '1.2.0', 'numpy': '2.4.3'}",63701,25,source,47086,0.0017723749988363124,118972,12.393714487442423,25,bc13a068e9b695efa3a12a7e4e48919eab86c6b7e9e55fea3ced39ddfa5b0d7d,ok,355,48737,2,1355533,1
131072,1865.72,0.02462091600318672,zstd,mixed,1124800,9.454325387486131,96,575b54aa2332ad8e6e45652023cb8e286ff631a4d1721aef1d7e4bd696f3bee8,2974300,0,none,0,2.5506935660227685,53eb9cd8d4aa893c2747d09fc2d647d6ebc4bf394da4df5aeaf9171f7595a7b2,0.02051729200320551,774.5011148607726,771.8404195386488,0b2dfc134b4933b23b09350fdfe938d0af718001cb10c8fbd346fea1287df689,1200,7c769424dcf72d3ff799,19,"{'zstandard': '0.25.0', 'brotli': '1.2.0', 'numpy': '2.4.3'}",118972,25,alphabetical,44992,0.003662374998384621,118972,25.0,25,bc13a068e9b695efa3a12a7e4e48919eab86c6b7e9e55fea3ced39ddfa5b0d7d,ok,355,46643,1,2855328,1
131072,1869.36,0.024279416997160297,zstd,mixed,1127075,9.473447533873516,96,575b54aa2332ad8e6e45652023cb8e286ff631a4d1721aef1d7e4bd696f3bee8,2974300,0,none,0,2.545726879787735,53eb9cd8d4aa893c2747d09fc2d647d6ebc4bf394da4df5aeaf9171f7595a7b2,0.020176541002001613,783.3599615841057,868.870172986196,0b2dfc134b4933b23b09350fdfe938d0af718001cb10c8fbd346fea1287df689,1200,e6a5ecd10dd2169cb4fa,19,"{'zstandard': '0.25.0', 'brotli': '1.2.0', 'numpy': '2.4.3'}",118972,25,random,45083,0.003620957999373786,118972,25.0,25,bc13a068e9b695efa3a12a7e4e48919eab86c6b7e9e55fea3ced39ddfa5b0d7d,ok,355,46734,1,2855328,1
131072,1863.08,0.024204291999922134,zstd,mixed,1123150,9.440456578018358,96,575b54aa2332ad8e6e45652023cb8e286ff631a4d1721aef1d7e4bd696f3bee8,2974300,0,none,0,2.5543079202181334,53eb9cd8d4aa893c2747d09fc2d647d6ebc4bf394da4df5aeaf9171f7595a7b2,0.020155999998678453,781.983000226254,780.4680308313415,0b2dfc134b4933b23b09350fdfe938d0af718001cb10c8fbd346fea1287df689,1200,224e0a49f64cd903ab97,19,"{'zstandard': '0.25.0', 'brotli': '1.2.0', 'numpy': '2.4.3'}",118972,25,semantic,44926,0.0036273339937906712,118972,25.0,25,bc13a068e9b695efa3a12a7e4e48919eab86c6b7e9e55fea3ced39ddfa5b0d7d,ok,355,46577,1,2855328,1
131072,1867.2,0.0240393749991199,zstd,mixed,1125725,9.462100326127157,96,575b54aa2332ad8e6e45652023cb8e286ff631a4d1721aef1d7e4bd696f3bee8,2974300,0,none,0,2.5486718080548414,53eb9cd8d4aa893c2747d09fc2d647d6ebc4bf394da4df5aeaf9171f7595a7b2,0.020075833999726456,810.1333796029852,798.0793350503188,0b2dfc134b4933b23b09350fdfe938d0af718001cb10c8fbd346fea1287df689,1200,6b64ff6ebdb8387f1444,19,"{'zstandard': '0.25.0', 'brotli': '1.2.0', 'numpy': '2.4.3'}",118972,25,source,45029,0.0035012919979635626,118972,25.0,25,bc13a068e9b695efa3a12a7e4e48919eab86c6b7e9e55fea3ced39ddfa5b0d7d,ok,355,46680,1,2855328,1
262144,1865.72,0.023912749995361082,zstd,mixed,1124800,9.454325387486131,96,575b54aa2332ad8e6e45652023cb8e286ff631a4d1721aef1d7e4bd696f3bee8,2974300,0,none,0,2.5506935660227685,53eb9cd8d4aa893c2747d09fc2d647d6ebc4bf394da4df5aeaf9171f7595a7b2,0.019847374998789746,790.1244310727399,780.4680308313415,0b2dfc134b4933b23b09350fdfe938d0af718001cb10c8fbd346fea1287df689,1200,21ca4ce14be8fa259bf4,19,"{'zstandard': '0.25.0', 'brotli': '1.2.0', 'numpy': '2.4.3'}",118972,25,alphabetical,44992,0.0035899579961551353,118972,25.0,25,bc13a068e9b695efa3a12a7e4e48919eab86c6b7e9e55fea3ced39ddfa5b0d7d,ok,355,46643,1,2855328,1
262144,1869.36,0.02438316700136056,zstd,mixed,1127075,9.473447533873516,96,575b54aa2332ad8e6e45652023cb8e286ff631a4d1721aef1d7e4bd696f3bee8,2974300,0,none,0,2.545726879787735,53eb9cd8d4aa893c2747d09fc2d647d6ebc4bf394da4df5aeaf9171f7595a7b2,0.020354708001832478,803.9245500377431,756.1918881717072,0b2dfc134b4933b23b09350fdfe938d0af718001cb10c8fbd346fea1287df689,1200,f628309aa0c208170afb,19,"{'zstandard': '0.25.0', 'brotli': '1.2.0', 'numpy': '2.4.3'}",118972,25,random,45083,0.0035283329998492263,118972,25.0,25,bc13a068e9b695efa3a12a7e4e48919eab86c6b7e9e55fea3ced39ddfa5b0d7d,ok,355,46734,1,2855328,1
262144,1863.08,0.02578654199896846,zstd,mixed,1123150,9.440456578018358,96,575b54aa2332ad8e6e45652023cb8e286ff631a4d1721aef1d7e4bd696f3bee8,2974300,0,none,0,2.5543079202181334,53eb9cd8d4aa893c2747d09fc2d647d6ebc4bf394da4df5aeaf9171f7595a7b2,0.02160487500077579,779.4405428087841,764.4764661876034,0b2dfc134b4933b23b09350fdfe938d0af718001cb10c8fbd346fea1287df689,1200,3db083eb6c4ed424076d,19,"{'zstandard': '0.25.0', 'brotli': '1.2.0', 'numpy': '2.4.3'}",118972,25,semantic,44926,0.003639165995991789,118972,25.0,25,bc13a068e9b695efa3a12a7e4e48919eab86c6b7e9e55fea3ced39ddfa5b0d7d,ok,355,46577,1,2855328,1
262144,1867.2,0.024437250001938082,zstd,mixed,1125725,9.462100326127157,96,575b54aa2332ad8e6e45652023cb8e286ff631a4d1721aef1d7e4bd696f3bee8,2974300,0,none,0,2.5486718080548414,53eb9cd8d4aa893c2747d09fc2d647d6ebc4bf394da4df5aeaf9171f7595a7b2,0.020351833998574875,795.5258703848658,767.2733196104958,0b2dfc134b4933b23b09350fdfe938d0af718001cb10c8fbd346fea1287df689,1200,23588d04b4162a87db9a,19,"{'zstandard': '0.25.0', 'brotli': '1.2.0', 'numpy': '2.4.3'}",118972,25,source,45029,0.0035655829997267574,118972,25.0,25,bc13a068e9b695efa3a12a7e4e48919eab86c6b7e9e55fea3ced39ddfa5b0d7d,ok,355,46680,1,2855328,1
0,2061.84,0.11358637500234181,brotli,thematic,49900,0.3664617712074144,96,575b54aa2332ad8e6e45652023cb8e286ff631a4d1721aef1d7e4bd696f3bee8,136167,0,none,0,2.641659876615062,53eb9cd8d4aa893c2747d09fc2d647d6ebc4bf394da4df5aeaf9171f7595a7b2,0.11192529200343415,190.5370042595838,205.70349673726272,0b2dfc134b4933b23b09350fdfe938d0af718001cb10c8fbd346fea1287df689,1200,662f92bfd40d7b25195e,11,"{'zstandard': '0.25.0', 'brotli': '1.2.0', 'numpy': '2.4.3'}",7955,25,source,49900,0.0006815419983468018,136167,1.0,25,a3fce12002f6651fd1ad341ec3c522d8367f142de41b0ba1db250432a2105f53,ok,350,51546,25,0,1
65536,1851.56,0.1196956669955398,brotli,thematic,479634,3.5223952940139682,96,575b54aa2332ad8e6e45652023cb8e286ff631a4d1721aef1d7e4bd696f3bee8,1473429,0,none,0,2.9416708073192335,53eb9cd8d4aa893c2747d09fc2d647d6ebc4bf394da4df5aeaf9171f7595a7b2,0.11510420800186694,366.5345465638915,349.47406471526324,0b2dfc134b4933b23b09350fdfe938d0af718001cb10c8fbd346fea1287df689,1200,6a71c2d310990ce20c7e,11,"{'zstandard': '0.25.0', 'brotli': '1.2.0', 'numpy': '2.4.3'}",64045,25,semantic,44643,0.0038336669967975467,136167,10.820749520809006,25,a3fce12002f6651fd1ad341ec3c522d8367f142de41b0ba1db250432a2105f53,ok,350,46289,3,1337262,1
0,2659.0,0.0035816250019706786,gzip,thematic,64829,0.4760992017155405,96,575b54aa2332ad8e6e45652023cb8e286ff631a4d1721aef1d7e4bd696f3bee8,136167,0,none,0,2.048394133132757,53eb9cd8d4aa893c2747d09fc2d647d6ebc4bf394da4df5aeaf9171f7595a7b2,0.0027321660018060356,393.5621237933769,454.78222513773665,0b2dfc134b4933b23b09350fdfe938d0af718001cb10c8fbd346fea1287df689,1200,f05995b0dbc1c48ba221,9,"{'zstandard': '0.25.0', 'brotli': '1.2.0', 'numpy': '2.4.3'}",7955,25,source,64829,0.00032995799847412854,136167,1.0,25,a3fce12002f6651fd1ad341ec3c522d8367f142de41b0ba1db250432a2105f53,ok,350,66475,25,0,1
65536,2231.28,0.0059421250043669716,gzip,thematic,579383,4.254944296341992,96,575b54aa2332ad8e6e45652023cb8e286ff631a4d1721aef1d7e4bd696f3bee8,1473429,0,none,0,2.441056254705819,53eb9cd8d4aa893c2747d09fc2d647d6ebc4bf394da4df5aeaf9171f7595a7b2,0.0040968750035972334,1002.3213904877207,989.4016615127018,0b2dfc134b4933b23b09350fdfe938d0af718001cb10c8fbd346fea1287df689,1200,b8977da02aba578c575d,9,"{'zstandard': '0.25.0', 'brotli': '1.2.0', 'numpy': '2.4.3'}",64045,25,semantic,54136,0.0014019169975654222,136167,10.820749520809006,25,a3fce12002f6651fd1ad341ec3c522d8367f142de41b0ba1db250432a2105f53,ok,350,55782,3,1337262,1
0,2710.32,0.04934299999877112,xz,thematic,66112,0.4855214552718353,96,575b54aa2332ad8e6e45652023cb8e286ff631a4d1721aef1d7e4bd696f3bee8,136167,0,none,0,2.0096077215974497,53eb9cd8d4aa893c2747d09fc2d647d6ebc4bf394da4df5aeaf9171f7595a7b2,0.03717362499446608,22.319410130666437,21.939961929871625,0b2dfc134b4933b23b09350fdfe938d0af718001cb10c8fbd346fea1287df689,1200,dddf2f8512d712438649,9,"{'zstandard': '0.25.0', 'brotli': '1.2.0', 'numpy': '2.4.3'}",7955,25,source,66112,0.0058182080028927885,136167,1.0,25,a3fce12002f6651fd1ad341ec3c522d8367f142de41b0ba1db250432a2105f53,ok,350,67758,25,0,1
65536,2094.0,0.09142608299589483,xz,thematic,540220,3.967334229291972,96,575b54aa2332ad8e6e45652023cb8e286ff631a4d1721aef1d7e4bd696f3bee8,1473429,0,none,0,2.6010888252149,53eb9cd8d4aa893c2747d09fc2d647d6ebc4bf394da4df5aeaf9171f7595a7b2,0.04514341700269142,33.64837125004315,31.76848078738398,0b2dfc134b4933b23b09350fdfe938d0af718001cb10c8fbd346fea1287df689,1200,7d22c961d1ea2428b2e2,9,"{'zstandard': '0.25.0', 'brotli': '1.2.0', 'numpy': '2.4.3'}",64045,25,semantic,50704,0.04176045799977146,136167,10.820749520809006,25,a3fce12002f6651fd1ad341ec3c522d8367f142de41b0ba1db250432a2105f53,ok,350,52350,3,1337262,1
0,2699.8,0.001622541996766813,zstd,thematic,65849,0.48359000345164393,96,575b54aa2332ad8e6e45652023cb8e286ff631a4d1721aef1d7e4bd696f3bee8,136167,0,none,0,2.0174383287650937,53eb9cd8d4aa893c2747d09fc2d647d6ebc4bf394da4df5aeaf9171f7595a7b2,0.0008729590044822544,516.4220405505027,560.8441289901702,0b2dfc134b4933b23b09350fdfe938d0af718001cb10c8fbd346fea1287df689,1200,61a87f3f299a2a8247d3,3,"{'zstandard': '0.25.0', 'brotli': '1.2.0', 'numpy': '2.4.3'}",7955,25,source,65849,0.0002514590014470741,136167,1.0,25,a3fce12002f6651fd1ad341ec3c522d8367f142de41b0ba1db250432a2105f53,ok,350,67495,25,0,1
0,2628.16,0.00399512500007404,zstd,thematic,64058,0.47043703687383875,96,575b54aa2332ad8e6e45652023cb8e286ff631a4d1721aef1d7e4bd696f3bee8,136167,0,none,0,2.072430902228175,53eb9cd8d4aa893c2747d09fc2d647d6ebc4bf394da4df5aeaf9171f7595a7b2,0.0027750000008381903,502.59881641608087,268.9521451019741,0b2dfc134b4933b23b09350fdfe938d0af718001cb10c8fbd346fea1287df689,1200,33923f1e02172d9cb8c8,9,"{'zstandard': '0.25.0', 'brotli': '1.2.0', 'numpy': '2.4.3'}",7955,25,source,64058,0.00025837500288616866,136167,1.0,25,a3fce12002f6651fd1ad341ec3c522d8367f142de41b0ba1db250432a2105f53,ok,350,65704,25,0,1
0,2607.52,0.007520209001086187,zstd,thematic,63542,0.4666475724661629,96,575b54aa2332ad8e6e45652023cb8e286ff631a4d1721aef1d7e4bd696f3bee8,136167,0,none,0,2.088835368472725,53eb9cd8d4aa893c2747d09fc2d647d6ebc4bf394da4df5aeaf9171f7595a7b2,0.006672208997770213,496.59262655839746,586.4905116672392,0b2dfc134b4933b23b09350fdfe938d0af718001cb10c8fbd346fea1287df689,1200,cdf2cbe2b357fcedc247,15,"{'zstandard': '0.25.0', 'brotli': '1.2.0', 'numpy': '2.4.3'}",7955,25,source,63542,0.00026149999757763,136167,1.0,25,a3fce12002f6651fd1ad341ec3c522d8367f142de41b0ba1db250432a2105f53,ok,350,65188,25,0,1
0,2598.92,0.01231716700567631,zstd,thematic,63327,0.4650686289629646,96,575b54aa2332ad8e6e45652023cb8e286ff631a4d1721aef1d7e4bd696f3bee8,136167,0,none,0,2.0957474643313376,53eb9cd8d4aa893c2747d09fc2d647d6ebc4bf394da4df5aeaf9171f7595a7b2,0.011521792002895381,485.22735308750725,607.7633423685602,0b2dfc134b4933b23b09350fdfe938d0af718001cb10c8fbd346fea1287df689,1200,569e1f40a90015ae969d,19,"{'zstandard': '0.25.0', 'brotli': '1.2.0', 'numpy': '2.4.3'}",7955,25,source,63327,0.0002676250005606562,136167,1.0,25,a3fce12002f6651fd1ad341ec3c522d8367f142de41b0ba1db250432a2105f53,ok,350,64973,25,0,1
0,2598.92,0.012217708004754968,zstd,thematic,63327,0.4650686289629646,96,575b54aa2332ad8e6e45652023cb8e286ff631a4d1721aef1d7e4bd696f3bee8,136167,0,none,0,2.0957474643313376,53eb9cd8d4aa893c2747d09fc2d647d6ebc4bf394da4df5aeaf9171f7595a7b2,0.011398208000173327,529.3171720256095,564.7073381973662,0b2dfc134b4933b23b09350fdfe938d0af718001cb10c8fbd346fea1287df689,1200,4490ea0ae795ec6d73a8,22,"{'zstandard': '0.25.0', 'brotli': '1.2.0', 'numpy': '2.4.3'}",7955,25,source,63327,0.00024533300165785477,136167,1.0,25,a3fce12002f6651fd1ad341ec3c522d8367f142de41b0ba1db250432a2105f53,ok,350,64973,25,0,1
0,2574.16,0.016334665997419506,zstd,thematic,54516,0.40036132102491795,96,575b54aa2332ad8e6e45652023cb8e286ff631a4d1721aef1d7e4bd696f3bee8,136167,8192,global,8192,2.115905771203033,53eb9cd8d4aa893c2747d09fc2d647d6ebc4bf394da4df5aeaf9171f7595a7b2,0.015163542004302144,300.8313585416471,331.09720045153057,0b2dfc134b4933b23b09350fdfe938d0af718001cb10c8fbd346fea1287df689,1200,132184ac5aadaecca699,19,"{'zstandard': '0.25.0', 'brotli': '1.2.0', 'numpy': '2.4.3'}",7955,25,source,54516,0.0004316670019761659,136167,1.0,25,a3fce12002f6651fd1ad341ec3c522d8367f142de41b0ba1db250432a2105f53,ok,350,64354,25,0,1
0,2434.36,0.026245792003464885,zstd,thematic,51021,0.37469430919385754,96,575b54aa2332ad8e6e45652023cb8e286ff631a4d1721aef1d7e4bd696f3bee8,136167,8192,pack,8192,2.2374176374899357,53eb9cd8d4aa893c2747d09fc2d647d6ebc4bf394da4df5aeaf9171f7595a7b2,0.016498917000717483,300.6572366060434,329.48676062794715,0b2dfc134b4933b23b09350fdfe938d0af718001cb10c8fbd346fea1287df689,1200,54f0e5cccb9f948e985a,19,"{'zstandard': '0.25.0', 'brotli': '1.2.0', 'numpy': '2.4.3'}",7955,25,source,51021,0.00043191699660383165,136167,1.0,25,a3fce12002f6651fd1ad341ec3c522d8367f142de41b0ba1db250432a2105f53,ok,350,60859,25,0,1
0,2837.08,0.02145862500037765,zstd,thematic,52897,0.38847150924967133,96,575b54aa2332ad8e6e45652023cb8e286ff631a4d1721aef1d7e4bd696f3bee8,136167,16384,global,16384,1.919818968798906,53eb9cd8d4aa893c2747d09fc2d647d6ebc4bf394da4df5aeaf9171f7595a7b2,0.020265917002689093,296.4254915198838,298.4694159288288,0b2dfc134b4933b23b09350fdfe938d0af718001cb10c8fbd346fea1287df689,1200,88109dd5f0bbe5f64c6c,19,"{'zstandard': '0.25.0', 'brotli': '1.2.0', 'numpy': '2.4.3'}",7955,25,source,52897,0.0004380830068839714,136167,1.0,25,a3fce12002f6651fd1ad341ec3c522d8367f142de41b0ba1db250432a2105f53,ok,350,70927,25,0,1
0,2561.32,0.03295770899421768,zstd,thematic,46003,0.3378425022215368,96,575b54aa2332ad8e6e45652023cb8e286ff631a4d1721aef1d7e4bd696f3bee8,136167,16384,pack,16384,2.1265128917901706,53eb9cd8d4aa893c2747d09fc2d647d6ebc4bf394da4df5aeaf9171f7595a7b2,0.02237391599919647,317.4391731351449,357.9018743380211,0b2dfc134b4933b23b09350fdfe938d0af718001cb10c8fbd346fea1287df689,1200,7affea7c30b4369fecd9,19,"{'zstandard': '0.25.0', 'brotli': '1.2.0', 'numpy': '2.4.3'}",7955,25,source,46003,0.0004090830043423921,136167,1.0,25,a3fce12002f6651fd1ad341ec3c522d8367f142de41b0ba1db250432a2105f53,ok,350,64033,25,0,1
0,3392.6,0.03914300000178628,zstd,thematic,50401,0.37014107676603,96,575b54aa2332ad8e6e45652023cb8e286ff631a4d1721aef1d7e4bd696f3bee8,136167,32768,global,32768,1.6054589400459824,53eb9cd8d4aa893c2747d09fc2d647d6ebc4bf394da4df5aeaf9171f7595a7b2,0.03786920899437973,282.583462948067,315.0326314541628,0b2dfc134b4933b23b09350fdfe938d0af718001cb10c8fbd346fea1287df689,1200,19d0a9590182a592f681,19,"{'zstandard': '0.25.0', 'brotli': '1.2.0', 'numpy': '2.4.3'}",7955,25,source,50401,0.0004595420032273978,136167,1.0,25,a3fce12002f6651fd1ad341ec3c522d8367f142de41b0ba1db250432a2105f53,ok,350,84815,25,0,1
0,2924.2,0.05013058299664408,zstd,thematic,38691,0.2841437352662539,96,575b54aa2332ad8e6e45652023cb8e286ff631a4d1721aef1d7e4bd696f3bee8,136167,32768,pack,32768,1.8626222556596677,53eb9cd8d4aa893c2747d09fc2d647d6ebc4bf394da4df5aeaf9171f7595a7b2,0.03723541699582711,309.00409003170273,328.1338477620736,0b2dfc134b4933b23b09350fdfe938d0af718001cb10c8fbd346fea1287df689,1200,2dde7cef0202232110bd,19,"{'zstandard': '0.25.0', 'brotli': '1.2.0', 'numpy': '2.4.3'}",7955,25,source,38691,0.00042025000584544614,136167,1.0,25,a3fce12002f6651fd1ad341ec3c522d8367f142de41b0ba1db250432a2105f53,ok,350,73105,25,0,1
0,4617.84,0.08067208300053608,zstd,thematic,48264,0.35444711273656615,96,575b54aa2332ad8e6e45652023cb8e286ff631a4d1721aef1d7e4bd696f3bee8,136167,65536,global,65536,1.179486513174991,53eb9cd8d4aa893c2747d09fc2d647d6ebc4bf394da4df5aeaf9171f7595a7b2,0.07920858299621614,254.6668778274461,290.32258418395213,0b2dfc134b4933b23b09350fdfe938d0af718001cb10c8fbd346fea1287df689,1200,5297dfc073ea0d3c27de,19,"{'zstandard': '0.25.0', 'brotli': '1.2.0', 'numpy': '2.4.3'}",7955,25,source,48264,0.0005099170011817478,136167,1.0,25,a3fce12002f6651fd1ad341ec3c522d8367f142de41b0ba1db250432a2105f53,ok,350,115446,25,0,1
0,3659.24,0.08329595800023526,zstd,thematic,24299,0.17844999155448824,96,575b54aa2332ad8e6e45652023cb8e286ff631a4d1721aef1d7e4bd696f3bee8,136167,65536,pack,65536,1.4884730162547415,53eb9cd8d4aa893c2747d09fc2d647d6ebc4bf394da4df5aeaf9171f7595a7b2,0.06701525000244146,354.16051234972315,418.56234828368076,0b2dfc134b4933b23b09350fdfe938d0af718001cb10c8fbd346fea1287df689,1200,0ae4750b6204992ce9fb,19,"{'zstandard': '0.25.0', 'brotli': '1.2.0', 'numpy': '2.4.3'}",7955,25,source,24299,0.000366666994523257,136167,1.0,25,a3fce12002f6651fd1ad341ec3c522d8367f142de41b0ba1db250432a2105f53,ok,350,91481,25,0,1
16384,2388.92,0.01533154200296849,zstd,thematic,146382,1.075018176210095,96,575b54aa2332ad8e6e45652023cb8e286ff631a4d1721aef1d7e4bd696f3bee8,344601,0,none,0,2.279975888686101,53eb9cd8d4aa893c2747d09fc2d647d6ebc4bf394da4df5aeaf9171f7595a7b2,0.01417720800236566,676.09261616695,624.3219812768621,0b2dfc134b4933b23b09350fdfe938d0af718001cb10c8fbd346fea1287df689,1200,39365388c5340463f9fa,19,"{'zstandard': '0.25.0', 'brotli': '1.2.0', 'numpy': '2.4.3'}",16284,25,alphabetical,58077,0.0004860829940298572,136167,2.5307233030029304,25,a3fce12002f6651fd1ad341ec3c522d8367f142de41b0ba1db250432a2105f53,ok,350,59723,10,208434,1
16384,2398.44,0.015620791004039347,zstd,thematic,148422,1.0899997796823018,96,575b54aa2332ad8e6e45652023cb8e286ff631a4d1721aef1d7e4bd696f3bee8,348462,0,none,0,2.270926101966278,53eb9cd8d4aa893c2747d09fc2d647d6ebc4bf394da4df5aeaf9171f7595a7b2,0.01458095899579348,688.2695585144336,674.0073536392629,0b2dfc134b4933b23b09350fdfe938d0af718001cb10c8fbd346fea1287df689,1200,7e0e4e0d3482e1cfb3b2,19,"{'zstandard': '0.25.0', 'brotli': '1.2.0', 'numpy': '2.4.3'}",15965,25,random,58315,0.00048283300566254184,136167,2.559078190751063,25,a3fce12002f6651fd1ad341ec3c522d8367f142de41b0ba1db250432a2105f53,ok,350,59961,10,212295,1
16384,2421.56,0.015032040995720308,zstd,thematic,135602,0.9958506833520603,96,575b54aa2332ad8e6e45652023cb8e286ff631a4d1721aef1d7e4bd696f3bee8,314536,0,none,0,2.2492442888055635,53eb9cd8d4aa893c2747d09fc2d647d6ebc4bf394da4df5aeaf9171f7595a7b2,0.013994875000207685,637.9408831844137,660.0201834880028,0b2dfc134b4933b23b09350fdfe938d0af718001cb10c8fbd346fea1287df689,1200,585eea19b5cfa0e04765,19,"{'zstandard': '0.25.0', 'brotli': '1.2.0', 'numpy': '2.4.3'}",14486,25,semantic,58893,0.0004702079968410544,136167,2.309928249869645,25,a3fce12002f6651fd1ad341ec3c522d8367f142de41b0ba1db250432a2105f53,ok,350,60539,11,178369,1
16384,2382.56,0.015579958002490457,zstd,thematic,149823,1.100288616184538,96,575b54aa2332ad8e6e45652023cb8e286ff631a4d1721aef1d7e4bd696f3bee8,353563,0,none,0,2.2860620509032303,53eb9cd8d4aa893c2747d09fc2d647d6ebc4bf394da4df5aeaf9171f7595a7b2,0.014511583998682909,667.2510119227204,703.686282154066,0b2dfc134b4933b23b09350fdfe938d0af718001cb10c8fbd346fea1287df689,1200,4905d86d9c8f3875fbb5,19,"{'zstandard': '0.25.0', 'brotli': '1.2.0', 'numpy': '2.4.3'}",16312,25,source,57918,0.0005053329950897023,136167,2.596539543354851,25,a3fce12002f6651fd1ad341ec3c522d8367f142de41b0ba1db250432a2105f53,ok,350,59564,10,217396,1
32768,2249.24,0.01815491700108396,zstd,thematic,276416,2.0299778947909553,96,575b54aa2332ad8e6e45652023cb8e286ff631a4d1721aef1d7e4bd696f3bee8,692442,0,none,0,2.421564617381871,53eb9cd8d4aa893c2747d09fc2d647d6ebc4bf394da4df5aeaf9171f7595a7b2,0.01672804199915845,763.4267625786482,788.2183202382292,0b2dfc134b4933b23b09350fdfe938d0af718001cb10c8fbd346fea1287df689,1200,4db610dbe08353a96795,19,"{'zstandard': '0.25.0', 'brotli': '1.2.0', 'numpy': '2.4.3'}",29824,25,alphabetical,54585,0.0008650000017951243,136167,5.085240917402895,25,a3fce12002f6651fd1ad341ec3c522d8367f142de41b0ba1db250432a2105f53,ok,350,56231,5,556275,1
32768,2253.08,0.01854629099398153,zstd,thematic,283776,2.084029170063231,96,575b54aa2332ad8e6e45652023cb8e286ff631a4d1721aef1d7e4bd696f3bee8,707792,0,none,0,2.4174374633834574,53eb9cd8d4aa893c2747d09fc2d647d6ebc4bf394da4df5aeaf9171f7595a7b2,0.01712812500045402,780.0870126470733,752.0818951251766,0b2dfc134b4933b23b09350fdfe938d0af718001cb10c8fbd346fea1287df689,1200,549e4eb98b74275912ee,19,"{'zstandard': '0.25.0', 'brotli': '1.2.0', 'numpy': '2.4.3'}",31121,25,random,54681,0.0008652920005260967,136167,5.197970139607981,25,a3fce12002f6651fd1ad341ec3c522d8367f142de41b0ba1db250432a2105f53,ok,350,56327,5,571625,1
32768,2252.72,0.01952908399834996,zstd,thematic,276364,2.0295960107808795,96,575b54aa2332ad8e6e45652023cb8e286ff631a4d1721aef1d7e4bd696f3bee8,689508,0,none,0,2.4178237863560494,53eb9cd8d4aa893c2747d09fc2d647d6ebc4bf394da4df5aeaf9171f7595a7b2,0.018061458999000024,725.8568640782166,794.652731440511,0b2dfc134b4933b23b09350fdfe938d0af718001cb10c8fbd346fea1287df689,1200,e58f40e37c3775818d81,19,"{'zstandard': '0.25.0', 'brotli': '1.2.0', 'numpy': '2.4.3'}",30364,25,semantic,54672,0.0009059169969987124,136167,5.063693846526691,25,a3fce12002f6651fd1ad341ec3c522d8367f142de41b0ba1db250432a2105f53,ok,350,56318,5,553341,1
32768,2242.44,0.018828500004019588,zstd,thematic,289238,2.1241416789677383,96,575b54aa2332ad8e6e45652023cb8e286ff631a4d1721aef1d7e4bd696f3bee8,729056,0,none,0,2.42890779686413,53eb9cd8d4aa893c2747d09fc2d647d6ebc4bf394da4df5aeaf9171f7595a7b2,0.017362042002787348,755.2626791870036,744.35235387497,0b2dfc134b4933b23b09350fdfe938d0af718001cb10c8fbd346fea1287df689,1200,4489a07889ca20231c9e,19,"{'zstandard': '0.25.0', 'brotli': '1.2.0', 'numpy': '2.4.3'}",32040,25,source,54415,0.0009205829992424697,136167,5.354131324035927,25,a3fce12002f6651fd1ad341ec3c522d8367f142de41b0ba1db250432a2105f53,ok,350,56061,5,592889,1
65536,2115.56,0.02195087500149384,zstd,thematic,555018,4.076009605851638,96,575b54aa2332ad8e6e45652023cb8e286ff631a4d1721aef1d7e4bd696f3bee8,1487355,0,none,0,2.5745807256707445,53eb9cd8d4aa893c2747d09fc2d647d6ebc4bf394da4df5aeaf9171f7595a7b2,0.01993683399632573,916.238844949455,978.2220050061877,0b2dfc134b4933b23b09350fdfe938d0af718001cb10c8fbd346fea1287df689,1200,52c5d9bd32e6914d9266,19,"{'zstandard': '0.25.0', 'brotli': '1.2.0', 'numpy': '2.4.3'}",64389,25,alphabetical,51243,0.0015481250011362135,136167,10.92302099627663,25,a3fce12002f6651fd1ad341ec3c522d8367f142de41b0ba1db250432a2105f53,ok,350,52889,3,1351188,1
65536,2129.8,0.021819124995090533,zstd,thematic,546411,4.012800458260812,96,575b54aa2332ad8e6e45652023cb8e286ff631a4d1721aef1d7e4bd696f3bee8,1455950,0,none,0,2.557366888909757,53eb9cd8d4aa893c2747d09fc2d647d6ebc4bf394da4df5aeaf9171f7595a7b2,0.019723792000149842,887.1033328375341,847.8260447239081,0b2dfc134b4933b23b09350fdfe938d0af718001cb10c8fbd346fea1287df689,1200,dfad45747ffe05c6ece8,19,"{'zstandard': '0.25.0', 'brotli': '1.2.0', 'numpy': '2.4.3'}",64178,25,random,51599,0.0015652090005460195,136167,10.692385085960622,25,a3fce12002f6651fd1ad341ec3c522d8367f142de41b0ba1db250432a2105f53,ok,350,53245,3,1319783,1
65536,2117.64,0.03370745899883332,zstd,thematic,547903,4.023757591780681,96,575b54aa2332ad8e6e45652023cb8e286ff631a4d1721aef1d7e4bd696f3bee8,1473429,0,none,0,2.5720519068396897,53eb9cd8d4aa893c2747d09fc2d647d6ebc4bf394da4df5aeaf9171f7595a7b2,0.01927679200161947,1006.9001107768355,980.3784589952731,0b2dfc134b4933b23b09350fdfe938d0af718001cb10c8fbd346fea1287df689,1200,1dfd70744e8b6313c9a4,19,"{'zstandard': '0.25.0', 'brotli': '1.2.0', 'numpy': '2.4.3'}",64045,25,semantic,51295,0.0013955419999547303,136167,10.820749520809006,25,a3fce12002f6651fd1ad341ec3c522d8367f142de41b0ba1db250432a2105f53,ok,350,52941,3,1337262,1
65536,2106.92,0.022733584002708085,zstd,thematic,575925,4.229549009671947,96,575b54aa2332ad8e6e45652023cb8e286ff631a4d1721aef1d7e4bd696f3bee8,1551207,0,none,0,2.585138496003645,53eb9cd8d4aa893c2747d09fc2d647d6ebc4bf394da4df5aeaf9171f7595a7b2,0.02039995899394853,821.1747318297689,794.8521547233557,0b2dfc134b4933b23b09350fdfe938d0af718001cb10c8fbd346fea1287df689,1200,857da871adab606e4f82,19,"{'zstandard': '0.25.0', 'brotli': '1.2.0', 'numpy': '2.4.3'}",64659,25,source,51027,0.0018014999950537458,136167,11.391945184956707,25,a3fce12002f6651fd1ad341ec3c522d8367f142de41b0ba1db250432a2105f53,ok,350,52673,3,1415040,1
131072,1990.52,0.027042583002184983,zstd,thematic,1031406,7.574566524928947,96,575b54aa2332ad8e6e45652023cb8e286ff631a4d1721aef1d7e4bd696f3bee8,2959095,0,none,0,2.7363101099210256,53eb9cd8d4aa893c2747d09fc2d647d6ebc4bf394da4df5aeaf9171f7595a7b2,0.023766250000335276,1005.3036098964615,986.8902395651412,0b2dfc134b4933b23b09350fdfe938d0af718001cb10c8fbd346fea1287df689,1200,3363a127342641431c50,19,"{'zstandard': '0.25.0', 'brotli': '1.2.0', 'numpy': '2.4.3'}",127941,25,alphabetical,48117,0.0028071250053471886,136167,21.731366630681443,25,a3fce12002f6651fd1ad341ec3c522d8367f142de41b0ba1db250432a2105f53,ok,350,49763,2,2822928,1
131072,1983.6,0.028683541997452267,zstd,thematic,1071168,7.86657560201811,96,575b54aa2332ad8e6e45652023cb8e286ff631a4d1721aef1d7e4bd696f3bee8,3085043,0,none,0,2.7458560193587416,53eb9cd8d4aa893c2747d09fc2d647d6ebc4bf394da4df5aeaf9171f7595a7b2,0.024962084004073404,929.2758197702469,776.4362957392906,0b2dfc134b4933b23b09350fdfe938d0af718001cb10c8fbd346fea1287df689,1200,67317ab12ac30fcf2c3d,19,"{'zstandard': '0.25.0', 'brotli': '1.2.0', 'numpy': '2.4.3'}",128212,25,random,47944,0.003166041999065783,136167,22.656319078778264,25,a3fce12002f6651fd1ad341ec3c522d8367f142de41b0ba1db250432a2105f53,ok,350,49590,2,2948876,1
131072,1982.44,0.027509375002409797,zstd,thematic,1089930,8.00436229042279,96,575b54aa2332ad8e6e45652023cb8e286ff631a4d1721aef1d7e4bd696f3bee8,3145579,0,none,0,2.747462722705353,53eb9cd8d4aa893c2747d09fc2d647d6ebc4bf394da4df5aeaf9171f7595a7b2,0.02406087500276044,1007.7062621885311,848.5184879118898,0b2dfc134b4933b23b09350fdfe938d0af718001cb10c8fbd346fea1287df689,1200,9b1720e37808dae5bf3a,19,"{'zstandard': '0.25.0', 'brotli': '1.2.0', 'numpy': '2.4.3'}",130844,25,semantic,47915,0.002976916999614332,136167,23.100890817892736,25,a3fce12002f6651fd1ad341ec3c522d8367f142de41b0ba1db250432a2105f53,ok,350,49561,2,3009412,1
131072,1979.92,0.02972612500161631,zstd,thematic,1072341,7.875190024014629,96,575b54aa2332ad8e6e45652023cb8e286ff631a4d1721aef1d7e4bd696f3bee8,3094887,0,none,0,2.7509596347327165,53eb9cd8d4aa893c2747d09fc2d647d6ebc4bf394da4df5aeaf9171f7595a7b2,0.025845416996162385,865.8958502868651,859.0431270652805,0b2dfc134b4933b23b09350fdfe938d0af718001cb10c8fbd346fea1287df689,1200,5d262999b16c6b951447,19,"{'zstandard': '0.25.0', 'brotli': '1.2.0', 'numpy': '2.4.3'}",128640,25,source,47852,0.0034086250016116537,136167,22.728612659454935,25,a3fce12002f6651fd1ad341ec3c522d8367f142de41b0ba1db250432a2105f53,ok,350,49498,2,2958720,1
262144,1945.36,0.029552792002505157,zstd,thematic,1174700,8.626906666079153,96,575b54aa2332ad8e6e45652023cb8e286ff631a4d1721aef1d7e4bd696f3bee8,3404175,0,none,0,2.799831393675207,53eb9cd8d4aa893c2747d09fc2d647d6ebc4bf394da4df5aeaf9171f7595a7b2,0.025872833997709677,1001.4573206129342,1052.1968051154374,0b2dfc134b4933b23b09350fdfe938d0af718001cb10c8fbd346fea1287df689,1200,3622d4f5305e5a3cbe45,19,"{'zstandard': '0.25.0', 'brotli': '1.2.0', 'numpy': '2.4.3'}",136167,25,alphabetical,46988,0.0032417499969596975,136167,25.0,25,a3fce12002f6651fd1ad341ec3c522d8367f142de41b0ba1db250432a2105f53,ok,350,48634,1,3268008,1
262144,1948.04,0.03015074999711942,zstd,thematic,1176375,8.639207737557559,96,575b54aa2332ad8e6e45652023cb8e286ff631a4d1721aef1d7e4bd696f3bee8,3404175,0,none,0,2.7959795486745653,53eb9cd8d4aa893c2747d09fc2d647d6ebc4bf394da4df5aeaf9171f7595a7b2,0.02592424999602372,873.3145246624877,869.1101928024527,0b2dfc134b4933b23b09350fdfe938d0af718001cb10c8fbd346fea1287df689,1200,d1526ec30627d846d4ba,19,"{'zstandard': '0.25.0', 'brotli': '1.2.0', 'numpy': '2.4.3'}",136167,25,random,47055,0.003717417006555479,136167,25.0,25,a3fce12002f6651fd1ad341ec3c522d8367f142de41b0ba1db250432a2105f53,ok,350,48701,1,3268008,1
262144,1948.48,0.030703624994202983,zstd,thematic,1176650,8.641227316456998,96,575b54aa2332ad8e6e45652023cb8e286ff631a4d1721aef1d7e4bd696f3bee8,3404175,0,none,0,2.795348168829036,53eb9cd8d4aa893c2747d09fc2d647d6ebc4bf394da4df5aeaf9171f7595a7b2,0.02643766599794617,863.4240070202154,862.3747050271139,0b2dfc134b4933b23b09350fdfe938d0af718001cb10c8fbd346fea1287df689,1200,a7249621a5b65ea71e54,19,"{'zstandard': '0.25.0', 'brotli': '1.2.0', 'numpy': '2.4.3'}",136167,25,semantic,47066,0.0037599999996018596,136167,25.0,25,a3fce12002f6651fd1ad341ec3c522d8367f142de41b0ba1db250432a2105f53,ok,350,48712,1,3268008,1
262144,1946.6,0.030316042000777088,zstd,thematic,1175475,8.632598206613938,96,575b54aa2332ad8e6e45652023cb8e286ff631a4d1721aef1d7e4bd696f3bee8,3404175,0,none,0,2.798047878351998,53eb9cd8d4aa893c2747d09fc2d647d6ebc4bf394da4df5aeaf9171f7595a7b2,0.025864166993414983,821.528250107938,853.403318501472,0b2dfc134b4933b23b09350fdfe938d0af718001cb10c8fbd346fea1287df689,1200,b9527408c0e9b1e9da0a,19,"{'zstandard': '0.25.0', 'brotli': '1.2.0', 'numpy': '2.4.3'}",136167,25,source,47019,0.0039517500044894405,136167,25.0,25,a3fce12002f6651fd1ad341ec3c522d8367f142de41b0ba1db250432a2105f53,ok,350,48665,1,3268008,1
0,1848.42,0.21021995900082402,brotli,mixed,89178,0.36853611263787356,96,575b54aa2332ad8e6e45652023cb8e286ff631a4d1721aef1d7e4bd696f3bee8,241979,0,none,0,2.6182252951169107,53eb9cd8d4aa893c2747d09fc2d647d6ebc4bf394da4df5aeaf9171f7595a7b2,0.20746520799730206,196.10037524888256,197.57633297443178,0b2dfc134b4933b23b09350fdfe938d0af718001cb10c8fbd346fea1287df689,2400,a5131fd139721a3ba211,11,"{'zstandard': '0.25.0', 'brotli': '1.2.0', 'numpy': '2.4.3'}",7608,50,source,89178,0.001176791003672406,241979,1.0,50,b4151adc4c9b05c15112575ff72c7f987688780c9e45ca29d833b21631dfa9af,ok,747,92421,50,0,1
65536,1726.7,0.21822687500389293,brotli,mixed,1047659,4.329545125816703,96,575b54aa2332ad8e6e45652023cb8e286ff631a4d1721aef1d7e4bd696f3bee8,3048241,0,none,0,2.802791451902473,53eb9cd8d4aa893c2747d09fc2d647d6ebc4bf394da4df5aeaf9171f7595a7b2,0.20904233300097985,363.30107937714473,320.1605425162806,0b2dfc134b4933b23b09350fdfe938d0af718001cb10c8fbd346fea1287df689,2400,54694f8869c4bacabdb2,11,"{'zstandard': '0.25.0', 'brotli': '1.2.0', 'numpy': '2.4.3'}",65533,50,semantic,83092,0.008001707996299956,241979,12.597130329491403,50,b4151adc4c9b05c15112575ff72c7f987688780c9e45ca29d833b21631dfa9af,ok,747,86335,4,2806262,1
0,2332.96,0.00623779099987587,gzip,mixed,113405,0.4686563710074015,96,575b54aa2332ad8e6e45652023cb8e286ff631a4d1721aef1d7e4bd696f3bee8,241979,0,none,0,2.0744376243056033,53eb9cd8d4aa893c2747d09fc2d647d6ebc4bf394da4df5aeaf9171f7595a7b2,0.004688834000262432,354.80239686788025,416.11293136183036,0b2dfc134b4933b23b09350fdfe938d0af718001cb10c8fbd346fea1287df689,2400,957d728afc6da18b202d,9,"{'zstandard': '0.25.0', 'brotli': '1.2.0', 'numpy': '2.4.3'}",7608,50,source,113405,0.0006504160046461038,241979,1.0,50,b4151adc4c9b05c15112575ff72c7f987688780c9e45ca29d833b21631dfa9af,ok,747,116648,50,0,1
65536,2057.64,0.011768999997002538,gzip,mixed,1256083,5.190876067757946,96,575b54aa2332ad8e6e45652023cb8e286ff631a4d1721aef1d7e4bd696f3bee8,3048241,0,none,0,2.3520052098520634,53eb9cd8d4aa893c2747d09fc2d647d6ebc4bf394da4df5aeaf9171f7595a7b2,0.008160792000126094,978.6741252881899,948.0404228034465,0b2dfc134b4933b23b09350fdfe938d0af718001cb10c8fbd346fea1287df689,2400,a2d627ccdd0535f4f7c6,9,"{'zstandard': '0.25.0', 'brotli': '1.2.0', 'numpy': '2.4.3'}",65533,50,semantic,99639,0.0029703749969485216,241979,12.597130329491403,50,b4151adc4c9b05c15112575ff72c7f987688780c9e45ca29d833b21631dfa9af,ok,747,102882,4,2806262,1
0,2390.62,0.08896941699640593,xz,mixed,116288,0.48057062802970507,96,575b54aa2332ad8e6e45652023cb8e286ff631a4d1721aef1d7e4bd696f3bee8,241979,0,none,0,2.0244037111711606,53eb9cd8d4aa893c2747d09fc2d647d6ebc4bf394da4df5aeaf9171f7595a7b2,0.06799966600374319,22.407128581656092,22.67323689457088,0b2dfc134b4933b23b09350fdfe938d0af718001cb10c8fbd346fea1287df689,2400,48b2b12ca307f85116bc,9,"{'zstandard': '0.25.0', 'brotli': '1.2.0', 'numpy': '2.4.3'}",7608,50,source,116288,0.01029891699727159,241979,1.0,50,b4151adc4c9b05c15112575ff72c7f987688780c9e45ca29d833b21631dfa9af,ok,747,119531,50,0,1
65536,1934.86,0.18261570799950277,xz,mixed,1178580,4.870587943581881,96,575b54aa2332ad8e6e45652023cb8e286ff631a4d1721aef1d7e4bd696f3bee8,3048241,0,none,0,2.501255904819987,53eb9cd8d4aa893c2747d09fc2d647d6ebc4bf394da4df5aeaf9171f7595a7b2,0.08112066700414289,31.214423371435224,29.381280623999537,0b2dfc134b4933b23b09350fdfe938d0af718001cb10c8fbd346fea1287df689,2400,aefbd708740aeb8fe689,9,"{'zstandard': '0.25.0', 'brotli': '1.2.0', 'numpy': '2.4.3'}",65533,50,semantic,93500,0.09313095799734583,241979,12.597130329491403,50,b4151adc4c9b05c15112575ff72c7f987688780c9e45ca29d833b21631dfa9af,ok,747,96743,4,2806262,1
0,2378.04,0.002464292003423907,zstd,mixed,115659,0.4779712289082937,96,575b54aa2332ad8e6e45652023cb8e286ff631a4d1721aef1d7e4bd696f3bee8,241979,0,none,0,2.0351129501606366,53eb9cd8d4aa893c2747d09fc2d647d6ebc4bf394da4df5aeaf9171f7595a7b2,0.0013990000006742775,541.7637803802819,580.2477161828405,0b2dfc134b4933b23b09350fdfe938d0af718001cb10c8fbd346fea1287df689,2400,13265bdbb6bc52452c6b,3,"{'zstandard': '0.25.0', 'brotli': '1.2.0', 'numpy': '2.4.3'}",7608,50,source,115659,0.0004259589986759238,241979,1.0,50,b4151adc4c9b05c15112575ff72c7f987688780c9e45ca29d833b21631dfa9af,ok,747,118902,50,0,1
0,2315.62,0.006207584003277589,zstd,mixed,112538,0.4650734154616723,96,575b54aa2332ad8e6e45652023cb8e286ff631a4d1721aef1d7e4bd696f3bee8,241979,0,none,0,2.0899715842841227,53eb9cd8d4aa893c2747d09fc2d647d6ebc4bf394da4df5aeaf9171f7595a7b2,0.004960584003129043,515.3973315996485,558.3129274184796,0b2dfc134b4933b23b09350fdfe938d0af718001cb10c8fbd346fea1287df689,2400,5b6ab88cd3e14d642356,9,"{'zstandard': '0.25.0', 'brotli': '1.2.0', 'numpy': '2.4.3'}",7608,50,source,112538,0.000447750004241243,241979,1.0,50,b4151adc4c9b05c15112575ff72c7f987688780c9e45ca29d833b21631dfa9af,ok,747,115781,50,0,1
0,2296.94,0.012935000006109476,zstd,mixed,111604,0.4612135763847276,96,575b54aa2332ad8e6e45652023cb8e286ff631a4d1721aef1d7e4bd696f3bee8,241979,0,none,0,2.1069684014384356,53eb9cd8d4aa893c2747d09fc2d647d6ebc4bf394da4df5aeaf9171f7595a7b2,0.011647583000012673,517.564696020484,504.78087343067415,0b2dfc134b4933b23b09350fdfe938d0af718001cb10c8fbd346fea1287df689,2400,22c7ed8e421822fcf6c1,15,"{'zstandard': '0.25.0', 'brotli': '1.2.0', 'numpy': '2.4.3'}",7608,50,source,111604,0.00044587499724002555,241979,1.0,50,b4151adc4c9b05c15112575ff72c7f987688780c9e45ca29d833b21631dfa9af,ok,747,114847,50,0,1
0,2289.82,0.021721083001466468,zstd,mixed,111248,0.45974237433826903,96,575b54aa2332ad8e6e45652023cb8e286ff631a4d1721aef1d7e4bd696f3bee8,241979,0,none,0,2.1135198399874224,53eb9cd8d4aa893c2747d09fc2d647d6ebc4bf394da4df5aeaf9171f7595a7b2,0.020485957997152582,542.2946595399983,579.8831977317972,0b2dfc134b4933b23b09350fdfe938d0af718001cb10c8fbd346fea1287df689,2400,75f19f020eca1bf0f951,19,"{'zstandard': '0.25.0', 'brotli': '1.2.0', 'numpy': '2.4.3'}",7608,50,source,111248,0.00042554200626909733,241979,1.0,50,b4151adc4c9b05c15112575ff72c7f987688780c9e45ca29d833b21631dfa9af,ok,747,114491,50,0,1
0,2289.82,0.021455750000313856,zstd,mixed,111248,0.45974237433826903,96,575b54aa2332ad8e6e45652023cb8e286ff631a4d1721aef1d7e4bd696f3bee8,241979,0,none,0,2.1135198399874224,53eb9cd8d4aa893c2747d09fc2d647d6ebc4bf394da4df5aeaf9171f7595a7b2,0.02029483400110621,554.4003818702258,575.1858286033298,0b2dfc134b4933b23b09350fdfe938d0af718001cb10c8fbd346fea1287df689,2400,e389861ed06c748249dc,22,"{'zstandard': '0.25.0', 'brotli': '1.2.0', 'numpy': '2.4.3'}",7608,50,source,111248,0.0004162499972153455,241979,1.0,50,b4151adc4c9b05c15112575ff72c7f987688780c9e45ca29d833b21631dfa9af,ok,747,114491,50,0,1
0,2172.46,0.027987041998130735,zstd,mixed,97188,0.4016381586831915,96,575b54aa2332ad8e6e45652023cb8e286ff631a4d1721aef1d7e4bd696f3bee8,241979,8192,global,8192,2.227695791867284,53eb9cd8d4aa893c2747d09fc2d647d6ebc4bf394da4df5aeaf9171f7595a7b2,0.025932958000339568,280.15893787773143,292.112858134032,0b2dfc134b4933b23b09350fdfe938d0af718001cb10c8fbd346fea1287df689,2400,2da691bafcda46d18e20,19,"{'zstandard': '0.25.0', 'brotli': '1.2.0', 'numpy': '2.4.3'}",7608,50,source,97188,0.0008237079964601435,241979,1.0,50,b4151adc4c9b05c15112575ff72c7f987688780c9e45ca29d833b21631dfa9af,ok,747,108623,50,0,1
0,2148.94,0.04341433299850905,zstd,mixed,96012,0.3967782328218564,96,575b54aa2332ad8e6e45652023cb8e286ff631a4d1721aef1d7e4bd696f3bee8,241979,8192,pack,8192,2.252077768574274,53eb9cd8d4aa893c2747d09fc2d647d6ebc4bf394da4df5aeaf9171f7595a7b2,0.025851499995042104,277.5475828830974,308.1890117901567,0b2dfc134b4933b23b09350fdfe938d0af718001cb10c8fbd346fea1287df689,2400,b476be081ce26e6c6de7,19,"{'zstandard': '0.25.0', 'brotli': '1.2.0', 'numpy': '2.4.3'}",7608,50,source,96012,0.0008314579972648062,241979,1.0,50,b4151adc4c9b05c15112575ff72c7f987688780c9e45ca29d833b21631dfa9af,ok,747,107447,50,0,1
0,2276.94,0.041470374999335036,zstd,mixed,94220,0.38937263150934587,96,575b54aa2332ad8e6e45652023cb8e286ff631a4d1721aef1d7e4bd696f3bee8,241979,16384,global,16384,2.1254754187637794,53eb9cd8d4aa893c2747d09fc2d647d6ebc4bf394da4df5aeaf9171f7595a7b2,0.03949337499943795,287.9963324376361,307.60690144476166,0b2dfc134b4933b23b09350fdfe938d0af718001cb10c8fbd346fea1287df689,2400,84e51dc34dec60a05d99,19,"{'zstandard': '0.25.0', 'brotli': '1.2.0', 'numpy': '2.4.3'}",7608,50,source,94220,0.0008012920006876811,241979,1.0,50,b4151adc4c9b05c15112575ff72c7f987688780c9e45ca29d833b21631dfa9af,ok,747,113847,50,0,1
0,2216.32,0.05153991599945584,zstd,mixed,91189,0.37684675116435723,96,575b54aa2332ad8e6e45652023cb8e286ff631a4d1721aef1d7e4bd696f3bee8,241979,16384,pack,16384,2.183610669939359,53eb9cd8d4aa893c2747d09fc2d647d6ebc4bf394da4df5aeaf9171f7595a7b2,0.03603104099602206,264.7573887730936,312.18391310273677,0b2dfc134b4933b23b09350fdfe938d0af718001cb10c8fbd346fea1287df689,2400,9f6f8ad39fcb36d85d30,19,"{'zstandard': '0.25.0', 'brotli': '1.2.0', 'numpy': '2.4.3'}",7608,50,source,91189,0.0008716249940334819,241979,1.0,50,b4151adc4c9b05c15112575ff72c7f987688780c9e45ca29d833b21631dfa9af,ok,747,110816,50,0,1
0,2533.22,0.07199812500039116,zstd,mixed,90650,0.37461928514457865,96,575b54aa2332ad8e6e45652023cb8e286ff631a4d1721aef1d7e4bd696f3bee8,241979,32768,global,32768,1.9104459936365574,53eb9cd8d4aa893c2747d09fc2d647d6ebc4bf394da4df5aeaf9171f7595a7b2,0.06986858299933374,271.67978426978055,279.5368825886485,0b2dfc134b4933b23b09350fdfe938d0af718001cb10c8fbd346fea1287df689,2400,27603ce0847daf9ec453,19,"{'zstandard': '0.25.0', 'brotli': '1.2.0', 'numpy': '2.4.3'}",7608,50,source,90650,0.0008494160065311007,241979,1.0,50,b4151adc4c9b05c15112575ff72c7f987688780c9e45ca29d833b21631dfa9af,ok,747,126661,50,0,1
0,2367.52,0.11336329099867726,zstd,mixed,82365,0.3403807768442716,96,575b54aa2332ad8e6e45652023cb8e286ff631a4d1721aef1d7e4bd696f3bee8,241979,32768,pack,32768,2.044155909981753,53eb9cd8d4aa893c2747d09fc2d647d6ebc4bf394da4df5aeaf9171f7595a7b2,0.0955690409973613,290.1997440539294,318.90710896927567,0b2dfc134b4933b23b09350fdfe938d0af718001cb10c8fbd346fea1287df689,2400,d95b0c64aff547825797,19,"{'zstandard': '0.25.0', 'brotli': '1.2.0', 'numpy': '2.4.3'}",7608,50,source,82365,0.0007952079977258109,241979,1.0,50,b4151adc4c9b05c15112575ff72c7f987688780c9e45ca29d833b21631dfa9af,ok,747,118376,50,0,1
0,3115.42,0.14536779199988814,zstd,mixed,86992,0.35950227085821496,96,575b54aa2332ad8e6e45652023cb8e286ff631a4d1721aef1d7e4bd696f3bee8,241979,65536,global,65536,1.5534277882275904,53eb9cd8d4aa893c2747d09fc2d647d6ebc4bf394da4df5aeaf9171f7595a7b2,0.1432602080021752,272.8845164201744,288.7021521699932,0b2dfc134b4933b23b09350fdfe938d0af718001cb10c8fbd346fea1287df689,2400,ff83e782a19ee0542661,19,"{'zstandard': '0.25.0', 'brotli': '1.2.0', 'numpy': '2.4.3'}",7608,50,source,86992,0.0008456659998046234,241979,1.0,50,b4151adc4c9b05c15112575ff72c7f987688780c9e45ca29d833b21631dfa9af,ok,747,155771,50,0,1
0,2682.7,0.14687487500486895,zstd,mixed,65356,0.2700895532256931,96,575b54aa2332ad8e6e45652023cb8e286ff631a4d1721aef1d7e4bd696f3bee8,241979,65536,pack,65536,1.803995974205092,53eb9cd8d4aa893c2747d09fc2d647d6ebc4bf394da4df5aeaf9171f7595a7b2,0.12524575000134064,316.3023806685375,335.2984478661913,0b2dfc134b4933b23b09350fdfe938d0af718001cb10c8fbd346fea1287df689,2400,7ee5e4a2aecce9bead7f,19,"{'zstandard': '0.25.0', 'brotli': '1.2.0', 'numpy': '2.4.3'}",7608,50,source,65356,0.0007295840041479096,241979,1.0,50,b4151adc4c9b05c15112575ff72c7f987688780c9e45ca29d833b21631dfa9af,ok,747,134135,50,0,1
16384,2149.9,0.02568174999760231,zstd,mixed,296006,1.2232714409101617,96,575b54aa2332ad8e6e45652023cb8e286ff631a4d1721aef1d7e4bd696f3bee8,689367,0,none,0,2.251072142890367,53eb9cd8d4aa893c2747d09fc2d647d6ebc4bf394da4df5aeaf9171f7595a7b2,0.02396066700021038,658.4746271003944,625.3194992045267,0b2dfc134b4933b23b09350fdfe938d0af718001cb10c8fbd346fea1287df689,2400,8c272c48d77d5945bcbc,19,"{'zstandard': '0.25.0', 'brotli': '1.2.0', 'numpy': '2.4.3'}",16213,50,alphabetical,104252,0.0009984159987652674,241979,2.8488711830365445,50,b4151adc4c9b05c15112575ff72c7f987688780c9e45ca29d833b21631dfa9af,ok,747,107495,18,447388,1
16384,2149.48,0.026020958001026884,zstd,mixed,297408,1.2290653321155969,96,575b54aa2332ad8e6e45652023cb8e286ff631a4d1721aef1d7e4bd696f3bee8,692636,0,none,0,2.2515119935984518,53eb9cd8d4aa893c2747d09fc2d647d6ebc4bf394da4df5aeaf9171f7595a7b2,0.024363958000321873,671.1472498340432,664.1641778417944,0b2dfc134b4933b23b09350fdfe938d0af718001cb10c8fbd346fea1287df689,2400,83295801796e679a6c4e,19,"{'zstandard': '0.25.0', 'brotli': '1.2.0', 'numpy': '2.4.3'}",16372,50,random,104231,0.000984209000307601,241979,2.862380619805851,50,b4151adc4c9b05c15112575ff72c7f987688780c9e45ca29d833b21631dfa9af,ok,747,107474,18,450657,1
16384,2136.44,0.0265030000009574,zstd,mixed,294325,1.2163245570896648,96,575b54aa2332ad8e6e45652023cb8e286ff631a4d1721aef1d7e4bd696f3bee8,689522,0,none,0,2.265254348355208,53eb9cd8d4aa893c2747d09fc2d647d6ebc4bf394da4df5aeaf9171f7595a7b2,0.024752167002588976,662.9379465786329,655.4396347007806,0b2dfc134b4933b23b09350fdfe938d0af718001cb10c8fbd346fea1287df689,2400,f41a2b4c8d884ce9872b,19,"{'zstandard': '0.25.0', 'brotli': '1.2.0', 'numpy': '2.4.3'}",16334,50,semantic,103579,0.0009919170042849146,241979,2.8495117344893566,50,b4151adc4c9b05c15112575ff72c7f987688780c9e45ca29d833b21631dfa9af,ok,747,106822,18,447543,1
16384,2149.22,0.02593637500103796,zstd,mixed,290939,1.2023316072882357,96,575b54aa2332ad8e6e45652023cb8e286ff631a4d1721aef1d7e4bd696f3bee8,678534,0,none,0,2.2517843682824465,53eb9cd8d4aa893c2747d09fc2d647d6ebc4bf394da4df5aeaf9171f7595a7b2,0.02414275000046473,633.4806152498473,606.6215731990792,0b2dfc134b4933b23b09350fdfe938d0af718001cb10c8fbd346fea1287df689,2400,de2eb71c30ab774a80df,19,"{'zstandard': '0.25.0', 'brotli': '1.2.0', 'numpy': '2.4.3'}",16000,50,source,104218,0.001021500000206288,241979,2.8041028353700113,50,b4151adc4c9b05c15112575ff72c7f987688780c9e45ca29d833b21631dfa9af,ok,747,107461,18,436555,1
32768,2059.08,0.03466525000112597,zstd,mixed,599306,2.4766859934126515,96,575b54aa2332ad8e6e45652023cb8e286ff631a4d1721aef1d7e4bd696f3bee8,1458812,0,none,0,2.350360355110049,53eb9cd8d4aa893c2747d09fc2d647d6ebc4bf394da4df5aeaf9171f7595a7b2,0.03148966700246092,588.922703967787,695.3496372665138,0b2dfc134b4933b23b09350fdfe938d0af718001cb10c8fbd346fea1287df689,2400,95d8ccf45149c1c7141c,19,"{'zstandard': '0.25.0', 'brotli': '1.2.0', 'numpy': '2.4.3'}",31047,50,alphabetical,99711,0.002362332998018246,241979,6.02867190954587,50,b4151adc4c9b05c15112575ff72c7f987688780c9e45ca29d833b21631dfa9af,ok,747,102954,9,1216833,1
32768,2053.86,0.034386375002213754,zstd,mixed,622449,2.5723265242025133,96,575b54aa2332ad8e6e45652023cb8e286ff631a4d1721aef1d7e4bd696f3bee8,1518022,0,none,0,2.3563339273368196,53eb9cd8d4aa893c2747d09fc2d647d6ebc4bf394da4df5aeaf9171f7595a7b2,0.03131995800504228,663.2072798567801,555.0671245459308,0b2dfc134b4933b23b09350fdfe938d0af718001cb10c8fbd346fea1287df689,2400,b64060fd63c94f8742db,19,"{'zstandard': '0.25.0', 'brotli': '1.2.0', 'numpy': '2.4.3'}",32325,50,random,99450,0.0021828750032000244,241979,6.2733625645200615,50,b4151adc4c9b05c15112575ff72c7f987688780c9e45ca29d833b21631dfa9af,ok,747,102693,8,1276043,1
32768,2035.24,0.0626117499996326,zstd,mixed,615579,2.5439356307778773,96,575b54aa2332ad8e6e45652023cb8e286ff631a4d1721aef1d7e4bd696f3bee8,1513092,0,none,0,2.377891550873607,53eb9cd8d4aa893c2747d09fc2d647d6ebc4bf394da4df5aeaf9171f7595a7b2,0.05795633399975486,524.7578492503517,383.97530368073507,0b2dfc134b4933b23b09350fdfe938d0af718001cb10c8fbd346fea1287df689,2400,99252085eda6ab147ff0,19,"{'zstandard': '0.25.0', 'brotli': '1.2.0', 'numpy': '2.4.3'}",32626,50,semantic,98519,0.002749834005953744,241979,6.252988895730621,50,b4151adc4c9b05c15112575ff72c7f987688780c9e45ca29d833b21631dfa9af,ok,747,101762,8,1271113,1
32768,2062.3,0.03210320800280897,zstd,mixed,587261,2.4269089466441303,96,575b54aa2332ad8e6e45652023cb8e286ff631a4d1721aef1d7e4bd696f3bee8,1429121,0,none,0,2.3466905881782476,53eb9cd8d4aa893c2747d09fc2d647d6ebc4bf394da4df5aeaf9171f7595a7b2,0.02962137499707751,761.3702792310705,753.9430758405368,0b2dfc134b4933b23b09350fdfe938d0af718001cb10c8fbd346fea1287df689,2400,472fa8bb144385594ce9,19,"{'zstandard': '0.25.0', 'brotli': '1.2.0', 'numpy': '2.4.3'}",31199,50,source,99872,0.001790082998923026,241979,5.905971179317214,50,b4151adc4c9b05c15112575ff72c7f987688780c9e45ca29d833b21631dfa9af,ok,747,103115,9,1187142,1
65536,1975.78,0.038328041999193374,zstd,mixed,1191794,4.925195988081611,96,575b54aa2332ad8e6e45652023cb8e286ff631a4d1721aef1d7e4bd696f3bee8,3023857,0,none,0,2.4494528743078683,53eb9cd8d4aa893c2747d09fc2d647d6ebc4bf394da4df5aeaf9171f7595a7b2,0.03410033299587667,834.2445226962654,770.8364282350462,0b2dfc134b4933b23b09350fdfe938d0af718001cb10c8fbd346fea1287df689,2400,1a50dab99d7ae891a959,19,"{'zstandard': '0.25.0', 'brotli': '1.2.0', 'numpy': '2.4.3'}",61393,50,alphabetical,95546,0.0034567500042612664,241979,12.496361254489026,50,b4151adc4c9b05c15112575ff72c7f987688780c9e45ca29d833b21631dfa9af,ok,747,98789,4,2781878,1
65536,1972.94,0.03744383400044171,zstd,mixed,1202402,4.969034502994061,96,575b54aa2332ad8e6e45652023cb8e286ff631a4d1721aef1d7e4bd696f3bee8,3049584,0,none,0,2.452978803207396,53eb9cd8d4aa893c2747d09fc2d647d6ebc4bf394da4df5aeaf9171f7595a7b2,0.03365762500470737,922.9433736414015,934.761133975997,0b2dfc134b4933b23b09350fdfe938d0af718001cb10c8fbd346fea1287df689,2400,c2e64c1b2c889772a042,19,"{'zstandard': '0.25.0', 'brotli': '1.2.0', 'numpy': '2.4.3'}",63384,50,random,95404,0.003151124998112209,241979,12.602680397885766,50,b4151adc4c9b05c15112575ff72c7f987688780c9e45ca29d833b21631dfa9af,ok,747,98647,4,2807605,1
65536,1962.76,0.052340750000439584,zstd,mixed,1196261,4.943656267692651,96,575b54aa2332ad8e6e45652023cb8e286ff631a4d1721aef1d7e4bd696f3bee8,3048241,0,none,0,2.465701359310359,53eb9cd8d4aa893c2747d09fc2d647d6ebc4bf394da4df5aeaf9171f7595a7b2,0.03458287499961443,810.0959033499788,785.9315649884069,0b2dfc134b4933b23b09350fdfe938d0af718001cb10c8fbd346fea1287df689,2400,acf47b0a70d1149785db,19,"{'zstandard': '0.25.0', 'brotli': '1.2.0', 'numpy': '2.4.3'}",65533,50,semantic,94895,0.003588500003388617,241979,12.597130329491403,50,b4151adc4c9b05c15112575ff72c7f987688780c9e45ca29d833b21631dfa9af,ok,747,98138,4,2806262,1
65536,1976.12,0.038753041000745725,zstd,mixed,1192036,4.9261960748660005,96,575b54aa2332ad8e6e45652023cb8e286ff631a4d1721aef1d7e4bd696f3bee8,3022652,0,none,0,2.4490314353379348,53eb9cd8d4aa893c2747d09fc2d647d6ebc4bf394da4df5aeaf9171f7595a7b2,0.03418520799459657,776.2644902481776,814.719014277651,0b2dfc134b4933b23b09350fdfe938d0af718001cb10c8fbd346fea1287df689,2400,08035201dcc4b6d6a5ed,19,"{'zstandard': '0.25.0', 'brotli': '1.2.0', 'numpy': '2.4.3'}",65492,50,source,95563,0.0037134579979465343,241979,12.491381483517165,50,b4151adc4c9b05c15112575ff72c7f987688780c9e45ca29d833b21631dfa9af,ok,747,98806,4,2780673,1
131072,1894.36,0.04863516699697357,zstd,mixed,2278270,9.415155860632535,96,575b54aa2332ad8e6e45652023cb8e286ff631a4d1721aef1d7e4bd696f3bee8,6030316,0,none,0,2.554730885364978,53eb9cd8d4aa893c2747d09fc2d647d6ebc4bf394da4df5aeaf9171f7595a7b2,0.04127512499690056,865.9613376102727,849.5873427130798,0b2dfc134b4933b23b09350fdfe938d0af718001cb10c8fbd346fea1287df689,2400,b56c0a901e2fa72c842f,19,"{'zstandard': '0.25.0', 'brotli': '1.2.0', 'numpy': '2.4.3'}",130569,50,alphabetical,91475,0.006641125000896864,241979,24.920823707842416,50,b4151adc4c9b05c15112575ff72c7f987688780c9e45ca29d833b21631dfa9af,ok,747,94718,2,5788337,1
131072,1891.08,0.04899166600080207,zstd,mixed,2289760,9.462639319940987,96,575b54aa2332ad8e6e45652023cb8e286ff631a4d1721aef1d7e4bd696f3bee8,6068780,0,none,0,2.559161960361275,53eb9cd8d4aa893c2747d09fc2d647d6ebc4bf394da4df5aeaf9171f7595a7b2,0.04141216599964537,833.7135721601612,908.8369654187635,0b2dfc134b4933b23b09350fdfe938d0af718001cb10c8fbd346fea1287df689,2400,de59b6cab70fefab533c,19,"{'zstandard': '0.25.0', 'brotli': '1.2.0', 'numpy': '2.4.3'}",130642,50,random,91311,0.006941999999980908,241979,25.07977965030023,50,b4151adc4c9b05c15112575ff72c7f987688780c9e45ca29d833b21631dfa9af,ok,747,94554,2,5826801,1
131072,1881.5,0.049737249995814636,zstd,mixed,2280920,9.42610722418061,96,575b54aa2332ad8e6e45652023cb8e286ff631a4d1721aef1d7e4bd696f3bee8,6068910,0,none,0,2.5721923996811054,53eb9cd8d4aa893c2747d09fc2d647d6ebc4bf394da4df5aeaf9171f7595a7b2,0.04162133300269488,782.4562040988169,780.9447095661732,0b2dfc134b4933b23b09350fdfe938d0af718001cb10c8fbd346fea1287df689,2400,576f96c129cb294557fc,19,"{'zstandard': '0.25.0', 'brotli': '1.2.0', 'numpy': '2.4.3'}",130707,50,semantic,90832,0.007396916997095104,241979,25.080316887002592,50,b4151adc4c9b05c15112575ff72c7f987688780c9e45ca29d833b21631dfa9af,ok,747,94075,2,5826931,1
131072,1893.86,0.048744166997494176,zstd,mixed,2278188,9.414816988251047,96,575b54aa2332ad8e6e45652023cb8e286ff631a4d1721aef1d7e4bd696f3bee8,6030964,0,none,0,2.5554053625927997,53eb9cd8d4aa893c2747d09fc2d647d6ebc4bf394da4df5aeaf9171f7595a7b2,0.04116433300077915,836.3951026154465,807.0036820735393,0b2dfc134b4933b23b09350fdfe938d0af718001cb10c8fbd346fea1287df689,2400,bee38b4acc8e62c39274,19,"{'zstandard': '0.25.0', 'brotli': '1.2.0', 'numpy': '2.4.3'}",130245,50,source,91450,0.006876624996948522,241979,24.923501626174172,50,b4151adc4c9b05c15112575ff72c7f987688780c9e45ca29d833b21631dfa9af,ok,747,94693,2,5788985,1
262144,1819.12,0.04918366700439947,zstd,mixed,4385650,18.12409341306477,96,575b54aa2332ad8e6e45652023cb8e286ff631a4d1721aef1d7e4bd696f3bee8,12098950,0,none,0,2.66039623554246,53eb9cd8d4aa893c2747d09fc2d647d6ebc4bf394da4df5aeaf9171f7595a7b2,0.035719042003620416,899.760874404351,931.1478231929932,0b2dfc134b4933b23b09350fdfe938d0af718001cb10c8fbd346fea1287df689,2400,120aa05276a16e7678f7,19,"{'zstandard': '0.25.0', 'brotli': '1.2.0', 'numpy': '2.4.3'}",241979,50,alphabetical,87713,0.012823915996705182,241979,50.0,50,b4151adc4c9b05c15112575ff72c7f987688780c9e45ca29d833b21631dfa9af,ok,747,90956,1,11856971,1
262144,1817.08,0.04932158400333719,zstd,mixed,4380550,18.103017203972247,96,575b54aa2332ad8e6e45652023cb8e286ff631a4d1721aef1d7e4bd696f3bee8,12098950,0,none,0,2.663383010104123,53eb9cd8d4aa893c2747d09fc2d647d6ebc4bf394da4df5aeaf9171f7595a7b2,0.0355684169990127,876.025310607386,961.3739453595548,0b2dfc134b4933b23b09350fdfe938d0af718001cb10c8fbd346fea1287df689,2400,df3f687c04a984696874,19,"{'zstandard': '0.25.0', 'brotli': '1.2.0', 'numpy': '2.4.3'}",241979,50,random,87611,0.0131713749942719,241979,50.0,50,b4151adc4c9b05c15112575ff72c7f987688780c9e45ca29d833b21631dfa9af,ok,747,90854,1,11856971,1
262144,1812.88,0.05399675000080606,zstd,mixed,4370050,18.059625008781754,96,575b54aa2332ad8e6e45652023cb8e286ff631a4d1721aef1d7e4bd696f3bee8,12098950,0,none,0,2.669553417766206,53eb9cd8d4aa893c2747d09fc2d647d6ebc4bf394da4df5aeaf9171f7595a7b2,0.039317209004366305,826.0464984210175,853.9099297019991,0b2dfc134b4933b23b09350fdfe938d0af718001cb10c8fbd346fea1287df689,2400,f6587ed5f2424348d072,19,"{'zstandard': '0.25.0', 'brotli': '1.2.0', 'numpy': '2.4.3'}",241979,50,semantic,87401,0.013968291001219768,241979,50.0,50,b4151adc4c9b05c15112575ff72c7f987688780c9e45ca29d833b21631dfa9af,ok,747,90644,1,11856971,1
262144,1817.44,0.05166329200437758,zstd,mixed,4381450,18.106736534988574,96,575b54aa2332ad8e6e45652023cb8e286ff631a4d1721aef1d7e4bd696f3bee8,12098950,0,none,0,2.662855445021569,53eb9cd8d4aa893c2747d09fc2d647d6ebc4bf394da4df5aeaf9171f7595a7b2,0.037551333000010345,858.7478294623936,858.0118743775582,0b2dfc134b4933b23b09350fdfe938d0af718001cb10c8fbd346fea1287df689,2400,e46ef375d7ffb17c0d20,19,"{'zstandard': '0.25.0', 'brotli': '1.2.0', 'numpy': '2.4.3'}",241979,50,source,87629,0.013436375003948342,241979,50.0,50,b4151adc4c9b05c15112575ff72c7f987688780c9e45ca29d833b21631dfa9af,ok,747,90872,1,11856971,1
0,2036.68,0.23509308400389273,brotli,thematic,98614,0.36432352952042474,96,575b54aa2332ad8e6e45652023cb8e286ff631a4d1721aef1d7e4bd696f3bee8,270677,0,none,0,2.658021878743838,53eb9cd8d4aa893c2747d09fc2d647d6ebc4bf394da4df5aeaf9171f7595a7b2,0.23153070799889974,169.84140288552786,165.82728913978355,0b2dfc134b4933b23b09350fdfe938d0af718001cb10c8fbd346fea1287df689,2400,d9adfc214502c6024b34,11,"{'zstandard': '0.25.0', 'brotli': '1.2.0', 'numpy': '2.4.3'}",7955,50,source,98614,0.0015198750043055043,270677,1.0,50,4a8493d220a8b70849c6c18b9610a3d2629ec8e0c94dd02637fcd7c183c1321a,ok,724,101834,50,0,1
65536,1835.48,0.24286995800503064,brotli,thematic,934403,3.452096040668398,96,575b54aa2332ad8e6e45652023cb8e286ff631a4d1721aef1d7e4bd696f3bee8,2864526,0,none,0,2.949386536491817,53eb9cd8d4aa893c2747d09fc2d647d6ebc4bf394da4df5aeaf9171f7595a7b2,0.23458899999968708,395.5010859518825,302.68259196813307,0b2dfc134b4933b23b09350fdfe938d0af718001cb10c8fbd346fea1287df689,2400,5a98551ad96712bd9b82,11,"{'zstandard': '0.25.0', 'brotli': '1.2.0', 'numpy': '2.4.3'}",62970,50,semantic,88554,0.006907249997311737,270677,10.582820114010426,50,4a8493d220a8b70849c6c18b9610a3d2629ec8e0c94dd02637fcd7c183c1321a,ok,724,91774,5,2593849,1
0,2624.2,0.007049250001728069,gzip,thematic,127990,0.47285140591923214,96,575b54aa2332ad8e6e45652023cb8e286ff631a4d1721aef1d7e4bd696f3bee8,270677,0,none,0,2.0629296547519242,53eb9cd8d4aa893c2747d09fc2d647d6ebc4bf394da4df5aeaf9171f7595a7b2,0.005345875004422851,380.12688473557364,406.9435216737186,0b2dfc134b4933b23b09350fdfe938d0af718001cb10c8fbd346fea1287df689,2400,32bc3c219f00a68f918e,9,"{'zstandard': '0.25.0', 'brotli': '1.2.0', 'numpy': '2.4.3'}",7955,50,source,127990,0.0006790829938836396,270677,1.0,50,4a8493d220a8b70849c6c18b9610a3d2629ec8e0c94dd02637fcd7c183c1321a,ok,724,131210,50,0,1
65536,2213.04,0.01166574999660952,gzip,thematic,1131850,4.181552182121126,96,575b54aa2332ad8e6e45652023cb8e286ff631a4d1721aef1d7e4bd696f3bee8,2864526,0,none,0,2.4462007012977622,53eb9cd8d4aa893c2747d09fc2d647d6ebc4bf394da4df5aeaf9171f7595a7b2,0.008323125002789311,1021.5450165998856,941.6788099137123,0b2dfc134b4933b23b09350fdfe938d0af718001cb10c8fbd346fea1287df689,2400,bc9ba15a12fc5e94b6b2,9,"{'zstandard': '0.25.0', 'brotli': '1.2.0', 'numpy': '2.4.3'}",62970,50,semantic,107432,0.002674208997632377,270677,10.582820114010426,50,4a8493d220a8b70849c6c18b9610a3d2629ec8e0c94dd02637fcd7c183c1321a,ok,724,110652,5,2593849,1
0,2676.08,0.09724062500026776,xz,thematic,130584,0.48243478389371836,96,575b54aa2332ad8e6e45652023cb8e286ff631a4d1721aef1d7e4bd696f3bee8,270677,0,none,0,2.022936534034857,53eb9cd8d4aa893c2747d09fc2d647d6ebc4bf394da4df5aeaf9171f7595a7b2,0.07451145899540279,23.280030021706608,23.168418777657156,0b2dfc134b4933b23b09350fdfe938d0af718001cb10c8fbd346fea1287df689,2400,e8864a1762c35eac5d2f,9,"{'zstandard': '0.25.0', 'brotli': '1.2.0', 'numpy': '2.4.3'}",7955,50,source,130584,0.011088375002145767,270677,1.0,50,4a8493d220a8b70849c6c18b9610a3d2629ec8e0c94dd02637fcd7c183c1321a,ok,724,133804,50,0,1
65536,2073.76,0.18457162500271806,xz,thematic,1057204,3.905776996198421,96,575b54aa2332ad8e6e45652023cb8e286ff631a4d1721aef1d7e4bd696f3bee8,2864526,0,none,0,2.610494946377594,53eb9cd8d4aa893c2747d09fc2d647d6ebc4bf394da4df5aeaf9171f7595a7b2,0.08969804100343026,32.14179453190042,29.83000798916941,0b2dfc134b4933b23b09350fdfe938d0af718001cb10c8fbd346fea1287df689,2400,f5c505717847c0e55b42,9,"{'zstandard': '0.25.0', 'brotli': '1.2.0', 'numpy': '2.4.3'}",62970,50,semantic,100468,0.08499291699990863,270677,10.582820114010426,50,4a8493d220a8b70849c6c18b9610a3d2629ec8e0c94dd02637fcd7c183c1321a,ok,724,103688,5,2593849,1
0,2665.5,0.002908624999690801,zstd,thematic,130055,0.4804804250084049,96,575b54aa2332ad8e6e45652023cb8e286ff631a4d1721aef1d7e4bd696f3bee8,270677,0,none,0,2.030966047645845,53eb9cd8d4aa893c2747d09fc2d647d6ebc4bf394da4df5aeaf9171f7595a7b2,0.0015598339959979057,486.5556145206193,540.3196295665676,0b2dfc134b4933b23b09350fdfe938d0af718001cb10c8fbd346fea1287df689,2400,07bffda51c7c6f21e07d,3,"{'zstandard': '0.25.0', 'brotli': '1.2.0', 'numpy': '2.4.3'}",7955,50,source,130055,0.0005305410013534129,270677,1.0,50,4a8493d220a8b70849c6c18b9610a3d2629ec8e0c94dd02637fcd7c183c1321a,ok,724,133275,50,0,1
0,2594.92,0.006716416995914187,zstd,thematic,126526,0.46744274541242886,96,575b54aa2332ad8e6e45652023cb8e286ff631a4d1721aef1d7e4bd696f3bee8,270677,0,none,0,2.086206896551724,53eb9cd8d4aa893c2747d09fc2d647d6ebc4bf394da4df5aeaf9171f7595a7b2,0.005390749996877275,505.7388450982249,555.5326797941342,0b2dfc134b4933b23b09350fdfe938d0af718001cb10c8fbd346fea1287df689,2400,687713e340c3b654ad74,9,"{'zstandard': '0.25.0', 'brotli': '1.2.0', 'numpy': '2.4.3'}",7955,50,source,126526,0.0005104169977130368,270677,1.0,50,4a8493d220a8b70849c6c18b9610a3d2629ec8e0c94dd02637fcd7c183c1321a,ok,724,129746,50,0,1
0,2573.7,0.014394208999874536,zstd,thematic,125465,0.4635229443210912,96,575b54aa2332ad8e6e45652023cb8e286ff631a4d1721aef1d7e4bd696f3bee8,270677,0,none,0,2.1034075455569803,53eb9cd8d4aa893c2747d09fc2d647d6ebc4bf394da4df5aeaf9171f7595a7b2,0.013027375003730413,539.8495532355473,580.6288229737639,0b2dfc134b4933b23b09350fdfe938d0af718001cb10c8fbd346fea1287df689,2400,688b80f2c27182255fab,15,"{'zstandard': '0.25.0', 'brotli': '1.2.0', 'numpy': '2.4.3'}",7955,50,source,125465,0.0004781660027219914,270677,1.0,50,4a8493d220a8b70849c6c18b9610a3d2629ec8e0c94dd02637fcd7c183c1321a,ok,724,128685,50,0,1
0,2564.92,0.023854874998505693,zstd,thematic,125026,0.4619010850570976,96,575b54aa2332ad8e6e45652023cb8e286ff631a4d1721aef1d7e4bd696f3bee8,270677,0,none,0,2.110607738253045,53eb9cd8d4aa893c2747d09fc2d647d6ebc4bf394da4df5aeaf9171f7595a7b2,0.022612875000049826,571.9970744746885,601.8949663368521,0b2dfc134b4933b23b09350fdfe938d0af718001cb10c8fbd346fea1287df689,2400,3e8825633ad61c958a17,19,"{'zstandard': '0.25.0', 'brotli': '1.2.0', 'numpy': '2.4.3'}",7955,50,source,125026,0.0004512919986154884,270677,1.0,50,4a8493d220a8b70849c6c18b9610a3d2629ec8e0c94dd02637fcd7c183c1321a,ok,724,128246,50,0,1
0,2564.92,0.024678917005076073,zstd,thematic,125026,0.4619010850570976,96,575b54aa2332ad8e6e45652023cb8e286ff631a4d1721aef1d7e4bd696f3bee8,270677,0,none,0,2.110607738253045,53eb9cd8d4aa893c2747d09fc2d647d6ebc4bf394da4df5aeaf9171f7595a7b2,0.023352625001280103,522.237267975737,579.2165524178914,0b2dfc134b4933b23b09350fdfe938d0af718001cb10c8fbd346fea1287df689,2400,e6ac688f34acfa1af849,22,"{'zstandard': '0.25.0', 'brotli': '1.2.0', 'numpy': '2.4.3'}",7955,50,source,125026,0.0004942919986206107,270677,1.0,50,4a8493d220a8b70849c6c18b9610a3d2629ec8e0c94dd02637fcd7c183c1321a,ok,724,128246,50,0,1
0,2382.98,0.031264582998119295,zstd,thematic,107737,0.39802790780154945,96,575b54aa2332ad8e6e45652023cb8e286ff631a4d1721aef1d7e4bd696f3bee8,270677,8192,global,8192,2.2717521758470487,53eb9cd8d4aa893c2747d09fc2d647d6ebc4bf394da4df5aeaf9171f7595a7b2,0.029279957998369355,314.2590214050186,331.9924013250397,0b2dfc134b4933b23b09350fdfe938d0af718001cb10c8fbd346fea1287df689,2400,09eba63b357327b162da,19,"{'zstandard': '0.25.0', 'brotli': '1.2.0', 'numpy': '2.4.3'}",7955,50,source,107737,0.0008214170011342503,270677,1.0,50,4a8493d220a8b70849c6c18b9610a3d2629ec8e0c94dd02637fcd7c183c1321a,ok,724,119149,50,0,1
0,2300.86,0.04807158300536685,zstd,thematic,103631,0.3828585361888893,96,575b54aa2332ad8e6e45652023cb8e286ff631a4d1721aef1d7e4bd696f3bee8,270677,8192,pack,8192,2.3528332884225898,53eb9cd8d4aa893c2747d09fc2d647d6ebc4bf394da4df5aeaf9171f7595a7b2,0.029687541995372158,314.2594027651785,320.10488777748276,0b2dfc134b4933b23b09350fdfe938d0af718001cb10c8fbd346fea1287df689,2400,c280c88802f7d89963bb,19,"{'zstandard': '0.25.0', 'brotli': '1.2.0', 'numpy': '2.4.3'}",7955,50,source,103631,0.0008214160043280572,270677,1.0,50,4a8493d220a8b70849c6c18b9610a3d2629ec8e0c94dd02637fcd7c183c1321a,ok,724,115043,50,0,1
0,2478.24,0.044141083999420516,zstd,thematic,104308,0.3853596722292622,96,575b54aa2332ad8e6e45652023cb8e286ff631a4d1721aef1d7e4bd696f3bee8,270677,16384,global,16384,2.184429272386855,53eb9cd8d4aa893c2747d09fc2d647d6ebc4bf394da4df5aeaf9171f7595a7b2,0.04213924999930896,323.93750971611405,324.3616493610341,0b2dfc134b4933b23b09350fdfe938d0af718001cb10c8fbd346fea1287df689,2400,dbdb5332997469d1277b,19,"{'zstandard': '0.25.0', 'brotli': '1.2.0', 'numpy': '2.4.3'}",7955,50,source,104308,0.000796874999650754,270677,1.0,50,4a8493d220a8b70849c6c18b9610a3d2629ec8e0c94dd02637fcd7c183c1321a,ok,724,123912,50,0,1
0,2330.94,0.060773375000280794,zstd,thematic,96943,0.35815011988458567,96,575b54aa2332ad8e6e45652023cb8e286ff631a4d1721aef1d7e4bd696f3bee8,270677,16384,pack,16384,2.3224707628681993,53eb9cd8d4aa893c2747d09fc2d647d6ebc4bf394da4df5aeaf9171f7595a7b2,0.041283417005615775,320.41918388686213,344.4325144585846,0b2dfc134b4933b23b09350fdfe938d0af718001cb10c8fbd346fea1287df689,2400,4ce6b407d676cbdd7376,19,"{'zstandard': '0.25.0', 'brotli': '1.2.0', 'numpy': '2.4.3'}",7955,50,source,96943,0.0008056249935179949,270677,1.0,50,4a8493d220a8b70849c6c18b9610a3d2629ec8e0c94dd02637fcd7c183c1321a,ok,724,116547,50,0,1
0,2713.32,0.07401591600500979,zstd,thematic,99678,0.36825441393247305,96,575b54aa2332ad8e6e45652023cb8e286ff631a4d1721aef1d7e4bd696f3bee8,270677,32768,global,32768,1.9951719664470096,53eb9cd8d4aa893c2747d09fc2d647d6ebc4bf394da4df5aeaf9171f7595a7b2,0.07185341600415995,306.8804450638804,308.23958115975825,0b2dfc134b4933b23b09350fdfe938d0af718001cb10c8fbd346fea1287df689,2400,cf69dc3e6373208587e5,19,"{'zstandard': '0.25.0', 'brotli': '1.2.0', 'numpy': '2.4.3'}",7955,50,source,99678,0.0008411669987253845,270677,1.0,50,4a8493d220a8b70849c6c18b9610a3d2629ec8e0c94dd02637fcd7c183c1321a,ok,724,135666,50,0,1
0,2456.44,0.0863630829990143,zstd,thematic,86834,0.3208030235298899,96,575b54aa2332ad8e6e45652023cb8e286ff631a4d1721aef1d7e4bd696f3bee8,270677,32768,pack,32768,2.203815277393301,53eb9cd8d4aa893c2747d09fc2d647d6ebc4bf394da4df5aeaf9171f7595a7b2,0.06714608299807878,293.93686223067397,334.4835780247056,0b2dfc134b4933b23b09350fdfe938d0af718001cb10c8fbd346fea1287df689,2400,1c95e7072f557dfb9b75,19,"{'zstandard': '0.25.0', 'brotli': '1.2.0', 'numpy': '2.4.3'}",7955,50,source,86834,0.0008782079967204481,270677,1.0,50,4a8493d220a8b70849c6c18b9610a3d2629ec8e0c94dd02637fcd7c183c1321a,ok,724,122822,50,0,1
0,3281.7,0.15002008299779845,zstd,thematic,95329,0.35218729334224924,96,575b54aa2332ad8e6e45652023cb8e286ff631a4d1721aef1d7e4bd696f3bee8,270677,65536,global,65536,1.649614529055063,53eb9cd8d4aa893c2747d09fc2d647d6ebc4bf394da4df5aeaf9171f7595a7b2,0.14774670799670275,271.0343289197896,291.40673447500285,0b2dfc134b4933b23b09350fdfe938d0af718001cb10c8fbd346fea1287df689,2400,c3335395c2115e8b1e32,19,"{'zstandard': '0.25.0', 'brotli': '1.2.0', 'numpy': '2.4.3'}",7955,50,source,95329,0.0009524170018266886,270677,1.0,50,4a8493d220a8b70849c6c18b9610a3d2629ec8e0c94dd02637fcd7c183c1321a,ok,724,164085,50,0,1
0,2774.32,0.1585422499993001,zstd,thematic,69960,0.25846303897265005,96,575b54aa2332ad8e6e45652023cb8e286ff631a4d1721aef1d7e4bd696f3bee8,270677,65536,pack,65536,1.9513033824504744,53eb9cd8d4aa893c2747d09fc2d647d6ebc4bf394da4df5aeaf9171f7595a7b2,0.13494949999585515,342.83102115837096,363.3608190188899,0b2dfc134b4933b23b09350fdfe938d0af718001cb10c8fbd346fea1287df689,2400,745c054b3be34ebee1f0,19,"{'zstandard': '0.25.0', 'brotli': '1.2.0', 'numpy': '2.4.3'}",7955,50,source,69960,0.0007529590002377518,270677,1.0,50,4a8493d220a8b70849c6c18b9610a3d2629ec8e0c94dd02637fcd7c183c1321a,ok,724,138716,50,0,1
16384,2366.64,0.028949791994818952,zstd,thematic,292786,1.081680379197346,96,575b54aa2332ad8e6e45652023cb8e286ff631a4d1721aef1d7e4bd696f3bee8,691902,0,none,0,2.28743704154413,53eb9cd8d4aa893c2747d09fc2d647d6ebc4bf394da4df5aeaf9171f7595a7b2,0.027216041002247948,667.5817668344795,677.0824996644471,0b2dfc134b4933b23b09350fdfe938d0af718001cb10c8fbd346fea1287df689,2400,746fe4498e4e41582892,19,"{'zstandard': '0.25.0', 'brotli': '1.2.0', 'numpy': '2.4.3'}",16192,50,alphabetical,115112,0.0009884169994620606,270677,2.5561905887829406,50,4a8493d220a8b70849c6c18b9610a3d2629ec8e0c94dd02637fcd7c183c1321a,ok,724,118332,20,421225,1
16384,2381.72,0.02856091699504759,zstd,thematic,285915,1.0562958803296918,96,575b54aa2332ad8e6e45652023cb8e286ff631a4d1721aef1d7e4bd696f3bee8,668965,0,none,0,2.272953999630519,53eb9cd8d4aa893c2747d09fc2d647d6ebc4bf394da4df5aeaf9171f7595a7b2,0.026892458998190705,692.8859529061933,679.2346680974468,0b2dfc134b4933b23b09350fdfe938d0af718001cb10c8fbd346fea1287df689,2400,72055201eb5f74a824fc,19,"{'zstandard': '0.25.0', 'brotli': '1.2.0', 'numpy': '2.4.3'}",16229,50,random,115866,0.0009207499970216304,270677,2.471451213069452,50,4a8493d220a8b70849c6c18b9610a3d2629ec8e0c94dd02637fcd7c183c1321a,ok,724,119086,21,398288,1
16384,2377.12,0.02861112499522278,zstd,thematic,284138,1.0497308600287427,96,575b54aa2332ad8e6e45652023cb8e286ff631a4d1721aef1d7e4bd696f3bee8,668161,0,none,0,2.2773524264656393,53eb9cd8d4aa893c2747d09fc2d647d6ebc4bf394da4df5aeaf9171f7595a7b2,0.026809625000169035,609.0154442230718,631.9794770678071,0b2dfc134b4933b23b09350fdfe938d0af718001cb10c8fbd346fea1287df689,2400,35248bcc6ca2f025d3c0,19,"{'zstandard': '0.25.0', 'brotli': '1.2.0', 'numpy': '2.4.3'}",16342,50,semantic,115636,0.00104629199631745,270677,2.4684808831189944,50,4a8493d220a8b70849c6c18b9610a3d2629ec8e0c94dd02637fcd7c183c1321a,ok,724,118856,21,397484,1
16384,2375.6,0.028833500000473578,zstd,thematic,292369,1.0801397976185638,96,575b54aa2332ad8e6e45652023cb8e286ff631a4d1721aef1d7e4bd696f3bee8,688109,0,none,0,2.2788095638996464,53eb9cd8d4aa893c2747d09fc2d647d6ebc4bf394da4df5aeaf9171f7595a7b2,0.027043374997447245,662.8330340576631,639.0211404574226,0b2dfc134b4933b23b09350fdfe938d0af718001cb10c8fbd346fea1287df689,2400,e71ac59b37c180955e71,19,"{'zstandard': '0.25.0', 'brotli': '1.2.0', 'numpy': '2.4.3'}",16361,50,source,115560,0.000990041000477504,270677,2.542177576964426,50,4a8493d220a8b70849c6c18b9610a3d2629ec8e0c94dd02637fcd7c183c1321a,ok,724,118780,20,417432,1
32768,2221.68,0.03939070799970068,zstd,thematic,602137,2.224559160918733,96,575b54aa2332ad8e6e45652023cb8e286ff631a4d1721aef1d7e4bd696f3bee8,1513332,0,none,0,2.4366875517626303,53eb9cd8d4aa893c2747d09fc2d647d6ebc4bf394da4df5aeaf9171f7595a7b2,0.03633283299859613,661.8532099378784,775.770703625222,0b2dfc134b4933b23b09350fdfe938d0af718001cb10c8fbd346fea1287df689,2400,2c9329ddeb996c630070,19,"{'zstandard': '0.25.0', 'brotli': '1.2.0', 'numpy': '2.4.3'}",32728,50,alphabetical,107864,0.0021805830037919804,270677,5.590914632569446,50,4a8493d220a8b70849c6c18b9610a3d2629ec8e0c94dd02637fcd7c183c1321a,ok,724,111084,9,1242655,1
32768,2240.54,0.03773733299749438,zstd,thematic,578017,2.1354492624050065,96,575b54aa2332ad8e6e45652023cb8e286ff631a4d1721aef1d7e4bd696f3bee8,1440770,0,none,0,2.4161764574611477,53eb9cd8d4aa893c2747d09fc2d647d6ebc4bf394da4df5aeaf9171f7595a7b2,0.03512062500522006,754.3542530950749,737.8883785776661,0b2dfc134b4933b23b09350fdfe938d0af718001cb10c8fbd346fea1287df689,2400,ae37e46ca255f458eb99,19,"{'zstandard': '0.25.0', 'brotli': '1.2.0', 'numpy': '2.4.3'}",31540,50,random,108807,0.001821459001803305,270677,5.322838660100415,50,4a8493d220a8b70849c6c18b9610a3d2629ec8e0c94dd02637fcd7c183c1321a,ok,724,112027,10,1170093,1
32768,2226.36,0.037815499999851454,zstd,thematic,579518,2.1409946172005747,96,575b54aa2332ad8e6e45652023cb8e286ff631a4d1721aef1d7e4bd696f3bee8,1456660,0,none,0,2.431565425178318,53eb9cd8d4aa893c2747d09fc2d647d6ebc4bf394da4df5aeaf9171f7595a7b2,0.0351357090039528,748.7993169982838,810.2682930784227,0b2dfc134b4933b23b09350fdfe938d0af718001cb10c8fbd346fea1287df689,2400,93f4699c5c275bab6397,19,"{'zstandard': '0.25.0', 'brotli': '1.2.0', 'numpy': '2.4.3'}",32270,50,semantic,108098,0.0018552089968579821,270677,5.381543315464557,50,4a8493d220a8b70849c6c18b9610a3d2629ec8e0c94dd02637fcd7c183c1321a,ok,724,111318,10,1185983,1
32768,2238.16,0.037386832998890895,zstd,thematic,580053,2.1429711427273097,96,575b54aa2332ad8e6e45652023cb8e286ff631a4d1721aef1d7e4bd696f3bee8,1448123,0,none,0,2.4187457554419702,53eb9cd8d4aa893c2747d09fc2d647d6ebc4bf394da4df5aeaf9171f7595a7b2,0.03449883300345391,782.2360285613667,683.9588584147401,0b2dfc134b4933b23b09350fdfe938d0af718001cb10c8fbd346fea1287df689,2400,4a225023eed466fd63e5,19,"{'zstandard': '0.25.0', 'brotli': '1.2.0', 'numpy': '2.4.3'}",32143,50,source,108688,0.0017655000046943314,270677,5.350003879162249,50,4a8493d220a8b70849c6c18b9610a3d2629ec8e0c94dd02637fcd7c183c1321a,ok,724,111908,10,1177446,1
65536,2100.5,0.046098874998278916,zstd,thematic,1109094,4.097481500090514,96,575b54aa2332ad8e6e45652023cb8e286ff631a4d1721aef1d7e4bd696f3bee8,2962374,0,none,0,2.5772625565341585,53eb9cd8d4aa893c2747d09fc2d647d6ebc4bf394da4df5aeaf9171f7595a7b2,0.041974167004809715,850.3909783737698,799.6013449679658,0b2dfc134b4933b23b09350fdfe938d0af718001cb10c8fbd346fea1287df689,2400,0863d61c625fd574d094,19,"{'zstandard': '0.25.0', 'brotli': '1.2.0', 'numpy': '2.4.3'}",65095,50,alphabetical,101805,0.003322166005091276,270677,10.944313702309394,50,4a8493d220a8b70849c6c18b9610a3d2629ec8e0c94dd02637fcd7c183c1321a,ok,724,105025,5,2691697,1
65536,2122.84,0.0411983749945648,zstd,thematic,1115036,4.1194338639781,96,575b54aa2332ad8e6e45652023cb8e286ff631a4d1721aef1d7e4bd696f3bee8,2946005,0,none,0,2.55014037798421,53eb9cd8d4aa893c2747d09fc2d647d6ebc4bf394da4df5aeaf9171f7595a7b2,0.037606874997436535,940.9138738142404,957.5444249776917,0b2dfc134b4933b23b09350fdfe938d0af718001cb10c8fbd346fea1287df689,2400,477a5750b17048bff4a4,19,"{'zstandard': '0.25.0', 'brotli': '1.2.0', 'numpy': '2.4.3'}",64882,50,random,102922,0.002985957995406352,270677,10.883839410071783,50,4a8493d220a8b70849c6c18b9610a3d2629ec8e0c94dd02637fcd7c183c1321a,ok,724,106142,5,2675328,1
65536,2098.88,0.05511991700041108,zstd,thematic,1071042,3.9569006601964705,96,575b54aa2332ad8e6e45652023cb8e286ff631a4d1721aef1d7e4bd696f3bee8,2864526,0,none,0,2.579251791431621,53eb9cd8d4aa893c2747d09fc2d647d6ebc4bf394da4df5aeaf9171f7595a7b2,0.03799895900010597,810.8208409777349,790.7201355579743,0b2dfc134b4933b23b09350fdfe938d0af718001cb10c8fbd346fea1287df689,2400,72f504d272da9defb042,19,"{'zstandard': '0.25.0', 'brotli': '1.2.0', 'numpy': '2.4.3'}",62970,50,semantic,101724,0.0033692090000840835,270677,10.582820114010426,50,4a8493d220a8b70849c6c18b9610a3d2629ec8e0c94dd02637fcd7c183c1321a,ok,724,104944,5,2593849,1
65536,2107.2,0.04545279200101504,zstd,thematic,1106812,4.089050787469937,96,575b54aa2332ad8e6e45652023cb8e286ff631a4d1721aef1d7e4bd696f3bee8,2942895,0,none,0,2.569067957479119,53eb9cd8d4aa893c2747d09fc2d647d6ebc4bf394da4df5aeaf9171f7595a7b2,0.04108620800252538,871.2766681948655,820.0288463445335,0b2dfc134b4933b23b09350fdfe938d0af718001cb10c8fbd346fea1287df689,2400,1788d67a9b654b57d8dc,19,"{'zstandard': '0.25.0', 'brotli': '1.2.0', 'numpy': '2.4.3'}",65335,50,source,102140,0.003221208004106302,270677,10.872349700935063,50,4a8493d220a8b70849c6c18b9610a3d2629ec8e0c94dd02637fcd7c183c1321a,ok,724,105360,5,2672218,1
131072,1982.72,0.05673341600049753,zstd,thematic,2129552,7.867502595344266,96,575b54aa2332ad8e6e45652023cb8e286ff631a4d1721aef1d7e4bd696f3bee8,6054377,0,none,0,2.730360313105229,53eb9cd8d4aa893c2747d09fc2d647d6ebc4bf394da4df5aeaf9171f7595a7b2,0.04694312500214437,879.9894542936257,869.0276352995327,0b2dfc134b4933b23b09350fdfe938d0af718001cb10c8fbd346fea1287df689,2400,a1d1b473ba2e5e8c3612,19,"{'zstandard': '0.25.0', 'brotli': '1.2.0', 'numpy': '2.4.3'}",127906,50,alphabetical,95916,0.00656133300071815,270677,22.36753399808628,50,4a8493d220a8b70849c6c18b9610a3d2629ec8e0c94dd02637fcd7c183c1321a,ok,724,99136,3,5783700,1
131072,1999.8,0.053503041999647394,zstd,thematic,2123595,7.845494814853128,96,575b54aa2332ad8e6e45652023cb8e286ff631a4d1721aef1d7e4bd696f3bee8,5999132,0,none,0,2.707040704070407,53eb9cd8d4aa893c2747d09fc2d647d6ebc4bf394da4df5aeaf9171f7595a7b2,0.04686824999953387,958.0471573482079,1012.4714976330692,0b2dfc134b4933b23b09350fdfe938d0af718001cb10c8fbd346fea1287df689,2400,4401ecb1c94867481dbc,19,"{'zstandard': '0.25.0', 'brotli': '1.2.0', 'numpy': '2.4.3'}",128671,50,random,96770,0.005971749997115694,270677,22.16343464719943,50,4a8493d220a8b70849c6c18b9610a3d2629ec8e0c94dd02637fcd7c183c1321a,ok,724,99990,3,5728455,1
131072,1977.68,0.054289792002236936,zstd,thematic,2108119,7.788319657747056,96,575b54aa2332ad8e6e45652023cb8e286ff631a4d1721aef1d7e4bd696f3bee8,6030445,0,none,0,2.7373184741717567,53eb9cd8d4aa893c2747d09fc2d647d6ebc4bf394da4df5aeaf9171f7595a7b2,0.04732199999853037,921.6352582096551,847.047426995763,0b2dfc134b4933b23b09350fdfe938d0af718001cb10c8fbd346fea1287df689,2400,14da3bb747ffca37ba50,19,"{'zstandard': '0.25.0', 'brotli': '1.2.0', 'numpy': '2.4.3'}",128249,50,semantic,95664,0.006240083006559871,270677,22.27911865433709,50,4a8493d220a8b70849c6c18b9610a3d2629ec8e0c94dd02637fcd7c183c1321a,ok,724,98884,3,5759768,1
131072,1985.94,0.0546307090044138,zstd,thematic,2193692,8.104463992138232,96,575b54aa2332ad8e6e45652023cb8e286ff631a4d1721aef1d7e4bd696f3bee8,6231294,0,none,0,2.7259333111775783,53eb9cd8d4aa893c2747d09fc2d647d6ebc4bf394da4df5aeaf9171f7595a7b2,0.046982207997643854,854.0146454027142,860.8176874423777,0b2dfc134b4933b23b09350fdfe938d0af718001cb10c8fbd346fea1287df689,2400,27e629e53630fd1750a9,19,"{'zstandard': '0.25.0', 'brotli': '1.2.0', 'numpy': '2.4.3'}",130279,50,source,96077,0.00695845800510142,270677,23.02114328147571,50,4a8493d220a8b70849c6c18b9610a3d2629ec8e0c94dd02637fcd7c183c1321a,ok,724,99297,3,5960617,1
262144,1882.24,0.10528912500012666,zstd,thematic,4004976,14.796144482168785,96,575b54aa2332ad8e6e45652023cb8e286ff631a4d1721aef1d7e4bd696f3bee8,12063799,0,none,0,2.8761156919415165,53eb9cd8d4aa893c2747d09fc2d647d6ebc4bf394da4df5aeaf9171f7595a7b2,0.09230591599771287,938.1445153448234,1064.301029326211,0b2dfc134b4933b23b09350fdfe938d0af718001cb10c8fbd346fea1287df689,2400,0b30198131730757256f,19,"{'zstandard': '0.25.0', 'brotli': '1.2.0', 'numpy': '2.4.3'}",255722,50,alphabetical,90892,0.012263500000699423,270677,44.56898443532328,50,4a8493d220a8b70849c6c18b9610a3d2629ec8e0c94dd02637fcd7c183c1321a,ok,724,94112,2,11793122,1
262144,1883.86,0.05402637499355478,zstd,thematic,4093832,15.12441766385766,96,575b54aa2332ad8e6e45652023cb8e286ff631a4d1721aef1d7e4bd696f3bee8,12361606,0,none,0,2.8736424150414575,53eb9cd8d4aa893c2747d09fc2d647d6ebc4bf394da4df5aeaf9171f7595a7b2,0.04197537500294857,1035.0789818968951,974.2552644893047,0b2dfc134b4933b23b09350fdfe938d0af718001cb10c8fbd346fea1287df689,2400,ed1d27ba1860fe1dd075,19,"{'zstandard': '0.25.0', 'brotli': '1.2.0', 'numpy': '2.4.3'}",256962,50,random,90973,0.011389416999008972,270677,45.66921459895004,50,4a8493d220a8b70849c6c18b9610a3d2629ec8e0c94dd02637fcd7c183c1321a,ok,724,94193,2,12090929,1
262144,1873.42,0.05467208300251514,zstd,thematic,4114822,15.201963964429929,96,575b54aa2332ad8e6e45652023cb8e286ff631a4d1721aef1d7e4bd696f3bee8,12482770,0,none,0,2.889656350417952,53eb9cd8d4aa893c2747d09fc2d647d6ebc4bf394da4df5aeaf9171f7595a7b2,0.04246883300220361,1026.998578026996,1067.4213458059166,0b2dfc134b4933b23b09350fdfe938d0af718001cb10c8fbd346fea1287df689,2400,e63123e5b27873967f10,19,"{'zstandard': '0.25.0', 'brotli': '1.2.0', 'numpy': '2.4.3'}",259596,50,semantic,90451,0.01159154199558543,270677,46.11684775581228,50,4a8493d220a8b70849c6c18b9610a3d2629ec8e0c94dd02637fcd7c183c1321a,ok,724,93671,2,12212093,1
262144,1879.08,0.05754391600203235,zstd,thematic,4121138,15.225298048966112,96,575b54aa2332ad8e6e45652023cb8e286ff631a4d1721aef1d7e4bd696f3bee8,12434286,0,none,0,2.880952380952381,53eb9cd8d4aa893c2747d09fc2d647d6ebc4bf394da4df5aeaf9171f7595a7b2,0.04452287500316743,970.9869898993046,921.7821101108718,0b2dfc134b4933b23b09350fdfe938d0af718001cb10c8fbd346fea1287df689,2400,ac218b34af8de9a89a87,19,"{'zstandard': '0.25.0', 'brotli': '1.2.0', 'numpy': '2.4.3'}",258542,50,source,90734,0.01221258299483452,270677,45.937726515367025,50,4a8493d220a8b70849c6c18b9610a3d2629ec8e0c94dd02637fcd7c183c1321a,ok,724,93954,2,12163609,1
0,1853.66,0.4511865829990711,brotli,mixed,178968,0.37129289044071423,96,575b54aa2332ad8e6e45652023cb8e286ff631a4d1721aef1d7e4bd696f3bee8,482013,0,none,0,2.600331236580603,53eb9cd8d4aa893c2747d09fc2d647d6ebc4bf394da4df5aeaf9171f7595a7b2,0.4455027079966385,168.64214853226423,195.80435347146732,0b2dfc134b4933b23b09350fdfe938d0af718001cb10c8fbd346fea1287df689,4800,bf8189e8558c06268839,11,"{'zstandard': '0.25.0', 'brotli': '1.2.0', 'numpy': '2.4.3'}",7608,100,source,178968,0.0027257919937255792,482013,1.0,100,c709c6970b3315f75afaa42f541c56fc63088557264ce41b495420ab9f78f824,ok,1502,185366,100,0,1
65536,1723.42,0.44445445900055347,brotli,mixed,2127506,4.413793818838911,96,575b54aa2332ad8e6e45652023cb8e286ff631a4d1721aef1d7e4bd696f3bee8,6182457,0,none,0,2.7968400041777395,53eb9cd8d4aa893c2747d09fc2d647d6ebc4bf394da4df5aeaf9171f7595a7b2,0.425887249999505,358.221088628829,279.1882283958844,0b2dfc134b4933b23b09350fdfe938d0af718001cb10c8fbd346fea1287df689,4800,1cec45d711329f7269da,11,"{'zstandard': '0.25.0', 'brotli': '1.2.0', 'numpy': '2.4.3'}",65240,100,semantic,165944,0.016459250000480097,482013,12.826328335542817,100,c709c6970b3315f75afaa42f541c56fc63088557264ce41b495420ab9f78f824,ok,1502,172342,8,5700444,1
0,2341.18,0.012908249998872634,gzip,mixed,227720,0.4724353907467226,96,575b54aa2332ad8e6e45652023cb8e286ff631a4d1721aef1d7e4bd696f3bee8,482013,0,none,0,2.058846393698904,53eb9cd8d4aa893c2747d09fc2d647d6ebc4bf394da4df5aeaf9171f7595a7b2,0.009606790998077486,363.05117468000986,308.3916946178699,0b2dfc134b4933b23b09350fdfe938d0af718001cb10c8fbd346fea1287df689,4800,87a6ac139c47a59690f7,9,"{'zstandard': '0.25.0', 'brotli': '1.2.0', 'numpy': '2.4.3'}",7608,100,source,227720,0.001266167004359886,482013,1.0,100,c709c6970b3315f75afaa42f541c56fc63088557264ce41b495420ab9f78f824,ok,1502,234118,100,0,1
65536,2055.31,0.023339042003499344,gzip,mixed,2551725,5.293892488376869,96,575b54aa2332ad8e6e45652023cb8e286ff631a4d1721aef1d7e4bd696f3bee8,6182457,0,none,0,2.345208265419815,53eb9cd8d4aa893c2747d09fc2d647d6ebc4bf394da4df5aeaf9171f7595a7b2,0.015889374997641426,931.8995939662749,786.5123199964306,0b2dfc134b4933b23b09350fdfe938d0af718001cb10c8fbd346fea1287df689,4800,bbe4b65f9300208ea206,9,"{'zstandard': '0.25.0', 'brotli': '1.2.0', 'numpy': '2.4.3'}",65240,100,semantic,199133,0.006326916001853533,482013,12.826328335542817,100,c709c6970b3315f75afaa42f541c56fc63088557264ce41b495420ab9f78f824,ok,1502,205531,8,5700444,1
0,2397.54,0.17275225000048522,xz,mixed,233356,0.48412802144340505,96,575b54aa2332ad8e6e45652023cb8e286ff631a4d1721aef1d7e4bd696f3bee8,482013,0,none,0,2.01044820941465,53eb9cd8d4aa893c2747d09fc2d647d6ebc4bf394da4df5aeaf9171f7595a7b2,0.13311283299844945,23.62904658419101,23.444414061553783,0b2dfc134b4933b23b09350fdfe938d0af718001cb10c8fbd346fea1287df689,4800,330ab5af6520f74ae4c4,9,"{'zstandard': '0.25.0', 'brotli': '1.2.0', 'numpy': '2.4.3'}",7608,100,source,233356,0.019454166998912115,482013,1.0,100,c709c6970b3315f75afaa42f541c56fc63088557264ce41b495420ab9f78f824,ok,1502,239754,100,0,1
65536,1928.06,0.361165374997654,xz,mixed,2387008,4.9521651905654,96,575b54aa2332ad8e6e45652023cb8e286ff631a4d1721aef1d7e4bd696f3bee8,6182457,0,none,0,2.4999896268788317,53eb9cd8d4aa893c2747d09fc2d647d6ebc4bf394da4df5aeaf9171f7595a7b2,0.15694754200376337,31.333512000114048,29.700827396629006,0b2dfc134b4933b23b09350fdfe938d0af718001cb10c8fbd346fea1287df689,4800,f41b3ec6e12dfaca6c4b,9,"{'zstandard': '0.25.0', 'brotli': '1.2.0', 'numpy': '2.4.3'}",65240,100,semantic,186408,0.18817074999969918,482013,12.826328335542817,100,c709c6970b3315f75afaa42f541c56fc63088557264ce41b495420ab9f78f824,ok,1502,192806,8,5700444,1
0,2386.28,0.005175750004127622,zstd,mixed,232230,0.4817919848634788,96,575b54aa2332ad8e6e45652023cb8e286ff631a4d1721aef1d7e4bd696f3bee8,482013,0,none,0,2.0199347939051577,53eb9cd8d4aa893c2747d09fc2d647d6ebc4bf394da4df5aeaf9171f7595a7b2,0.0028531669959193096,484.1749242246766,519.9062362423607,0b2dfc134b4933b23b09350fdfe938d0af718001cb10c8fbd346fea1287df689,4800,73fdf2a12de2ff2439f2,3,"{'zstandard': '0.25.0', 'brotli': '1.2.0', 'numpy': '2.4.3'}",7608,100,source,232230,0.0009494159967289306,482013,1.0,100,c709c6970b3315f75afaa42f541c56fc63088557264ce41b495420ab9f78f824,ok,1502,238628,100,0,1
0,2325.52,0.011820416002592538,zstd,mixed,226154,0.4691865157163811,96,575b54aa2332ad8e6e45652023cb8e286ff631a4d1721aef1d7e4bd696f3bee8,482013,0,none,0,2.072710619560356,53eb9cd8d4aa893c2747d09fc2d647d6ebc4bf394da4df5aeaf9171f7595a7b2,0.009511750002275221,492.49595864064696,527.1846681890098,0b2dfc134b4933b23b09350fdfe938d0af718001cb10c8fbd346fea1287df689,4800,18bcd0a070385a4ef93d,9,"{'zstandard': '0.25.0', 'brotli': '1.2.0', 'numpy': '2.4.3'}",7608,100,source,226154,0.0009333750058431178,482013,1.0,100,c709c6970b3315f75afaa42f541c56fc63088557264ce41b495420ab9f78f824,ok,1502,232552,100,0,1
0,2306.24,0.02509795899823075,zstd,mixed,224226,0.46518662359728885,96,575b54aa2332ad8e6e45652023cb8e286ff631a4d1721aef1d7e4bd696f3bee8,482013,0,none,0,2.0900383307895103,53eb9cd8d4aa893c2747d09fc2d647d6ebc4bf394da4df5aeaf9171f7595a7b2,0.022832791997643653,532.2978999467722,562.2461051662187,0b2dfc134b4933b23b09350fdfe938d0af718001cb10c8fbd346fea1287df689,4800,6dfb7b8b506770e39435,15,"{'zstandard': '0.25.0', 'brotli': '1.2.0', 'numpy': '2.4.3'}",7608,100,source,224226,0.0008635830017738044,482013,1.0,100,c709c6970b3315f75afaa42f541c56fc63088557264ce41b495420ab9f78f824,ok,1502,230624,100,0,1
0,2298.91,0.04470141599449562,zstd,mixed,223493,0.4636659177242108,96,575b54aa2332ad8e6e45652023cb8e286ff631a4d1721aef1d7e4bd696f3bee8,482013,0,none,0,2.096702350244246,53eb9cd8d4aa893c2747d09fc2d647d6ebc4bf394da4df5aeaf9171f7595a7b2,0.042404540996358264,523.4083892317285,550.4913724248229,0b2dfc134b4933b23b09350fdfe938d0af718001cb10c8fbd346fea1287df689,4800,2570790ddeee9117f1d5,19,"{'zstandard': '0.25.0', 'brotli': '1.2.0', 'numpy': '2.4.3'}",7608,100,source,223493,0.0008782500008237548,482013,1.0,100,c709c6970b3315f75afaa42f541c56fc63088557264ce41b495420ab9f78f824,ok,1502,229891,100,0,1
0,2298.91,0.04211366599338362,zstd,mixed,223493,0.4636659177242108,96,575b54aa2332ad8e6e45652023cb8e286ff631a4d1721aef1d7e4bd696f3bee8,482013,0,none,0,2.096702350244246,53eb9cd8d4aa893c2747d09fc2d647d6ebc4bf394da4df5aeaf9171f7595a7b2,0.03979716599860694,477.42798375827357,565.4454685120606,0b2dfc134b4933b23b09350fdfe938d0af718001cb10c8fbd346fea1287df689,4800,ae6a326593fe9a38b29a,22,"{'zstandard': '0.25.0', 'brotli': '1.2.0', 'numpy': '2.4.3'}",7608,100,source,223493,0.0009628330008126795,482013,1.0,100,c709c6970b3315f75afaa42f541c56fc63088557264ce41b495420ab9f78f824,ok,1502,229891,100,0,1
0,2094.95,0.05456758299987996,zstd,mixed,194905,0.40435631404132255,96,575b54aa2332ad8e6e45652023cb8e286ff631a4d1721aef1d7e4bd696f3bee8,482013,8192,global,8192,2.300832955440464,53eb9cd8d4aa893c2747d09fc2d647d6ebc4bf394da4df5aeaf9171f7595a7b2,0.050966291993972845,295.4500957342291,314.35815734347665,0b2dfc134b4933b23b09350fdfe938d0af718001cb10c8fbd346fea1287df689,4800,18d6fed5633c5fd297d9,19,"{'zstandard': '0.25.0', 'brotli': '1.2.0', 'numpy': '2.4.3'}",7608,100,source,194905,0.0015558750019408762,482013,1.0,100,c709c6970b3315f75afaa42f541c56fc63088557264ce41b495420ab9f78f824,ok,1502,209495,100,0,1
0,2083.89,0.08080049999989569,zstd,mixed,193799,0.40206177011823335,96,575b54aa2332ad8e6e45652023cb8e286ff631a4d1721aef1d7e4bd696f3bee8,482013,8192,pack,8192,2.3130443545484645,53eb9cd8d4aa893c2747d09fc2d647d6ebc4bf394da4df5aeaf9171f7595a7b2,0.04949654200026998,306.4384517483693,319.28002700536297,0b2dfc134b4933b23b09350fdfe938d0af718001cb10c8fbd346fea1287df689,4800,12024001428053c56a1f,19,"{'zstandard': '0.25.0', 'brotli': '1.2.0', 'numpy': '2.4.3'}",7608,100,source,193799,0.0015000839994172566,482013,1.0,100,c709c6970b3315f75afaa42f541c56fc63088557264ce41b495420ab9f78f824,ok,1502,208389,100,0,1
0,2120.97,0.07829904200480087,zstd,mixed,189315,0.3927591164553653,96,575b54aa2332ad8e6e45652023cb8e286ff631a4d1721aef1d7e4bd696f3bee8,482013,16384,global,16384,2.2726064017878613,53eb9cd8d4aa893c2747d09fc2d647d6ebc4bf394da4df5aeaf9171f7595a7b2,0.07485254199855262,300.34852591000123,320.76515849797823,0b2dfc134b4933b23b09350fdfe938d0af718001cb10c8fbd346fea1287df689,4800,27b4ed6f51df566b32f7,19,"{'zstandard': '0.25.0', 'brotli': '1.2.0', 'numpy': '2.4.3'}",7608,100,source,189315,0.001530499997898005,482013,1.0,100,c709c6970b3315f75afaa42f541c56fc63088557264ce41b495420ab9f78f824,ok,1502,212097,100,0,1
0,2088.63,0.10044166599982418,zstd,mixed,186081,0.3860497538448133,96,575b54aa2332ad8e6e45652023cb8e286ff631a4d1721aef1d7e4bd696f3bee8,482013,16384,pack,16384,2.307795061834791,53eb9cd8d4aa893c2747d09fc2d647d6ebc4bf394da4df5aeaf9171f7595a7b2,0.07073620799928904,312.6566359819124,286.48886521948145,0b2dfc134b4933b23b09350fdfe938d0af718001cb10c8fbd346fea1287df689,4800,3d2b0b5fa3b10a7fd8f1,19,"{'zstandard': '0.25.0', 'brotli': '1.2.0', 'numpy': '2.4.3'}",7608,100,source,186081,0.001470249997510109,482013,1.0,100,c709c6970b3315f75afaa42f541c56fc63088557264ce41b495420ab9f78f824,ok,1502,208863,100,0,1
0,2210.44,0.14133691700408235,zstd,mixed,181878,0.37733007201050595,96,575b54aa2332ad8e6e45652023cb8e286ff631a4d1721aef1d7e4bd696f3bee8,482013,32768,global,32768,2.1806201480248277,53eb9cd8d4aa893c2747d09fc2d647d6ebc4bf394da4df5aeaf9171f7595a7b2,0.1376103329967009,282.2379069802973,298.0844085535943,0b2dfc134b4933b23b09350fdfe938d0af718001cb10c8fbd346fea1287df689,4800,40f53737ad938e9f5776,19,"{'zstandard': '0.25.0', 'brotli': '1.2.0', 'numpy': '2.4.3'}",7608,100,source,181878,0.0016287089965771884,482013,1.0,100,c709c6970b3315f75afaa42f541c56fc63088557264ce41b495420ab9f78f824,ok,1502,221044,100,0,1
0,2137.79,0.15611079100199277,zstd,mixed,174613,0.36225786441444524,96,575b54aa2332ad8e6e45652023cb8e286ff631a4d1721aef1d7e4bd696f3bee8,482013,32768,pack,32768,2.2547256746453113,53eb9cd8d4aa893c2747d09fc2d647d6ebc4bf394da4df5aeaf9171f7595a7b2,0.12656841699936194,284.8174607042306,281.4388851909693,0b2dfc134b4933b23b09350fdfe938d0af718001cb10c8fbd346fea1287df689,4800,ceacfd0e3ba8a9f934ac,19,"{'zstandard': '0.25.0', 'brotli': '1.2.0', 'numpy': '2.4.3'}",7608,100,source,174613,0.0016139579965965822,482013,1.0,100,c709c6970b3315f75afaa42f541c56fc63088557264ce41b495420ab9f78f824,ok,1502,213779,100,0,1
0,2468.2,0.2940271670013317,zstd,mixed,174886,0.36282423918027107,96,575b54aa2332ad8e6e45652023cb8e286ff631a4d1721aef1d7e4bd696f3bee8,482013,65536,global,65536,1.9528927963698242,53eb9cd8d4aa893c2747d09fc2d647d6ebc4bf394da4df5aeaf9171f7595a7b2,0.289814750001824,260.6776606451402,250.67383259032076,0b2dfc134b4933b23b09350fdfe938d0af718001cb10c8fbd346fea1287df689,4800,c743ea181adaee53b889,19,"{'zstandard': '0.25.0', 'brotli': '1.2.0', 'numpy': '2.4.3'}",7608,100,source,174886,0.0017634169998927973,482013,1.0,100,c709c6970b3315f75afaa42f541c56fc63088557264ce41b495420ab9f78f824,ok,1502,246820,100,0,1
0,2303.67,0.30067520900047384,zstd,mixed,158433,0.32869030503326674,96,575b54aa2332ad8e6e45652023cb8e286ff631a4d1721aef1d7e4bd696f3bee8,482013,65536,pack,65536,2.092370000911589,53eb9cd8d4aa893c2747d09fc2d647d6ebc4bf394da4df5aeaf9171f7595a7b2,0.26555212500534253,262.59505968105253,298.3746321181381,0b2dfc134b4933b23b09350fdfe938d0af718001cb10c8fbd346fea1287df689,4800,c769f7c1ae4a6ff32dde,19,"{'zstandard': '0.25.0', 'brotli': '1.2.0', 'numpy': '2.4.3'}",7608,100,source,158433,0.001750540999637451,482013,1.0,100,c709c6970b3315f75afaa42f541c56fc63088557264ce41b495420ab9f78f824,ok,1502,230367,100,0,1
16384,2154.45,0.05115233299875399,zstd,mixed,606430,1.2581195942848014,96,575b54aa2332ad8e6e45652023cb8e286ff631a4d1721aef1d7e4bd696f3bee8,1401071,0,none,0,2.2372902596950497,53eb9cd8d4aa893c2747d09fc2d647d6ebc4bf394da4df5aeaf9171f7595a7b2,0.04807250000158092,696.2821400242154,705.4416551887144,0b2dfc134b4933b23b09350fdfe938d0af718001cb10c8fbd346fea1287df689,4800,ca979d59cc77d9a04df2,19,"{'zstandard': '0.25.0', 'brotli': '1.2.0', 'numpy': '2.4.3'}",16264,100,alphabetical,209047,0.0019190000020898879,482013,2.9067079103675626,100,c709c6970b3315f75afaa42f541c56fc63088557264ce41b495420ab9f78f824,ok,1502,215445,35,919058,1
16384,2156.79,0.05131362500105752,zstd,mixed,604984,1.2551196751954823,96,575b54aa2332ad8e6e45652023cb8e286ff631a4d1721aef1d7e4bd696f3bee8,1395311,0,none,0,2.2348629212857998,53eb9cd8d4aa893c2747d09fc2d647d6ebc4bf394da4df5aeaf9171f7595a7b2,0.04797095799585804,639.7333645959995,663.802772019031,0b2dfc134b4933b23b09350fdfe938d0af718001cb10c8fbd346fea1287df689,4800,96d9fccf7ac5a68142d0,19,"{'zstandard': '0.25.0', 'brotli': '1.2.0', 'numpy': '2.4.3'}",16004,100,random,209281,0.0020800419952138327,482013,2.8947580251984903,100,c709c6970b3315f75afaa42f541c56fc63088557264ce41b495420ab9f78f824,ok,1502,215679,35,913298,1
16384,2141.39,0.05308625000179745,zstd,mixed,608517,1.2624493530257483,96,575b54aa2332ad8e6e45652023cb8e286ff631a4d1721aef1d7e4bd696f3bee8,1415934,0,none,0,2.2509351402593643,53eb9cd8d4aa893c2747d09fc2d647d6ebc4bf394da4df5aeaf9171f7595a7b2,0.04961529199499637,631.0612854487617,663.045417646178,0b2dfc134b4933b23b09350fdfe938d0af718001cb10c8fbd346fea1287df689,4800,78ef734441e4a67cc1ba,19,"{'zstandard': '0.25.0', 'brotli': '1.2.0', 'numpy': '2.4.3'}",16300,100,semantic,207741,0.0021397919990704395,482013,2.937543178296021,100,c709c6970b3315f75afaa42f541c56fc63088557264ce41b495420ab9f78f824,ok,1502,214139,35,933921,1
16384,2153.62,0.05192199999873992,zstd,mixed,603914,1.2528998180546997,96,575b54aa2332ad8e6e45652023cb8e286ff631a4d1721aef1d7e4bd696f3bee8,1396087,0,none,0,2.2381525060131313,53eb9cd8d4aa893c2747d09fc2d647d6ebc4bf394da4df5aeaf9171f7595a7b2,0.048724958003731444,675.1012049588846,662.0494099359522,0b2dfc134b4933b23b09350fdfe938d0af718001cb10c8fbd346fea1287df689,4800,4b13f6294e8dfc23a802,19,"{'zstandard': '0.25.0', 'brotli': '1.2.0', 'numpy': '2.4.3'}",16128,100,source,208964,0.001972166995983571,482013,2.8963679402837683,100,c709c6970b3315f75afaa42f541c56fc63088557264ce41b495420ab9f78f824,ok,1502,215362,35,914074,1
32768,2061.15,0.061223541997605935,zstd,mixed,1226556,2.544653359971619,96,575b54aa2332ad8e6e45652023cb8e286ff631a4d1721aef1d7e4bd696f3bee8,2962466,0,none,0,2.3385634233316352,53eb9cd8d4aa893c2747d09fc2d647d6ebc4bf394da4df5aeaf9171f7595a7b2,0.05591945799824316,703.3470750411539,651.0321978467252,0b2dfc134b4933b23b09350fdfe938d0af718001cb10c8fbd346fea1287df689,4800,d08978948ebf82772214,19,"{'zstandard': '0.25.0', 'brotli': '1.2.0', 'numpy': '2.4.3'}",32733,100,alphabetical,199717,0.004016832994238939,482013,6.146029256472336,100,c709c6970b3315f75afaa42f541c56fc63088557264ce41b495420ab9f78f824,ok,1502,206115,17,2480453,1
32768,2066.88,0.05940208300307859,zstd,mixed,1225787,2.5430579673162343,96,575b54aa2332ad8e6e45652023cb8e286ff631a4d1721aef1d7e4bd696f3bee8,2954121,0,none,0,2.332080236878774,53eb9cd8d4aa893c2747d09fc2d647d6ebc4bf394da4df5aeaf9171f7595a7b2,0.05484370799968019,810.3071235735806,812.1012555108719,0b2dfc134b4933b23b09350fdfe938d0af718001cb10c8fbd346fea1287df689,4800,b53614edb688142b7892,19,"{'zstandard': '0.25.0', 'brotli': '1.2.0', 'numpy': '2.4.3'}",32559,100,random,200290,0.003476792000583373,482013,6.128716445407074,100,c709c6970b3315f75afaa42f541c56fc63088557264ce41b495420ab9f78f824,ok,1502,206688,17,2472108,1
32768,2037.77,0.062479832995450124,zstd,mixed,1235920,2.5640802219027288,96,575b54aa2332ad8e6e45652023cb8e286ff631a4d1721aef1d7e4bd696f3bee8,3021787,0,none,0,2.3653945244065815,53eb9cd8d4aa893c2747d09fc2d647d6ebc4bf394da4df5aeaf9171f7595a7b2,0.05739404199994169,741.7601901918541,730.7198241916434,0b2dfc134b4933b23b09350fdfe938d0af718001cb10c8fbd346fea1287df689,4800,f01d7ddffd58e5ba2ae7,19,"{'zstandard': '0.25.0', 'brotli': '1.2.0', 'numpy': '2.4.3'}",32191,100,semantic,197379,0.0038850840064696968,482013,6.269098551283887,100,c709c6970b3315f75afaa42f541c56fc63088557264ce41b495420ab9f78f824,ok,1502,203777,16,2539774,1
32768,2060.51,0.05966562499816064,zstd,mixed,1230422,2.552673890538222,96,575b54aa2332ad8e6e45652023cb8e286ff631a4d1721aef1d7e4bd696f3bee8,2979016,0,none,0,2.3392897874797987,53eb9cd8d4aa893c2747d09fc2d647d6ebc4bf394da4df5aeaf9171f7595a7b2,0.054862999997567385,773.3361080134064,743.4730113555125,0b2dfc134b4933b23b09350fdfe938d0af718001cb10c8fbd346fea1287df689,4800,84a46186b9a05e316a41,19,"{'zstandard': '0.25.0', 'brotli': '1.2.0', 'numpy': '2.4.3'}",32237,100,source,199653,0.0036737080008606426,482013,6.180364430005,100,c709c6970b3315f75afaa42f541c56fc63088557264ce41b495420ab9f78f824,ok,1502,206051,17,2497003,1
65536,1979.73,0.07264600000053179,zstd,mixed,2425497,5.032015734015473,96,575b54aa2332ad8e6e45652023cb8e286ff631a4d1721aef1d7e4bd696f3bee8,6108775,0,none,0,2.4347411010592355,53eb9cd8d4aa893c2747d09fc2d647d6ebc4bf394da4df5aeaf9171f7595a7b2,0.06448358399939025,822.9377157749764,798.0614920738105,0b2dfc134b4933b23b09350fdfe938d0af718001cb10c8fbd346fea1287df689,4800,7c1ed86f31230c62d7ed,19,"{'zstandard': '0.25.0', 'brotli': '1.2.0', 'numpy': '2.4.3'}",64820,100,alphabetical,191575,0.0070792499973322265,482013,12.673465238489419,100,c709c6970b3315f75afaa42f541c56fc63088557264ce41b495420ab9f78f824,ok,1502,197973,8,5626762,1
65536,1985.13,0.07314058300107718,zstd,mixed,2427427,5.0360197754002485,96,575b54aa2332ad8e6e45652023cb8e286ff631a4d1721aef1d7e4bd696f3bee8,6100585,0,none,0,2.4281180577594412,53eb9cd8d4aa893c2747d09fc2d647d6ebc4bf394da4df5aeaf9171f7595a7b2,0.06463479199737776,793.039757504048,731.1068282307665,0b2dfc134b4933b23b09350fdfe938d0af718001cb10c8fbd346fea1287df689,4800,e6912066ccdb38a15630,19,"{'zstandard': '0.25.0', 'brotli': '1.2.0', 'numpy': '2.4.3'}",65243,100,random,192115,0.007336292001127731,482013,12.656473995514643,100,c709c6970b3315f75afaa42f541c56fc63088557264ce41b495420ab9f78f824,ok,1502,198513,8,5618572,1
65536,1959.27,0.08751854200090747,zstd,mixed,2427762,5.03671477740227,96,575b54aa2332ad8e6e45652023cb8e286ff631a4d1721aef1d7e4bd696f3bee8,6182457,0,none,0,2.4601662864230045,53eb9cd8d4aa893c2747d09fc2d647d6ebc4bf394da4df5aeaf9171f7595a7b2,0.06693216600251617,838.2463470126664,872.539387776799,0b2dfc134b4933b23b09350fdfe938d0af718001cb10c8fbd346fea1287df689,4800,5af52a48a43d85a04393,19,"{'zstandard': '0.25.0', 'brotli': '1.2.0', 'numpy': '2.4.3'}",65240,100,semantic,189529,0.00703379200422205,482013,12.826328335542817,100,c709c6970b3315f75afaa42f541c56fc63088557264ce41b495420ab9f78f824,ok,1502,195927,8,5700444,1
65536,1978.05,0.07276158300373936,zstd,mixed,2426693,5.034496994894329,96,575b54aa2332ad8e6e45652023cb8e286ff631a4d1721aef1d7e4bd696f3bee8,6120309,0,none,0,2.436808978539471,53eb9cd8d4aa893c2747d09fc2d647d6ebc4bf394da4df5aeaf9171f7595a7b2,0.06479674999718554,841.3024635323063,879.9873920452651,0b2dfc134b4933b23b09350fdfe938d0af718001cb10c8fbd346fea1287df689,4800,32c7e34fdaa4365eeb01,19,"{'zstandard': '0.25.0', 'brotli': '1.2.0', 'numpy': '2.4.3'}",65316,100,source,191407,0.006937792000826448,482013,12.697394053687349,100,c709c6970b3315f75afaa42f541c56fc63088557264ce41b495420ab9f78f824,ok,1502,197805,8,5638296,1
131072,1898.89,0.09499920800590189,zstd,mixed,4609851,9.563748280648033,96,575b54aa2332ad8e6e45652023cb8e286ff631a4d1721aef1d7e4bd696f3bee8,12125445,0,none,0,2.538393482508202,53eb9cd8d4aa893c2747d09fc2d647d6ebc4bf394da4df5aeaf9171f7595a7b2,0.08004916700156173,834.9938511298642,823.7434119858182,0b2dfc134b4933b23b09350fdfe938d0af718001cb10c8fbd346fea1287df689,4800,647b2b885de02db8250f,19,"{'zstandard': '0.25.0', 'brotli': '1.2.0', 'numpy': '2.4.3'}",130891,100,alphabetical,183491,0.013848875001713168,482013,25.15584641907998,100,c709c6970b3315f75afaa42f541c56fc63088557264ce41b495420ab9f78f824,ok,1502,189889,4,11643432,1
131072,1905.06,0.09696083400194766,zstd,mixed,4644571,9.635779532917162,96,575b54aa2332ad8e6e45652023cb8e286ff631a4d1721aef1d7e4bd696f3bee8,12176603,0,none,0,2.5301722780384868,53eb9cd8d4aa893c2747d09fc2d647d6ebc4bf394da4df5aeaf9171f7595a7b2,0.08185641699674306,841.5068551592902,656.221866995765,0b2dfc134b4933b23b09350fdfe938d0af718001cb10c8fbd346fea1287df689,4800,124175a3bd6a3ddb1fb9,19,"{'zstandard': '0.25.0', 'brotli': '1.2.0', 'numpy': '2.4.3'}",129465,100,random,184108,0.013799666005070321,482013,25.26198048600349,100,c709c6970b3315f75afaa42f541c56fc63088557264ce41b495420ab9f78f824,ok,1502,190506,4,11694590,1
131072,1880.75,0.09857804100465728,zstd,mixed,4610655,9.565416285452882,96,575b54aa2332ad8e6e45652023cb8e286ff631a4d1721aef1d7e4bd696f3bee8,12245549,0,none,0,2.562876512029775,53eb9cd8d4aa893c2747d09fc2d647d6ebc4bf394da4df5aeaf9171f7595a7b2,0.08331245800218312,820.7513360538693,904.8138086143969,0b2dfc134b4933b23b09350fdfe938d0af718001cb10c8fbd346fea1287df689,4800,9325a4415fa9ee848f21,19,"{'zstandard': '0.25.0', 'brotli': '1.2.0', 'numpy': '2.4.3'}",129962,100,semantic,181677,0.014228749998437706,482013,25.405018121917873,100,c709c6970b3315f75afaa42f541c56fc63088557264ce41b495420ab9f78f824,ok,1502,188075,4,11763536,1
131072,1900.3,0.09542916600184981,zstd,mixed,4601320,9.546049587874187,96,575b54aa2332ad8e6e45652023cb8e286ff631a4d1721aef1d7e4bd696f3bee8,12092797,0,none,0,2.536510024732937,53eb9cd8d4aa893c2747d09fc2d647d6ebc4bf394da4df5aeaf9171f7595a7b2,0.07977316700271331,790.8106844279251,806.7579458689574,0b2dfc134b4933b23b09350fdfe938d0af718001cb10c8fbd346fea1287df689,4800,b6b5dd8826b050c26150,19,"{'zstandard': '0.25.0', 'brotli': '1.2.0', 'numpy': '2.4.3'}",129673,100,source,183632,0.014583249998395331,482013,25.088113806059173,100,c709c6970b3315f75afaa42f541c56fc63088557264ce41b495420ab9f78f824,ok,1502,190030,4,11610784,1
262144,1823.27,0.0953964169966639,zstd,mixed,8781379,18.218137270156614,96,575b54aa2332ad8e6e45652023cb8e286ff631a4d1721aef1d7e4bd696f3bee8,24061413,0,none,0,2.6436731806040794,53eb9cd8d4aa893c2747d09fc2d647d6ebc4bf394da4df5aeaf9171f7595a7b2,0.07089641699712956,975.7049761352953,985.6519276111994,0b2dfc134b4933b23b09350fdfe938d0af718001cb10c8fbd346fea1287df689,4800,61536f430ff4a06bc042,19,"{'zstandard': '0.25.0', 'brotli': '1.2.0', 'numpy': '2.4.3'}",260625,100,alphabetical,175929,0.02351812500273809,482013,49.91859763118422,100,c709c6970b3315f75afaa42f541c56fc63088557264ce41b495420ab9f78f824,ok,1502,182327,2,23579400,1
262144,1829.05,0.09825437499966938,zstd,mixed,8862427,18.3862821127231,96,575b54aa2332ad8e6e45652023cb8e286ff631a4d1721aef1d7e4bd696f3bee8,24210411,0,none,0,2.635318881386512,53eb9cd8d4aa893c2747d09fc2d647d6ebc4bf394da4df5aeaf9171f7595a7b2,0.07104879200051073,881.459774957057,917.531768864002,0b2dfc134b4933b23b09350fdfe938d0af718001cb10c8fbd346fea1287df689,4800,b8a3d213ce3ae8c24cfd,19,"{'zstandard': '0.25.0', 'brotli': '1.2.0', 'numpy': '2.4.3'}",259300,100,random,176507,0.026193874997261446,482013,50.22771377535461,100,c709c6970b3315f75afaa42f541c56fc63088557264ce41b495420ab9f78f824,ok,1502,182905,2,23728398,1
262144,1812.08,0.10996266599977389,zstd,mixed,8792628,18.241474814994618,96,575b54aa2332ad8e6e45652023cb8e286ff631a4d1721aef1d7e4bd696f3bee8,24210345,0,none,0,2.659998454814357,53eb9cd8d4aa893c2747d09fc2d647d6ebc4bf394da4df5aeaf9171f7595a7b2,0.0812098749956931,829.5408927903696,1015.1256723027163,0b2dfc134b4933b23b09350fdfe938d0af718001cb10c8fbd346fea1287df689,4800,de6a67c5d941524218f2,19,"{'zstandard': '0.25.0', 'brotli': '1.2.0', 'numpy': '2.4.3'}",259289,100,semantic,174810,0.027833208005176857,482013,50.227576849587045,100,c709c6970b3315f75afaa42f541c56fc63088557264ce41b495420ab9f78f824,ok,1502,181208,2,23728332,1
262144,1822.11,0.10586208300082944,zstd,mixed,8775539,18.206021414360194,96,575b54aa2332ad8e6e45652023cb8e286ff631a4d1721aef1d7e4bd696f3bee8,24061947,0,none,0,2.6453562079128043,53eb9cd8d4aa893c2747d09fc2d647d6ebc4bf394da4df5aeaf9171f7595a7b2,0.07876408399897628,885.7651836730644,800.3193343972351,0b2dfc134b4933b23b09350fdfe938d0af718001cb10c8fbd346fea1287df689,4800,a1383ae70dea192b7da3,19,"{'zstandard': '0.25.0', 'brotli': '1.2.0', 'numpy': '2.4.3'}",260358,100,source,175813,0.025906709000992123,482013,49.91970548512177,100,c709c6970b3315f75afaa42f541c56fc63088557264ce41b495420ab9f78f824,ok,1502,182211,2,23579934,1
0,1998.86,0.47050245799619006,brotli,thematic,193434,0.3651551447810304,96,575b54aa2332ad8e6e45652023cb8e286ff631a4d1721aef1d7e4bd696f3bee8,529731,0,none,0,2.6501655943888016,53eb9cd8d4aa893c2747d09fc2d647d6ebc4bf394da4df5aeaf9171f7595a7b2,0.46480941700428957,191.25751425512726,204.27226647057034,0b2dfc134b4933b23b09350fdfe938d0af718001cb10c8fbd346fea1287df689,4800,fe25c8ed116fc4d16581,11,"{'zstandard': '0.25.0', 'brotli': '1.2.0', 'numpy': '2.4.3'}",7955,100,source,193434,0.002641416998812929,529731,1.0,100,f4cc4b79a5dcc21d768377d09a3dbb805bed356329740347d27497c885fe0172,ok,1556,199886,100,0,1
65536,1803.88,0.46911591699608834,brotli,thematic,2030892,3.833817541355896,96,575b54aa2332ad8e6e45652023cb8e286ff631a4d1721aef1d7e4bd696f3bee8,6193309,0,none,0,2.9366199525467325,53eb9cd8d4aa893c2747d09fc2d647d6ebc4bf394da4df5aeaf9171f7595a7b2,0.45154433300194796,385.9162343320808,303.5926072382294,0b2dfc134b4933b23b09350fdfe938d0af718001cb10c8fbd346fea1287df689,4800,7d5d46ad1da0be2a6502,11,"{'zstandard': '0.25.0', 'brotli': '1.2.0', 'numpy': '2.4.3'}",65404,100,semantic,173936,0.01530487499985611,529731,11.691422627711045,100,f4cc4b79a5dcc21d768377d09a3dbb805bed356329740347d27497c885fe0172,ok,1556,180388,9,5663578,1
0,2574.02,0.013251875003334135,gzip,thematic,250950,0.47373100686952435,96,575b54aa2332ad8e6e45652023cb8e286ff631a4d1721aef1d7e4bd696f3bee8,529731,0,none,0,2.0579910024009136,53eb9cd8d4aa893c2747d09fc2d647d6ebc4bf394da4df5aeaf9171f7595a7b2,0.010039165994385257,375.3389593082972,379.29604542683086,0b2dfc134b4933b23b09350fdfe938d0af718001cb10c8fbd346fea1287df689,4800,1fc078c82d53cebc4d21,9,"{'zstandard': '0.25.0', 'brotli': '1.2.0', 'numpy': '2.4.3'}",7955,100,source,250950,0.0013459589972626418,529731,1.0,100,f4cc4b79a5dcc21d768377d09a3dbb805bed356329740347d27497c885fe0172,ok,1556,257402,100,0,1
65536,2169.03,0.02509874999668682,gzip,thematic,2454813,4.634074652984251,96,575b54aa2332ad8e6e45652023cb8e286ff631a4d1721aef1d7e4bd696f3bee8,6193309,0,none,0,2.442248378307354,53eb9cd8d4aa893c2747d09fc2d647d6ebc4bf394da4df5aeaf9171f7595a7b2,0.01786033300595591,972.6671570022157,829.5416211476269,0b2dfc134b4933b23b09350fdfe938d0af718001cb10c8fbd346fea1287df689,4800,fadfcae8de4e024a8de8,9,"{'zstandard': '0.25.0', 'brotli': '1.2.0', 'numpy': '2.4.3'}",65404,100,semantic,210451,0.00607237499934854,529731,11.691422627711045,100,f4cc4b79a5dcc21d768377d09a3dbb805bed356329740347d27497c885fe0172,ok,1556,216903,9,5663578,1
0,2629.44,0.19898387500143144,xz,thematic,256492,0.48419292055779256,96,575b54aa2332ad8e6e45652023cb8e286ff631a4d1721aef1d7e4bd696f3bee8,529731,0,none,0,2.014615279299014,53eb9cd8d4aa893c2747d09fc2d647d6ebc4bf394da4df5aeaf9171f7595a7b2,0.15273595900362125,21.853847591078676,22.44054344639658,0b2dfc134b4933b23b09350fdfe938d0af718001cb10c8fbd346fea1287df689,4800,b87f00a24e5224ef8fa3,9,"{'zstandard': '0.25.0', 'brotli': '1.2.0', 'numpy': '2.4.3'}",7955,100,source,256492,0.023116792006476317,529731,1.0,100,f4cc4b79a5dcc21d768377d09a3dbb805bed356329740347d27497c885fe0172,ok,1556,262944,100,0,1
65536,2029.56,0.379970374997356,xz,thematic,2290124,4.323182898489988,96,575b54aa2332ad8e6e45652023cb8e286ff631a4d1721aef1d7e4bd696f3bee8,6193309,0,none,0,2.6100780464731272,53eb9cd8d4aa893c2747d09fc2d647d6ebc4bf394da4df5aeaf9171f7595a7b2,0.18395525000232738,32.91780781786736,31.549040963730313,0b2dfc134b4933b23b09350fdfe938d0af718001cb10c8fbd346fea1287df689,4800,1a486e4b2f73f47080f4,9,"{'zstandard': '0.25.0', 'brotli': '1.2.0', 'numpy': '2.4.3'}",65404,100,semantic,196504,0.17942870799743105,529731,11.691422627711045,100,f4cc4b79a5dcc21d768377d09a3dbb805bed356329740347d27497c885fe0172,ok,1556,202956,9,5663578,1
0,2614.99,0.005223457999818493,zstd,thematic,255047,0.48146512097649563,96,575b54aa2332ad8e6e45652023cb8e286ff631a4d1721aef1d7e4bd696f3bee8,529731,0,none,0,2.025747708404239,53eb9cd8d4aa893c2747d09fc2d647d6ebc4bf394da4df5aeaf9171f7595a7b2,0.002936040997155942,524.8054554387815,565.8284155760813,0b2dfc134b4933b23b09350fdfe938d0af718001cb10c8fbd346fea1287df689,4800,0f0fbe59d07ca570064d,3,"{'zstandard': '0.25.0', 'brotli': '1.2.0', 'numpy': '2.4.3'}",7955,100,source,255047,0.0009626249957364053,529731,1.0,100,f4cc4b79a5dcc21d768377d09a3dbb805bed356329740347d27497c885fe0172,ok,1556,261499,100,0,1
0,2548.46,0.012521208998805378,zstd,thematic,248394,0.468905916399078,96,575b54aa2332ad8e6e45652023cb8e286ff631a4d1721aef1d7e4bd696f3bee8,529731,0,none,0,2.0786318011661944,53eb9cd8d4aa893c2747d09fc2d647d6ebc4bf394da4df5aeaf9171f7595a7b2,0.01016900000104215,505.42233431942986,565.116984435849,0b2dfc134b4933b23b09350fdfe938d0af718001cb10c8fbd346fea1287df689,4800,7ae0ab93a93c0279d766,9,"{'zstandard': '0.25.0', 'brotli': '1.2.0', 'numpy': '2.4.3'}",7955,100,source,248394,0.000999541996861808,529731,1.0,100,f4cc4b79a5dcc21d768377d09a3dbb805bed356329740347d27497c885fe0172,ok,1556,254846,100,0,1
0,2527.72,0.02800112499971874,zstd,thematic,246320,0.4649907217059224,96,575b54aa2332ad8e6e45652023cb8e286ff631a4d1721aef1d7e4bd696f3bee8,529731,0,none,0,2.095687022296773,53eb9cd8d4aa893c2747d09fc2d647d6ebc4bf394da4df5aeaf9171f7595a7b2,0.025317915999039542,524.8965113878317,564.9059274615925,0b2dfc134b4933b23b09350fdfe938d0af718001cb10c8fbd346fea1287df689,4800,5df96a520d07b8210270,15,"{'zstandard': '0.25.0', 'brotli': '1.2.0', 'numpy': '2.4.3'}",7955,100,source,246320,0.0009624580052332021,529731,1.0,100,f4cc4b79a5dcc21d768377d09a3dbb805bed356329740347d27497c885fe0172,ok,1556,252772,100,0,1
0,2518.73,0.04636666699661873,zstd,thematic,245421,0.46329363393873496,96,575b54aa2332ad8e6e45652023cb8e286ff631a4d1721aef1d7e4bd696f3bee8,529731,0,none,0,2.1031670722943705,53eb9cd8d4aa893c2747d09fc2d647d6ebc4bf394da4df5aeaf9171f7595a7b2,0.04397337499540299,528.6037647318065,570.6759079149876,0b2dfc134b4933b23b09350fdfe938d0af718001cb10c8fbd346fea1287df689,4800,4d1a54519c03a6c00a2e,19,"{'zstandard': '0.25.0', 'brotli': '1.2.0', 'numpy': '2.4.3'}",7955,100,source,245421,0.0009557080047670752,529731,1.0,100,f4cc4b79a5dcc21d768377d09a3dbb805bed356329740347d27497c885fe0172,ok,1556,251873,100,0,1
0,2518.73,0.0464535419960157,zstd,thematic,245421,0.46329363393873496,96,575b54aa2332ad8e6e45652023cb8e286ff631a4d1721aef1d7e4bd696f3bee8,529731,0,none,0,2.1031670722943705,53eb9cd8d4aa893c2747d09fc2d647d6ebc4bf394da4df5aeaf9171f7595a7b2,0.04341941700113239,508.73110832745783,583.5014079839254,0b2dfc134b4933b23b09350fdfe938d0af718001cb10c8fbd346fea1287df689,4800,098ad3f74bcae8075818,22,"{'zstandard': '0.25.0', 'brotli': '1.2.0', 'numpy': '2.4.3'}",7955,100,source,245421,0.0009930410014931113,529731,1.0,100,f4cc4b79a5dcc21d768377d09a3dbb805bed356329740347d27497c885fe0172,ok,1556,251873,100,0,1
0,2259.89,0.05896699999721022,zstd,thematic,211345,0.3989666453350852,96,575b54aa2332ad8e6e45652023cb8e286ff631a4d1721aef1d7e4bd696f3bee8,529731,8192,global,8192,2.344056569125046,53eb9cd8d4aa893c2747d09fc2d647d6ebc4bf394da4df5aeaf9171f7595a7b2,0.05504804199881619,289.8330269286625,321.12125487406473,0b2dfc134b4933b23b09350fdfe938d0af718001cb10c8fbd346fea1287df689,4800,160f0e03a2faeb586f4e,19,"{'zstandard': '0.25.0', 'brotli': '1.2.0', 'numpy': '2.4.3'}",7955,100,source,211345,0.0017430410007364117,529731,1.0,100,f4cc4b79a5dcc21d768377d09a3dbb805bed356329740347d27497c885fe0172,ok,1556,225989,100,0,1
0,2210.58,0.08963979100371944,zstd,thematic,206414,0.3896581472483204,96,575b54aa2332ad8e6e45652023cb8e286ff631a4d1721aef1d7e4bd696f3bee8,529731,8192,pack,8192,2.396343945932742,53eb9cd8d4aa893c2747d09fc2d647d6ebc4bf394da4df5aeaf9171f7595a7b2,0.055900458006362896,309.8064521995783,322.32494707775993,0b2dfc134b4933b23b09350fdfe938d0af718001cb10c8fbd346fea1287df689,4800,0ef2391f3ab413f4bc78,19,"{'zstandard': '0.25.0', 'brotli': '1.2.0', 'numpy': '2.4.3'}",7955,100,source,206414,0.0016306660036207177,529731,1.0,100,f4cc4b79a5dcc21d768377d09a3dbb805bed356329740347d27497c885fe0172,ok,1556,221058,100,0,1
0,2273.16,0.07765508299780777,zstd,thematic,204480,0.38600723763570566,96,575b54aa2332ad8e6e45652023cb8e286ff631a4d1721aef1d7e4bd696f3bee8,529731,16384,global,16384,2.330372697038484,53eb9cd8d4aa893c2747d09fc2d647d6ebc4bf394da4df5aeaf9171f7595a7b2,0.07398758300405461,314.55663189208644,323.0035848410569,0b2dfc134b4933b23b09350fdfe938d0af718001cb10c8fbd346fea1287df689,4800,5c0a1f51a8290d062287,19,"{'zstandard': '0.25.0', 'brotli': '1.2.0', 'numpy': '2.4.3'}",7955,100,source,204480,0.0016060410052887164,529731,1.0,100,f4cc4b79a5dcc21d768377d09a3dbb805bed356329740347d27497c885fe0172,ok,1556,227316,100,0,1
0,2188.09,0.11163166700134752,zstd,thematic,195973,0.36994814349169675,96,575b54aa2332ad8e6e45652023cb8e286ff631a4d1721aef1d7e4bd696f3bee8,529731,16384,pack,16384,2.420974457174979,53eb9cd8d4aa893c2747d09fc2d647d6ebc4bf394da4df5aeaf9171f7595a7b2,0.08022604100551689,309.5532165769212,333.29430884892673,0b2dfc134b4933b23b09350fdfe938d0af718001cb10c8fbd346fea1287df689,4800,06399e30373ad3086c28,19,"{'zstandard': '0.25.0', 'brotli': '1.2.0', 'numpy': '2.4.3'}",7955,100,source,195973,0.001631999999517575,529731,1.0,100,f4cc4b79a5dcc21d768377d09a3dbb805bed356329740347d27497c885fe0172,ok,1556,218809,100,0,1
0,2345.51,0.1453251669954625,zstd,thematic,195331,0.36873620762235926,96,575b54aa2332ad8e6e45652023cb8e286ff631a4d1721aef1d7e4bd696f3bee8,529731,32768,global,32768,2.258489624857707,53eb9cd8d4aa893c2747d09fc2d647d6ebc4bf394da4df5aeaf9171f7595a7b2,0.1414172500008135,304.2097866398179,299.74234775584625,0b2dfc134b4933b23b09350fdfe938d0af718001cb10c8fbd346fea1287df689,4800,06b4876c1c342b7cba5a,19,"{'zstandard': '0.25.0', 'brotli': '1.2.0', 'numpy': '2.4.3'}",7955,100,source,195331,0.0016606659992248751,529731,1.0,100,f4cc4b79a5dcc21d768377d09a3dbb805bed356329740347d27497c885fe0172,ok,1556,234551,100,0,1
0,2203.32,0.1716074580035638,zstd,thematic,181112,0.3418942821922825,96,575b54aa2332ad8e6e45652023cb8e286ff631a4d1721aef1d7e4bd696f3bee8,529731,32768,pack,32768,2.404239965143511,53eb9cd8d4aa893c2747d09fc2d647d6ebc4bf394da4df5aeaf9171f7595a7b2,0.14026912500412436,312.6583436858337,316.8169036761586,0b2dfc134b4933b23b09350fdfe938d0af718001cb10c8fbd346fea1287df689,4800,7da56c3bbc411d917f11,19,"{'zstandard': '0.25.0', 'brotli': '1.2.0', 'numpy': '2.4.3'}",7955,100,source,181112,0.0016157919963006862,529731,1.0,100,f4cc4b79a5dcc21d768377d09a3dbb805bed356329740347d27497c885fe0172,ok,1556,220332,100,0,1
0,2588.54,0.30546024999785004,zstd,thematic,186866,0.3527563990025126,96,575b54aa2332ad8e6e45652023cb8e286ff631a4d1721aef1d7e4bd696f3bee8,529731,65536,global,65536,2.046447031917606,53eb9cd8d4aa893c2747d09fc2d647d6ebc4bf394da4df5aeaf9171f7595a7b2,0.3012018750014249,273.63686831053457,283.03340294979245,0b2dfc134b4933b23b09350fdfe938d0af718001cb10c8fbd346fea1287df689,4800,c7098252ce163fefe7d6,19,"{'zstandard': '0.25.0', 'brotli': '1.2.0', 'numpy': '2.4.3'}",7955,100,source,186866,0.001846209001087118,529731,1.0,100,f4cc4b79a5dcc21d768377d09a3dbb805bed356329740347d27497c885fe0172,ok,1556,258854,100,0,1
0,2346.22,0.31988437499967404,zstd,thematic,162634,0.30701242706203713,96,575b54aa2332ad8e6e45652023cb8e286ff631a4d1721aef1d7e4bd696f3bee8,529731,65536,pack,65536,2.257806173334129,53eb9cd8d4aa893c2747d09fc2d647d6ebc4bf394da4df5aeaf9171f7595a7b2,0.2858642079954734,274.1009768222115,303.98847618784134,0b2dfc134b4933b23b09350fdfe938d0af718001cb10c8fbd346fea1287df689,4800,fcb403d02cc38802eb9d,19,"{'zstandard': '0.25.0', 'brotli': '1.2.0', 'numpy': '2.4.3'}",7955,100,source,162634,0.0018430829950375482,529731,1.0,100,f4cc4b79a5dcc21d768377d09a3dbb805bed356329740347d27497c885fe0172,ok,1556,234622,100,0,1
16384,2337.18,0.05740995800442761,zstd,thematic,578253,1.091597433414318,96,575b54aa2332ad8e6e45652023cb8e286ff631a4d1721aef1d7e4bd696f3bee8,1352517,0,none,0,2.2665391625805458,53eb9cd8d4aa893c2747d09fc2d647d6ebc4bf394da4df5aeaf9171f7595a7b2,0.05427437500475207,697.0965338731684,682.152907532413,0b2dfc134b4933b23b09350fdfe938d0af718001cb10c8fbd346fea1287df689,4800,58418263dab9dffa3c4b,19,"{'zstandard': '0.25.0', 'brotli': '1.2.0', 'numpy': '2.4.3'}",16129,100,alphabetical,227266,0.0018503330065868795,529731,2.5532147448421934,100,f4cc4b79a5dcc21d768377d09a3dbb805bed356329740347d27497c885fe0172,ok,1556,233718,40,822786,1
16384,2337.02,0.05742354199901456,zstd,thematic,586232,1.1066597952545727,96,575b54aa2332ad8e6e45652023cb8e286ff631a4d1721aef1d7e4bd696f3bee8,1369610,0,none,0,2.2666943372328863,53eb9cd8d4aa893c2747d09fc2d647d6ebc4bf394da4df5aeaf9171f7595a7b2,0.0541196249978384,666.4655681025057,676.2178400977695,0b2dfc134b4933b23b09350fdfe938d0af718001cb10c8fbd346fea1287df689,4800,983f4e0e4fcefab7600a,19,"{'zstandard': '0.25.0', 'brotli': '1.2.0', 'numpy': '2.4.3'}",16363,100,random,227250,0.001959834000444971,529731,2.5854820654256594,100,f4cc4b79a5dcc21d768377d09a3dbb805bed356329740347d27497c885fe0172,ok,1556,233702,40,839879,1
16384,2325.46,0.06313012500322657,zstd,thematic,579882,1.0946725791014684,96,575b54aa2332ad8e6e45652023cb8e286ff631a4d1721aef1d7e4bd696f3bee8,1362317,0,none,0,2.2779622096273426,53eb9cd8d4aa893c2747d09fc2d647d6ebc4bf394da4df5aeaf9171f7595a7b2,0.05534816699946532,632.884766807269,209.66260416524176,0b2dfc134b4933b23b09350fdfe938d0af718001cb10c8fbd346fea1287df689,4800,3e7ba960311407a3c262,19,"{'zstandard': '0.25.0', 'brotli': '1.2.0', 'numpy': '2.4.3'}",15864,100,semantic,226094,0.002052832998742815,529731,2.571714700480055,100,f4cc4b79a5dcc21d768377d09a3dbb805bed356329740347d27497c885fe0172,ok,1556,232546,40,832586,1
16384,2332.04,0.059725665996666066,zstd,thematic,589245,1.1123475877379274,96,575b54aa2332ad8e6e45652023cb8e286ff631a4d1721aef1d7e4bd696f3bee8,1381043,0,none,0,2.271534793571294,53eb9cd8d4aa893c2747d09fc2d647d6ebc4bf394da4df5aeaf9171f7595a7b2,0.05646625000372296,659.9485400164344,697.2554392337905,0b2dfc134b4933b23b09350fdfe938d0af718001cb10c8fbd346fea1287df689,4800,4f5f03657bece9fddb1c,19,"{'zstandard': '0.25.0', 'brotli': '1.2.0', 'numpy': '2.4.3'}",16274,100,source,226752,0.0019957089971285313,529731,2.607064717752973,100,f4cc4b79a5dcc21d768377d09a3dbb805bed356329740347d27497c885fe0172,ok,1556,233204,39,851312,1
32768,2189.34,0.0740172080040793,zstd,thematic,1189677,2.2458134411616464,96,575b54aa2332ad8e6e45652023cb8e286ff631a4d1721aef1d7e4bd696f3bee8,2971099,0,none,0,2.4195922058702624,53eb9cd8d4aa893c2747d09fc2d647d6ebc4bf394da4df5aeaf9171f7595a7b2,0.06897279199620243,739.7424898187646,769.2765709022544,0b2dfc134b4933b23b09350fdfe938d0af718001cb10c8fbd346fea1287df689,4800,a4ec9607f2720485a2b5,19,"{'zstandard': '0.25.0', 'brotli': '1.2.0', 'numpy': '2.4.3'}",32603,100,alphabetical,212482,0.003830333997029811,529731,5.60869384649945,100,f4cc4b79a5dcc21d768377d09a3dbb805bed356329740347d27497c885fe0172,ok,1556,218934,18,2441368,1
32768,2204.18,0.07470158400246873,zstd,thematic,1154956,2.180268853436933,96,575b54aa2332ad8e6e45652023cb8e286ff631a4d1721aef1d7e4bd696f3bee8,2865462,0,none,0,2.4033019081926157,53eb9cd8d4aa893c2747d09fc2d647d6ebc4bf394da4df5aeaf9171f7595a7b2,0.06711199999699602,435.9878766616685,709.3294980401492,0b2dfc134b4933b23b09350fdfe938d0af718001cb10c8fbd346fea1287df689,4800,168d3ad42cd9cef4bfa5,19,"{'zstandard': '0.25.0', 'brotli': '1.2.0', 'numpy': '2.4.3'}",32644,100,random,213966,0.00626787500368664,529731,5.40927753897733,100,f4cc4b79a5dcc21d768377d09a3dbb805bed356329740347d27497c885fe0172,ok,1556,220418,19,2335731,1
32768,2177.26,0.07046599999739556,zstd,thematic,1181294,2.2299884280889732,96,575b54aa2332ad8e6e45652023cb8e286ff631a4d1721aef1d7e4bd696f3bee8,2964512,0,none,0,2.4330167274464234,53eb9cd8d4aa893c2747d09fc2d647d6ebc4bf394da4df5aeaf9171f7595a7b2,0.06542866700328887,748.285485226501,753.7810629471209,0b2dfc134b4933b23b09350fdfe938d0af718001cb10c8fbd346fea1287df689,4800,cdaa24058269d1b34d10,19,"{'zstandard': '0.25.0', 'brotli': '1.2.0', 'numpy': '2.4.3'}",32389,100,semantic,211274,0.003778209000302013,529731,5.596259233460001,100,f4cc4b79a5dcc21d768377d09a3dbb805bed356329740347d27497c885fe0172,ok,1556,217726,18,2434781,1
32768,2191.56,0.07124745799956145,zstd,thematic,1195857,2.257479739716951,96,575b54aa2332ad8e6e45652023cb8e286ff631a4d1721aef1d7e4bd696f3bee8,2983668,0,none,0,2.4171412144773585,53eb9cd8d4aa893c2747d09fc2d647d6ebc4bf394da4df5aeaf9171f7595a7b2,0.06602491699595703,714.9514768991901,741.6102756164908,0b2dfc134b4933b23b09350fdfe938d0af718001cb10c8fbd346fea1287df689,4800,e95df7f682d312451831,19,"{'zstandard': '0.25.0', 'brotli': '1.2.0', 'numpy': '2.4.3'}",32514,100,source,212704,0.003979917004471645,529731,5.632420983480294,100,f4cc4b79a5dcc21d768377d09a3dbb805bed356329740347d27497c885fe0172,ok,1556,219156,18,2453937,1
65536,2077.23,0.08541133400285617,zstd,thematic,2324109,4.387338101791286,96,575b54aa2332ad8e6e45652023cb8e286ff631a4d1721aef1d7e4bd696f3bee8,6124487,0,none,0,2.5501798067618897,53eb9cd8d4aa893c2747d09fc2d647d6ebc4bf394da4df5aeaf9171f7595a7b2,0.0771009590025642,815.2370652459437,868.3985396755937,0b2dfc134b4933b23b09350fdfe938d0af718001cb10c8fbd346fea1287df689,4800,bed123a1007bcda3362f,19,"{'zstandard': '0.25.0', 'brotli': '1.2.0', 'numpy': '2.4.3'}",64201,100,alphabetical,201271,0.007164499998907559,529731,11.5615038576183,100,f4cc4b79a5dcc21d768377d09a3dbb805bed356329740347d27497c885fe0172,ok,1556,207723,9,5594756,1
65536,2082.74,0.08501866699953098,zstd,thematic,2287560,4.318342706014939,96,575b54aa2332ad8e6e45652023cb8e286ff631a4d1721aef1d7e4bd696f3bee8,6018982,0,none,0,2.5434331697667494,53eb9cd8d4aa893c2747d09fc2d647d6ebc4bf394da4df5aeaf9171f7595a7b2,0.07707241699972656,845.4293936979144,915.0632199100368,0b2dfc134b4933b23b09350fdfe938d0af718001cb10c8fbd346fea1287df689,4800,776597493904152d3a18,19,"{'zstandard': '0.25.0', 'brotli': '1.2.0', 'numpy': '2.4.3'}",64415,100,random,201822,0.006789624996599741,529731,11.36233673317212,100,f4cc4b79a5dcc21d768377d09a3dbb805bed356329740347d27497c885fe0172,ok,1556,208274,9,5489251,1
65536,2054.92,0.09822425000311341,zstd,thematic,2320399,4.380334547156953,96,575b54aa2332ad8e6e45652023cb8e286ff631a4d1721aef1d7e4bd696f3bee8,6193309,0,none,0,2.5778667782687403,53eb9cd8d4aa893c2747d09fc2d647d6ebc4bf394da4df5aeaf9171f7595a7b2,0.07774995799991302,899.1835772680241,812.6403116138781,0b2dfc134b4933b23b09350fdfe938d0af718001cb10c8fbd346fea1287df689,4800,5da2d657df8be60e1296,19,"{'zstandard': '0.25.0', 'brotli': '1.2.0', 'numpy': '2.4.3'}",65404,100,semantic,199040,0.006568625001818873,529731,11.691422627711045,100,f4cc4b79a5dcc21d768377d09a3dbb805bed356329740347d27497c885fe0172,ok,1556,205492,9,5663578,1
65536,2068.96,0.08539770899369614,zstd,thematic,2308860,4.358551793268659,96,575b54aa2332ad8e6e45652023cb8e286ff631a4d1721aef1d7e4bd696f3bee8,6117124,0,none,0,2.560373327662207,53eb9cd8d4aa893c2747d09fc2d647d6ebc4bf394da4df5aeaf9171f7595a7b2,0.07735712500289083,841.2789975974091,895.5299860707893,0b2dfc134b4933b23b09350fdfe938d0af718001cb10c8fbd346fea1287df689,4800,3d17aae014b152d01c7d,19,"{'zstandard': '0.25.0', 'brotli': '1.2.0', 'numpy': '2.4.3'}",65476,100,source,200444,0.006934375000128057,529731,11.547604350132426,100,f4cc4b79a5dcc21d768377d09a3dbb805bed356329740347d27497c885fe0172,ok,1556,206896,9,5587393,1
131072,1968.04,0.1155687080026837,zstd,thematic,4412807,8.33027895290251,96,575b54aa2332ad8e6e45652023cb8e286ff631a4d1721aef1d7e4bd696f3bee8,12330566,0,none,0,2.691667852279425,53eb9cd8d4aa893c2747d09fc2d647d6ebc4bf394da4df5aeaf9171f7595a7b2,0.10075829100242117,859.1615476015751,927.0985885884394,0b2dfc134b4933b23b09350fdfe938d0af718001cb10c8fbd346fea1287df689,4800,22eaba4ae40043ea5de7,19,"{'zstandard': '0.25.0', 'brotli': '1.2.0', 'numpy': '2.4.3'}",130319,100,alphabetical,190352,0.01368699999875389,529731,23.277033060175825,100,f4cc4b79a5dcc21d768377d09a3dbb805bed356329740347d27497c885fe0172,ok,1556,196804,5,11800835,1
131072,1968.35,0.1117163749950123,zstd,thematic,4348291,8.208488836786973,96,575b54aa2332ad8e6e45652023cb8e286ff631a4d1721aef1d7e4bd696f3bee8,12170610,0,none,0,2.6912439352757387,53eb9cd8d4aa893c2747d09fc2d647d6ebc4bf394da4df5aeaf9171f7595a7b2,0.0982933339982992,937.3328870976579,950.4250853772664,0b2dfc134b4933b23b09350fdfe938d0af718001cb10c8fbd346fea1287df689,4800,ec28a992a6ae16ff47ca,19,"{'zstandard': '0.25.0', 'brotli': '1.2.0', 'numpy': '2.4.3'}",129150,100,random,190383,0.012382791996060405,529731,22.97507602915442,100,f4cc4b79a5dcc21d768377d09a3dbb805bed356329740347d27497c885fe0172,ok,1556,196835,5,11640879,1
131072,1946.49,0.10562670799845364,zstd,thematic,4343981,8.200352631807464,96,575b54aa2332ad8e6e45652023cb8e286ff631a4d1721aef1d7e4bd696f3bee8,12294658,0,none,0,2.7214678729405235,53eb9cd8d4aa893c2747d09fc2d647d6ebc4bf394da4df5aeaf9171f7595a7b2,0.0917189999963739,912.4620927249382,872.0832512678214,0b2dfc134b4933b23b09350fdfe938d0af718001cb10c8fbd346fea1287df689,4800,c8c4c7c7661ae97f43ae,19,"{'zstandard': '0.25.0', 'brotli': '1.2.0', 'numpy': '2.4.3'}",130871,100,semantic,188197,0.012849957995058503,529731,23.20924771251824,100,f4cc4b79a5dcc21d768377d09a3dbb805bed356329740347d27497c885fe0172,ok,1556,194649,5,11764927,1
131072,1956.09,0.11034062500402797,zstd,thematic,4443917,8.389006873299845,96,575b54aa2332ad8e6e45652023cb8e286ff631a4d1721aef1d7e4bd696f3bee8,12511098,0,none,0,2.708111589957517,53eb9cd8d4aa893c2747d09fc2d647d6ebc4bf394da4df5aeaf9171f7595a7b2,0.097422666993225,1003.227733364997,999.4714615031933,0b2dfc134b4933b23b09350fdfe938d0af718001cb10c8fbd346fea1287df689,4800,16575c690690154960e6,19,"{'zstandard': '0.25.0', 'brotli': '1.2.0', 'numpy': '2.4.3'}",129907,100,source,189157,0.011893124996277038,529731,23.617832447034438,100,f4cc4b79a5dcc21d768377d09a3dbb805bed356329740347d27497c885fe0172,ok,1556,195609,5,11981367,1
262144,1855.64,0.11151495800004341,zstd,thematic,8442609,15.937539996715314,96,575b54aa2332ad8e6e45652023cb8e286ff631a4d1721aef1d7e4bd696f3bee8,25126134,0,none,0,2.8547078097044687,53eb9cd8d4aa893c2747d09fc2d647d6ebc4bf394da4df5aeaf9171f7595a7b2,0.08449675000156276,925.0038773768365,867.4665745039127,0b2dfc134b4933b23b09350fdfe938d0af718001cb10c8fbd346fea1287df689,4800,84b1014a1cbd08ae22a6,19,"{'zstandard': '0.25.0', 'brotli': '1.2.0', 'numpy': '2.4.3'}",259341,100,alphabetical,179112,0.025904916998115368,529731,47.431873913363575,100,f4cc4b79a5dcc21d768377d09a3dbb805bed356329740347d27497c885fe0172,ok,1556,185564,3,24596403,1
262144,1849.88,0.1149920000025304,zstd,thematic,8579910,16.19673003845348,96,575b54aa2332ad8e6e45652023cb8e286ff631a4d1721aef1d7e4bd696f3bee8,25589279,0,none,0,2.863596557614548,53eb9cd8d4aa893c2747d09fc2d647d6ebc4bf394da4df5aeaf9171f7595a7b2,0.09026425000047311,1032.0711404945473,1019.1299059796178,0b2dfc134b4933b23b09350fdfe938d0af718001cb10c8fbd346fea1287df689,4800,1c430260e3607c540173,19,"{'zstandard': '0.25.0', 'brotli': '1.2.0', 'numpy': '2.4.3'}",261333,100,random,178536,0.02364550000493182,529731,48.30617615355718,100,f4cc4b79a5dcc21d768377d09a3dbb805bed356329740347d27497c885fe0172,ok,1556,184988,3,25059548,1
262144,1839.7,0.11301120799907949,zstd,thematic,8488540,16.02424626838905,96,575b54aa2332ad8e6e45652023cb8e286ff631a4d1721aef1d7e4bd696f3bee8,25489114,0,none,0,2.8794423003750613,53eb9cd8d4aa893c2747d09fc2d647d6ebc4bf394da4df5aeaf9171f7595a7b2,0.08819454100012081,1070.605183130144,1061.2316802583116,0b2dfc134b4933b23b09350fdfe938d0af718001cb10c8fbd346fea1287df689,4800,35a1a50e246c99ccc94a,19,"{'zstandard': '0.25.0', 'brotli': '1.2.0', 'numpy': '2.4.3'}",260710,100,semantic,177518,0.022705208000843413,529731,48.11708961718306,100,f4cc4b79a5dcc21d768377d09a3dbb805bed356329740347d27497c885fe0172,ok,1556,183970,3,24959383,1
262144,1852.06,0.10788783399766544,zstd,thematic,8558298,16.15593197302027,96,575b54aa2332ad8e6e45652023cb8e286ff631a4d1721aef1d7e4bd696f3bee8,25513582,0,none,0,2.8602259106076477,53eb9cd8d4aa893c2747d09fc2d647d6ebc4bf394da4df5aeaf9171f7595a7b2,0.08289450000302168,1017.7624912275057,1013.3386103938481,0b2dfc134b4933b23b09350fdfe938d0af718001cb10c8fbd346fea1287df689,4800,f272f76e14d598b058ed,19,"{'zstandard': '0.25.0', 'brotli': '1.2.0', 'numpy': '2.4.3'}",261316,100,source,178754,0.02390699999523349,529731,48.1632790982593,100,f4cc4b79a5dcc21d768377d09a3dbb805bed356329740347d27497c885fe0172,ok,1556,185206,3,24983851,1
0,1856.272,1.0447835000013583,brotli,mixed,448001,0.3695033407811184,96,575b54aa2332ad8e6e45652023cb8e286ff631a4d1721aef1d7e4bd696f3bee8,1212441,0,none,0,2.6126365101666136,53eb9cd8d4aa893c2747d09fc2d647d6ebc4bf394da4df5aeaf9171f7595a7b2,1.0319209160006722,189.07006127692713,197.59875966366786,0b2dfc134b4933b23b09350fdfe938d0af718001cb10c8fbd346fea1287df689,12000,f86fe4d4a71f35b84431,11,"{'zstandard': '0.25.0', 'brotli': '1.2.0', 'numpy': '2.4.3'}",7721,250,source,448001,0.0061155840012361296,1212441,1.0,250,dd42761d708ee20ec9e9fc0a5ee080e28d3e80c8560c556c377b77c18c0c32da,ok,3971,464068,250,0,1
65536,1724.852,1.0974784159989213,brotli,mixed,5302084,4.373065575974419,96,575b54aa2332ad8e6e45652023cb8e286ff631a4d1721aef1d7e4bd696f3bee8,15484992,0,none,0,2.8116986268966846,53eb9cd8d4aa893c2747d09fc2d647d6ebc4bf394da4df5aeaf9171f7595a7b2,1.0498025410051923,350.1124002402771,252.9147961687151,0b2dfc134b4933b23b09350fdfe938d0af718001cb10c8fbd346fea1287df689,12000,e066546a5bcee591cf36,11,"{'zstandard': '0.25.0', 'brotli': '1.2.0', 'numpy': '2.4.3'}",64877,250,semantic,415146,0.042179709002084564,1212441,12.771748893348212,250,dd42761d708ee20ec9e9fc0a5ee080e28d3e80c8560c556c377b77c18c0c32da,ok,3971,431213,20,14272551,1
0,2355.912,0.029498874995624647,gzip,mixed,572911,0.47252691058781415,96,575b54aa2332ad8e6e45652023cb8e286ff631a4d1721aef1d7e4bd696f3bee8,1212441,0,none,0,2.0585505740452104,53eb9cd8d4aa893c2747d09fc2d647d6ebc4bf394da4df5aeaf9171f7595a7b2,0.022667334000288974,375.0482778596594,399.7720330403144,0b2dfc134b4933b23b09350fdfe938d0af718001cb10c8fbd346fea1287df689,12000,706e395c08045571734c,9,"{'zstandard': '0.25.0', 'brotli': '1.2.0', 'numpy': '2.4.3'}",7721,250,source,572911,0.0030830000032437965,1212441,1.0,250,dd42761d708ee20ec9e9fc0a5ee080e28d3e80c8560c556c377b77c18c0c32da,ok,3971,588978,250,0,1
65536,2063.024,0.05575308299739845,gzip,mixed,6379401,5.261617678715913,96,575b54aa2332ad8e6e45652023cb8e286ff631a4d1721aef1d7e4bd696f3bee8,15484992,0,none,0,2.3508034807156872,53eb9cd8d4aa893c2747d09fc2d647d6ebc4bf394da4df5aeaf9171f7595a7b2,0.038527290998899844,993.5729140914409,748.0341828935819,0b2dfc134b4933b23b09350fdfe938d0af718001cb10c8fbd346fea1287df689,12000,ad62f9520c29d61a922d,9,"{'zstandard': '0.25.0', 'brotli': '1.2.0', 'numpy': '2.4.3'}",64877,250,semantic,499689,0.014863166004943196,1212441,12.771748893348212,250,dd42761d708ee20ec9e9fc0a5ee080e28d3e80c8560c556c377b77c18c0c32da,ok,3971,515756,20,14272551,1
0,2411.404,0.45365550000133226,xz,mixed,586784,0.4839691168477476,96,575b54aa2332ad8e6e45652023cb8e286ff631a4d1721aef1d7e4bd696f3bee8,1212441,0,none,0,2.011178549923613,53eb9cd8d4aa893c2747d09fc2d647d6ebc4bf394da4df5aeaf9171f7595a7b2,0.352338000004238,23.110974699744407,23.019319101124864,0b2dfc134b4933b23b09350fdfe938d0af718001cb10c8fbd346fea1287df689,12000,32c0a70580510d587d3c,9,"{'zstandard': '0.25.0', 'brotli': '1.2.0', 'numpy': '2.4.3'}",7721,250,source,586784,0.05003137500170851,1212441,1.0,250,dd42761d708ee20ec9e9fc0a5ee080e28d3e80c8560c556c377b77c18c0c32da,ok,3971,602851,250,0,1
65536,1935.58,0.9108024579982157,xz,mixed,5971144,4.924894489711252,96,575b54aa2332ad8e6e45652023cb8e286ff631a4d1721aef1d7e4bd696f3bee8,15484992,0,none,0,2.5055869558478596,53eb9cd8d4aa893c2747d09fc2d647d6ebc4bf394da4df5aeaf9171f7595a7b2,0.3972443340026075,31.13548120833775,30.220625012299223,0b2dfc134b4933b23b09350fdfe938d0af718001cb10c8fbd346fea1287df689,12000,f83026ef5540f70e2838,9,"{'zstandard': '0.25.0', 'brotli': '1.2.0', 'numpy': '2.4.3'}",64877,250,semantic,467828,0.4743025830030092,1212441,12.771748893348212,250,dd42761d708ee20ec9e9fc0a5ee080e28d3e80c8560c556c377b77c18c0c32da,ok,3971,483895,20,14272551,1
0,2401.552,0.01200158300343901,zstd,mixed,584321,0.48193767779215646,96,575b54aa2332ad8e6e45652023cb8e286ff631a4d1721aef1d7e4bd696f3bee8,1212441,0,none,0,2.019429102513708,53eb9cd8d4aa893c2747d09fc2d647d6ebc4bf394da4df5aeaf9171f7595a7b2,0.0069584169978043064,537.5412657365895,542.6923286878873,0b2dfc134b4933b23b09350fdfe938d0af718001cb10c8fbd346fea1287df689,12000,ad0f4d8fe42b7ad6c28d,3,"{'zstandard': '0.25.0', 'brotli': '1.2.0', 'numpy': '2.4.3'}",7721,250,source,584321,0.002151042004697956,1212441,1.0,250,dd42761d708ee20ec9e9fc0a5ee080e28d3e80c8560c556c377b77c18c0c32da,ok,3971,600388,250,0,1
0,2340.864,0.02810029200190911,zstd,mixed,569149,0.4694240791923071,96,575b54aa2332ad8e6e45652023cb8e286ff631a4d1721aef1d7e4bd696f3bee8,1212441,0,none,0,2.07178375164042,53eb9cd8d4aa893c2747d09fc2d647d6ebc4bf394da4df5aeaf9171f7595a7b2,0.022749750001821667,486.5108690591524,550.1481354577503,0b2dfc134b4933b23b09350fdfe938d0af718001cb10c8fbd346fea1287df689,12000,7e40ac99e7cb0d573b06,9,"{'zstandard': '0.25.0', 'brotli': '1.2.0', 'numpy': '2.4.3'}",7721,250,source,569149,0.002376666001509875,1212441,1.0,250,dd42761d708ee20ec9e9fc0a5ee080e28d3e80c8560c556c377b77c18c0c32da,ok,3971,585216,250,0,1
0,2321.34,0.061578583998198155,zstd,mixed,564268,0.465398316289205,96,575b54aa2332ad8e6e45652023cb8e286ff631a4d1721aef1d7e4bd696f3bee8,1212441,0,none,0,2.0892088190441727,53eb9cd8d4aa893c2747d09fc2d647d6ebc4bf394da4df5aeaf9171f7595a7b2,0.05661625000357162,547.5860029100261,582.1514370220325,0b2dfc134b4933b23b09350fdfe938d0af718001cb10c8fbd346fea1287df689,12000,3afbf21ceb840c659ec5,15,"{'zstandard': '0.25.0', 'brotli': '1.2.0', 'numpy': '2.4.3'}",7721,250,source,564268,0.0021115839990670793,1212441,1.0,250,dd42761d708ee20ec9e9fc0a5ee080e28d3e80c8560c556c377b77c18c0c32da,ok,3971,580335,250,0,1
0,2313.932,0.10550529199826997,zstd,mixed,562416,0.4638708192811032,96,575b54aa2332ad8e6e45652023cb8e286ff631a4d1721aef1d7e4bd696f3bee8,1212441,0,none,0,2.0958973729565087,53eb9cd8d4aa893c2747d09fc2d647d6ebc4bf394da4df5aeaf9171f7595a7b2,0.1003710420045536,525.0518197650042,544.577342139237,0b2dfc134b4933b23b09350fdfe938d0af718001cb10c8fbd346fea1287df689,12000,e2d6badbb6f1823a337e,19,"{'zstandard': '0.25.0', 'brotli': '1.2.0', 'numpy': '2.4.3'}",7721,250,source,562416,0.0022022089979145676,1212441,1.0,250,dd42761d708ee20ec9e9fc0a5ee080e28d3e80c8560c556c377b77c18c0c32da,ok,3971,578483,250,0,1
0,2313.932,0.1082479169999715,zstd,mixed,562416,0.4638708192811032,96,575b54aa2332ad8e6e45652023cb8e286ff631a4d1721aef1d7e4bd696f3bee8,1212441,0,none,0,2.0958973729565087,53eb9cd8d4aa893c2747d09fc2d647d6ebc4bf394da4df5aeaf9171f7595a7b2,0.10283916600019438,514.1851430514093,503.1379240324013,0b2dfc134b4933b23b09350fdfe938d0af718001cb10c8fbd346fea1287df689,12000,0ef2c1afdec9881020a1,22,"{'zstandard': '0.25.0', 'brotli': '1.2.0', 'numpy': '2.4.3'}",7721,250,source,562416,0.0022487500027636997,1212441,1.0,250,dd42761d708ee20ec9e9fc0a5ee080e28d3e80c8560c556c377b77c18c0c32da,ok,3971,578483,250,0,1
0,2060.008,0.1368757079981151,zstd,mixed,490743,0.404756190198121,96,575b54aa2332ad8e6e45652023cb8e286ff631a4d1721aef1d7e4bd696f3bee8,1212441,8192,global,8192,2.354245226232131,53eb9cd8d4aa893c2747d09fc2d647d6ebc4bf394da4df5aeaf9171f7595a7b2,0.12837895799748367,305.0082686212338,304.14588434841386,0b2dfc134b4933b23b09350fdfe938d0af718001cb10c8fbd346fea1287df689,12000,1744f7470cf0569eb0e0,19,"{'zstandard': '0.25.0', 'brotli': '1.2.0', 'numpy': '2.4.3'}",7721,250,source,490743,0.0037909590027993545,1212441,1.0,250,dd42761d708ee20ec9e9fc0a5ee080e28d3e80c8560c556c377b77c18c0c32da,ok,3971,515002,250,0,1
0,2058.948,0.204344082994794,zstd,mixed,490478,0.4045376228616485,96,575b54aa2332ad8e6e45652023cb8e286ff631a4d1721aef1d7e4bd696f3bee8,1212441,8192,pack,8192,2.355457252927223,53eb9cd8d4aa893c2747d09fc2d647d6ebc4bf394da4df5aeaf9171f7595a7b2,0.1287651669990737,286.5285284802318,307.99744418646844,0b2dfc134b4933b23b09350fdfe938d0af718001cb10c8fbd346fea1287df689,12000,9ceae048158a61decac7,19,"{'zstandard': '0.25.0', 'brotli': '1.2.0', 'numpy': '2.4.3'}",7721,250,source,490478,0.0040354579978156835,1212441,1.0,250,dd42761d708ee20ec9e9fc0a5ee080e28d3e80c8560c556c377b77c18c0c32da,ok,3971,514737,250,0,1
0,2037.5,0.18836087499948917,zstd,mixed,476924,0.3933585221878838,96,575b54aa2332ad8e6e45652023cb8e286ff631a4d1721aef1d7e4bd696f3bee8,1212441,16384,global,16384,2.38025226993865,53eb9cd8d4aa893c2747d09fc2d647d6ebc4bf394da4df5aeaf9171f7595a7b2,0.1798414579970995,288.797712589761,321.20948435278814,0b2dfc134b4933b23b09350fdfe938d0af718001cb10c8fbd346fea1287df689,12000,26eff28c6d720425e620,19,"{'zstandard': '0.25.0', 'brotli': '1.2.0', 'numpy': '2.4.3'}",7721,250,source,476924,0.004003750000265427,1212441,1.0,250,dd42761d708ee20ec9e9fc0a5ee080e28d3e80c8560c556c377b77c18c0c32da,ok,3971,509375,250,0,1
0,2029.296,0.2582624589995248,zstd,mixed,474873,0.39166689348182715,96,575b54aa2332ad8e6e45652023cb8e286ff631a4d1721aef1d7e4bd696f3bee8,1212441,16384,pack,16384,2.3898751093975448,53eb9cd8d4aa893c2747d09fc2d647d6ebc4bf394da4df5aeaf9171f7595a7b2,0.18539400000008754,299.1265919253623,302.45195917576854,0b2dfc134b4933b23b09350fdfe938d0af718001cb10c8fbd346fea1287df689,12000,866528718358b0b0d1e7,19,"{'zstandard': '0.25.0', 'brotli': '1.2.0', 'numpy': '2.4.3'}",7721,250,source,474873,0.0038655000025755726,1212441,1.0,250,dd42761d708ee20ec9e9fc0a5ee080e28d3e80c8560c556c377b77c18c0c32da,ok,3971,507324,250,0,1
0,2030.816,0.34982250000030035,zstd,mixed,458869,0.37846707592369444,96,575b54aa2332ad8e6e45652023cb8e286ff631a4d1721aef1d7e4bd696f3bee8,1212441,32768,global,32768,2.3880863652837085,53eb9cd8d4aa893c2747d09fc2d647d6ebc4bf394da4df5aeaf9171f7595a7b2,0.34056504100590246,268.13962620102876,291.4608437916725,0b2dfc134b4933b23b09350fdfe938d0af718001cb10c8fbd346fea1287df689,12000,5f6bc9e6b4a2f11ced36,19,"{'zstandard': '0.25.0', 'brotli': '1.2.0', 'numpy': '2.4.3'}",7721,250,source,458869,0.004312208002374973,1212441,1.0,250,dd42761d708ee20ec9e9fc0a5ee080e28d3e80c8560c556c377b77c18c0c32da,ok,3971,507704,250,0,1
0,2007.468,0.39866825000353856,zstd,mixed,453032,0.37365282104448794,96,575b54aa2332ad8e6e45652023cb8e286ff631a4d1721aef1d7e4bd696f3bee8,1212441,32768,pack,32768,2.4158611743748843,53eb9cd8d4aa893c2747d09fc2d647d6ebc4bf394da4df5aeaf9171f7595a7b2,0.32582633300626185,248.42506396789904,278.92264940597147,0b2dfc134b4933b23b09350fdfe938d0af718001cb10c8fbd346fea1287df689,12000,e9903643a392b889aa63,19,"{'zstandard': '0.25.0', 'brotli': '1.2.0', 'numpy': '2.4.3'}",7721,250,source,453032,0.004654417003621347,1212441,1.0,250,dd42761d708ee20ec9e9fc0a5ee080e28d3e80c8560c556c377b77c18c0c32da,ok,3971,501867,250,0,1
0,2091.704,0.7410427499999059,zstd,mixed,441323,0.36399544390201255,96,575b54aa2332ad8e6e45652023cb8e286ff631a4d1721aef1d7e4bd696f3bee8,1212441,65536,global,65536,2.3185708876590567,53eb9cd8d4aa893c2747d09fc2d647d6ebc4bf394da4df5aeaf9171f7595a7b2,0.7313946659996873,257.952892747796,271.9604487594519,0b2dfc134b4933b23b09350fdfe938d0af718001cb10c8fbd346fea1287df689,12000,0807852b89f1f06e7c86,19,"{'zstandard': '0.25.0', 'brotli': '1.2.0', 'numpy': '2.4.3'}",7721,250,source,441323,0.004482500000449363,1212441,1.0,250,dd42761d708ee20ec9e9fc0a5ee080e28d3e80c8560c556c377b77c18c0c32da,ok,3971,522926,250,0,1
0,2035.44,0.761837292004202,zstd,mixed,427257,0.352394054638535,96,575b54aa2332ad8e6e45652023cb8e286ff631a4d1721aef1d7e4bd696f3bee8,1212441,65536,pack,65536,2.3826612427779743,53eb9cd8d4aa893c2747d09fc2d647d6ebc4bf394da4df5aeaf9171f7595a7b2,0.683455790996959,253.14319991969484,269.85530277698933,0b2dfc134b4933b23b09350fdfe938d0af718001cb10c8fbd346fea1287df689,12000,4faa2aeb30529f172706,19,"{'zstandard': '0.25.0', 'brotli': '1.2.0', 'numpy': '2.4.3'}",7721,250,source,427257,0.00456766700517619,1212441,1.0,250,dd42761d708ee20ec9e9fc0a5ee080e28d3e80c8560c556c377b77c18c0c32da,ok,3971,508860,250,0,1
16384,2169.244,0.130105750002258,zstd,mixed,1498792,1.2361772655329208,96,575b54aa2332ad8e6e45652023cb8e286ff631a4d1721aef1d7e4bd696f3bee8,3455911,0,none,0,2.235693172367885,53eb9cd8d4aa893c2747d09fc2d647d6ebc4bf394da4df5aeaf9171f7595a7b2,0.12229724999633618,637.7760405131004,647.2890789115753,0b2dfc134b4933b23b09350fdfe938d0af718001cb10c8fbd346fea1287df689,12000,0f211ea75dec9b07ad04,19,"{'zstandard': '0.25.0', 'brotli': '1.2.0', 'numpy': '2.4.3'}",16349,250,alphabetical,526244,0.00516766600048868,1212441,2.85037457492777,250,dd42761d708ee20ec9e9fc0a5ee080e28d3e80c8560c556c377b77c18c0c32da,ok,3971,542311,89,2243470,1
16384,2168.996,0.13370600000052946,zstd,mixed,1529507,1.261510457003681,96,575b54aa2332ad8e6e45652023cb8e286ff631a4d1721aef1d7e4bd696f3bee8,3530928,0,none,0,2.2359487984302415,53eb9cd8d4aa893c2747d09fc2d647d6ebc4bf394da4df5aeaf9171f7595a7b2,0.12571537499752594,630.369550905865,665.8806825801875,0b2dfc134b4933b23b09350fdfe938d0af718001cb10c8fbd346fea1287df689,12000,c10d1c91f3bfa801a07a,19,"{'zstandard': '0.25.0', 'brotli': '1.2.0', 'numpy': '2.4.3'}",16312,250,random,526182,0.005341875003068708,1212441,2.9122472763623137,250,dd42761d708ee20ec9e9fc0a5ee080e28d3e80c8560c556c377b77c18c0c32da,ok,3971,542249,87,2318487,1
16384,2156.164,0.12978866699995706,zstd,mixed,1481257,1.2217147061176585,96,575b54aa2332ad8e6e45652023cb8e286ff631a4d1721aef1d7e4bd696f3bee8,3438878,0,none,0,2.249255622485117,53eb9cd8d4aa893c2747d09fc2d647d6ebc4bf394da4df5aeaf9171f7595a7b2,0.12188350000360515,666.7598407550573,588.5717077328131,0b2dfc134b4933b23b09350fdfe938d0af718001cb10c8fbd346fea1287df689,12000,08b872eaf6d2bbdadecf,19,"{'zstandard': '0.25.0', 'brotli': '1.2.0', 'numpy': '2.4.3'}",16344,250,semantic,522974,0.004918667000310961,1212441,2.8363260562782022,250,dd42761d708ee20ec9e9fc0a5ee080e28d3e80c8560c556c377b77c18c0c32da,ok,3971,539041,90,2226437,1
16384,2161.328,0.12911312500364147,zstd,mixed,1528177,1.2604134964093099,96,575b54aa2332ad8e6e45652023cb8e286ff631a4d1721aef1d7e4bd696f3bee8,3537429,0,none,0,2.2438815394979383,53eb9cd8d4aa893c2747d09fc2d647d6ebc4bf394da4df5aeaf9171f7595a7b2,0.1214256250023027,655.5630877915013,674.2943274897373,0b2dfc134b4933b23b09350fdfe938d0af718001cb10c8fbd346fea1287df689,12000,2b94f422825385abdcfd,19,"{'zstandard': '0.25.0', 'brotli': '1.2.0', 'numpy': '2.4.3'}",16371,250,source,524265,0.005146041999978479,1212441,2.917609186756304,250,dd42761d708ee20ec9e9fc0a5ee080e28d3e80c8560c556c377b77c18c0c32da,ok,3971,540332,87,2324988,1
32768,2075.36,0.15394766599638388,zstd,mixed,3089406,2.5480877007623466,96,575b54aa2332ad8e6e45652023cb8e286ff631a4d1721aef1d7e4bd696f3bee8,7447183,0,none,0,2.3368302366818288,53eb9cd8d4aa893c2747d09fc2d647d6ebc4bf394da4df5aeaf9171f7595a7b2,0.14242054199712584,775.309177929699,791.4940311398086,0b2dfc134b4933b23b09350fdfe938d0af718001cb10c8fbd346fea1287df689,12000,c95605c8b1baa03a8b78,19,"{'zstandard': '0.25.0', 'brotli': '1.2.0', 'numpy': '2.4.3'}",32672,250,alphabetical,502773,0.009160457993857563,1212441,6.1423054812564075,250,dd42761d708ee20ec9e9fc0a5ee080e28d3e80c8560c556c377b77c18c0c32da,ok,3971,518840,41,6234742,1
32768,2080.94,0.14957583400246222,zstd,mixed,3099227,2.5561878887302556,96,575b54aa2332ad8e6e45652023cb8e286ff631a4d1721aef1d7e4bd696f3bee8,7458729,0,none,0,2.33056407200592,53eb9cd8d4aa893c2747d09fc2d647d6ebc4bf394da4df5aeaf9171f7595a7b2,0.13787800000136485,758.2188486514847,781.7282800078423,0b2dfc134b4933b23b09350fdfe938d0af718001cb10c8fbd346fea1287df689,12000,aad403caa283520fbd8e,19,"{'zstandard': '0.25.0', 'brotli': '1.2.0', 'numpy': '2.4.3'}",32670,250,random,504168,0.009381457995914388,1212441,6.151828418867392,250,dd42761d708ee20ec9e9fc0a5ee080e28d3e80c8560c556c377b77c18c0c32da,ok,3971,520235,41,6246288,1
32768,2049.716,0.15890216699335724,zstd,mixed,3077739,2.5384649644807458,96,575b54aa2332ad8e6e45652023cb8e286ff631a4d1721aef1d7e4bd696f3bee8,7521470,0,none,0,2.36606632333455,53eb9cd8d4aa893c2747d09fc2d647d6ebc4bf394da4df5aeaf9171f7595a7b2,0.14765258300030837,796.7454058209884,792.6921273349827,0b2dfc134b4933b23b09350fdfe938d0af718001cb10c8fbd346fea1287df689,12000,2a32867a0da2672a2814,19,"{'zstandard': '0.25.0', 'brotli': '1.2.0', 'numpy': '2.4.3'}",32592,250,semantic,496362,0.009002917002362665,1212441,6.20357609153765,250,dd42761d708ee20ec9e9fc0a5ee080e28d3e80c8560c556c377b77c18c0c32da,ok,3971,512429,41,6309029,1
32768,2066.152,0.15832200000295416,zstd,mixed,3135376,2.586002947772304,96,575b54aa2332ad8e6e45652023cb8e286ff631a4d1721aef1d7e4bd696f3bee8,7599351,0,none,0,2.347244539607928,53eb9cd8d4aa893c2747d09fc2d647d6ebc4bf394da4df5aeaf9171f7595a7b2,0.1414758340033586,702.3717756099479,231.45344813665386,0b2dfc134b4933b23b09350fdfe938d0af718001cb10c8fbd346fea1287df689,12000,e020223af4642147c763,19,"{'zstandard': '0.25.0', 'brotli': '1.2.0', 'numpy': '2.4.3'}",32530,250,source,500471,0.010318332999304403,1212441,6.2678109697709,250,dd42761d708ee20ec9e9fc0a5ee080e28d3e80c8560c556c377b77c18c0c32da,ok,3971,516538,40,6386910,1
65536,1992.276,0.18262920800043503,zstd,mixed,6189051,5.104620348536548,96,575b54aa2332ad8e6e45652023cb8e286ff631a4d1721aef1d7e4bd696f3bee8,15574540,0,none,0,2.434283201725062,53eb9cd8d4aa893c2747d09fc2d647d6ebc4bf394da4df5aeaf9171f7595a7b2,0.16255512500356417,828.6753151609072,882.9888042042867,0b2dfc134b4933b23b09350fdfe938d0af718001cb10c8fbd346fea1287df689,12000,5018f049f395befb16d3,19,"{'zstandard': '0.25.0', 'brotli': '1.2.0', 'numpy': '2.4.3'}",65404,250,alphabetical,482002,0.01792383399879327,1212441,12.845606507863064,250,dd42761d708ee20ec9e9fc0a5ee080e28d3e80c8560c556c377b77c18c0c32da,ok,3971,498069,20,14362099,1
65536,1995.888,0.18322754100518068,zstd,mixed,6190304,5.105653800885981,96,575b54aa2332ad8e6e45652023cb8e286ff631a4d1721aef1d7e4bd696f3bee8,15559007,0,none,0,2.429877828816046,53eb9cd8d4aa893c2747d09fc2d647d6ebc4bf394da4df5aeaf9171f7595a7b2,0.1627322920030565,810.6658672841066,876.6291429076404,0b2dfc134b4933b23b09350fdfe938d0af718001cb10c8fbd346fea1287df689,12000,285876432678630312ae,19,"{'zstandard': '0.25.0', 'brotli': '1.2.0', 'numpy': '2.4.3'}",65428,250,random,482905,0.018303749995538965,1212441,12.83279516281617,250,dd42761d708ee20ec9e9fc0a5ee080e28d3e80c8560c556c377b77c18c0c32da,ok,3971,498972,20,14346566,1
65536,1966.408,0.1961689169984311,zstd,mixed,6070266,5.006648570940771,96,575b54aa2332ad8e6e45652023cb8e286ff631a4d1721aef1d7e4bd696f3bee8,15484992,0,none,0,2.4663060768670593,53eb9cd8d4aa893c2747d09fc2d647d6ebc4bf394da4df5aeaf9171f7595a7b2,0.16415962499741,841.9766613862624,871.7817995425826,0b2dfc134b4933b23b09350fdfe938d0af718001cb10c8fbd346fea1287df689,12000,2aad9e999eedf09ace52,19,"{'zstandard': '0.25.0', 'brotli': '1.2.0', 'numpy': '2.4.3'}",64877,250,semantic,475535,0.017539250002300832,1212441,12.771748893348212,250,dd42761d708ee20ec9e9fc0a5ee080e28d3e80c8560c556c377b77c18c0c32da,ok,3971,491602,20,14272551,1
65536,1982.812,0.18628079100017203,zstd,mixed,6219879,5.130046740418709,96,575b54aa2332ad8e6e45652023cb8e286ff631a4d1721aef1d7e4bd696f3bee8,15739502,0,none,0,2.445902082496979,53eb9cd8d4aa893c2747d09fc2d647d6ebc4bf394da4df5aeaf9171f7595a7b2,0.16592949999903794,830.1520158951241,858.5921972043524,0b2dfc134b4933b23b09350fdfe938d0af718001cb10c8fbd346fea1287df689,12000,00905b6249de38329ee9,19,"{'zstandard': '0.25.0', 'brotli': '1.2.0', 'numpy': '2.4.3'}",65515,250,source,479636,0.01808145800168859,1212441,12.981664262425966,250,dd42761d708ee20ec9e9fc0a5ee080e28d3e80c8560c556c377b77c18c0c32da,ok,3971,495703,20,14527061,1
131072,1912.74,0.24043241600156762,zstd,mixed,11977051,9.878460890055681,96,575b54aa2332ad8e6e45652023cb8e286ff631a4d1721aef1d7e4bd696f3bee8,31463298,0,none,0,2.5355061325637567,53eb9cd8d4aa893c2747d09fc2d647d6ebc4bf394da4df5aeaf9171f7595a7b2,0.20250220800517127,839.4818525844097,901.3735250342684,0b2dfc134b4933b23b09350fdfe938d0af718001cb10c8fbd346fea1287df689,12000,ff897170212cd258a844,19,"{'zstandard': '0.25.0', 'brotli': '1.2.0', 'numpy': '2.4.3'}",130578,250,alphabetical,462118,0.03574316600133898,1212441,25.95037449244953,250,dd42761d708ee20ec9e9fc0a5ee080e28d3e80c8560c556c377b77c18c0c32da,ok,3971,478185,10,30250857,1
131072,1915.016,0.23988683299830882,zstd,mixed,11924866,9.835419620418643,96,575b54aa2332ad8e6e45652023cb8e286ff631a4d1721aef1d7e4bd696f3bee8,31286999,0,none,0,2.532492678912343,53eb9cd8d4aa893c2747d09fc2d647d6ebc4bf394da4df5aeaf9171f7595a7b2,0.20257266700355103,850.3579308235593,878.4606561900506,0b2dfc134b4933b23b09350fdfe938d0af718001cb10c8fbd346fea1287df689,12000,87fe8e4f1ef015924ddf,19,"{'zstandard': '0.25.0', 'brotli': '1.2.0', 'numpy': '2.4.3'}",130922,250,random,462687,0.03508829200291075,1212441,25.804966179797614,250,dd42761d708ee20ec9e9fc0a5ee080e28d3e80c8560c556c377b77c18c0c32da,ok,3971,478754,10,30074558,1
131072,1885.34,0.2464952909940621,zstd,mixed,11730914,9.675451424028056,96,575b54aa2332ad8e6e45652023cb8e286ff631a4d1721aef1d7e4bd696f3bee8,31287351,0,none,0,2.5723551189705836,53eb9cd8d4aa893c2747d09fc2d647d6ebc4bf394da4df5aeaf9171f7595a7b2,0.20787404200382298,822.7544081728139,840.3409443953552,0b2dfc134b4933b23b09350fdfe938d0af718001cb10c8fbd346fea1287df689,12000,0538f5f0a90ec058a6f5,19,"{'zstandard': '0.25.0', 'brotli': '1.2.0', 'numpy': '2.4.3'}",130920,250,semantic,455268,0.036265916998672765,1212441,25.805256503203044,250,dd42761d708ee20ec9e9fc0a5ee080e28d3e80c8560c556c377b77c18c0c32da,ok,3971,471335,10,30074910,1
131072,1901.436,0.24039566599822138,zstd,mixed,11781532,9.7172002596415,96,575b54aa2332ad8e6e45652023cb8e286ff631a4d1721aef1d7e4bd696f3bee8,31116531,0,none,0,2.5505796671568226,53eb9cd8d4aa893c2747d09fc2d647d6ebc4bf394da4df5aeaf9171f7595a7b2,0.20294933300465345,841.206642610396,881.4742468069279,0b2dfc134b4933b23b09350fdfe938d0af718001cb10c8fbd346fea1287df689,12000,185e9196b6f2240890eb,19,"{'zstandard': '0.25.0', 'brotli': '1.2.0', 'numpy': '2.4.3'}",131061,250,source,459292,0.03527675000077579,1212441,25.664367173330497,250,dd42761d708ee20ec9e9fc0a5ee080e28d3e80c8560c556c377b77c18c0c32da,ok,3971,475359,10,29904090,1
262144,1840.388,0.2554337090041372,zstd,mixed,22537125,18.588224086780304,96,575b54aa2332ad8e6e45652023cb8e286ff631a4d1721aef1d7e4bd696f3bee8,61577039,0,none,0,2.635185623901047,53eb9cd8d4aa893c2747d09fc2d647d6ebc4bf394da4df5aeaf9171f7595a7b2,0.1879667499961215,897.9495374261651,963.5286152757185,0b2dfc134b4933b23b09350fdfe938d0af718001cb10c8fbd346fea1287df689,12000,46b219b4cf1a43905e1f,19,"{'zstandard': '0.25.0', 'brotli': '1.2.0', 'numpy': '2.4.3'}",262058,250,alphabetical,444030,0.06539837499440182,1212441,50.7876581210962,250,dd42761d708ee20ec9e9fc0a5ee080e28d3e80c8560c556c377b77c18c0c32da,ok,3971,460097,5,60364598,1
262144,1841.3,0.2400984999985667,zstd,mixed,22564038,18.610421455559486,96,575b54aa2332ad8e6e45652023cb8e286ff631a4d1721aef1d7e4bd696f3bee8,61594708,0,none,0,2.633880410579482,53eb9cd8d4aa893c2747d09fc2d647d6ebc4bf394da4df5aeaf9171f7595a7b2,0.1741725839965511,920.9805553678223,936.7281767424845,0b2dfc134b4933b23b09350fdfe938d0af718001cb10c8fbd346fea1287df689,12000,b9b6fe375d0dfb932685,19,"{'zstandard': '0.25.0', 'brotli': '1.2.0', 'numpy': '2.4.3'}",262110,250,random,444258,0.06378124999901047,1212441,50.8022312013533,250,dd42761d708ee20ec9e9fc0a5ee080e28d3e80c8560c556c377b77c18c0c32da,ok,3971,460325,5,60382267,1
262144,1815.12,0.24410237499978393,zstd,mixed,22233198,18.33755044575365,96,575b54aa2332ad8e6e45652023cb8e286ff631a4d1721aef1d7e4bd696f3bee8,61616847,0,none,0,2.671869628454317,53eb9cd8d4aa893c2747d09fc2d647d6ebc4bf394da4df5aeaf9171f7595a7b2,0.17680516700056614,900.449048244755,957.0155490857921,0b2dfc134b4933b23b09350fdfe938d0af718001cb10c8fbd346fea1287df689,12000,1b23cd496339879a0753,19,"{'zstandard': '0.25.0', 'brotli': '1.2.0', 'numpy': '2.4.3'}",262135,250,semantic,437713,0.06525900000269758,1212441,50.820491058946374,250,dd42761d708ee20ec9e9fc0a5ee080e28d3e80c8560c556c377b77c18c0c32da,ok,3971,453780,5,60404406,1
262144,1831.156,0.2575931669998681,zstd,mixed,22461679,18.525997553695397,96,575b54aa2332ad8e6e45652023cb8e286ff631a4d1721aef1d7e4bd696f3bee8,61671793,0,none,0,2.64847123893322,53eb9cd8d4aa893c2747d09fc2d647d6ebc4bf394da4df5aeaf9171f7595a7b2,0.1895866670020041,892.6651417574524,907.7421976912785,0b2dfc134b4933b23b09350fdfe938d0af718001cb10c8fbd346fea1287df689,12000,864f3d496fdff2fe8fe3,19,"{'zstandard': '0.25.0', 'brotli': '1.2.0', 'numpy': '2.4.3'}",261982,250,source,441722,0.06588675000239164,1212441,50.86580955279474,250,dd42761d708ee20ec9e9fc0a5ee080e28d3e80c8560c556c377b77c18c0c32da,ok,3971,457789,5,60459352,1
0,1988.1,1.1376738749968354,brotli,thematic,480886,0.36469160707108245,96,575b54aa2332ad8e6e45652023cb8e286ff631a4d1721aef1d7e4bd696f3bee8,1318610,0,none,0,2.653005382023037,53eb9cd8d4aa893c2747d09fc2d647d6ebc4bf394da4df5aeaf9171f7595a7b2,1.1231269169948064,183.0091488590687,193.18420836626066,0b2dfc134b4933b23b09350fdfe938d0af718001cb10c8fbd346fea1287df689,12000,c71b871b1e69d28f429a,11,"{'zstandard': '0.25.0', 'brotli': '1.2.0', 'numpy': '2.4.3'}",7955,250,source,480886,0.006871375000628177,1318610,1.0,250,9648ccd5747114f7ff4b54b0bd16395314235ad552a38095f9f8881843eb6170,ok,4043,497025,250,0,1
65536,1796.4,1.2604952080000658,brotli,thematic,5157074,3.9109926361850738,96,575b54aa2332ad8e6e45652023cb8e286ff631a4d1721aef1d7e4bd696f3bee8,15709592,0,none,0,2.9361166778000447,53eb9cd8d4aa893c2747d09fc2d647d6ebc4bf394da4df5aeaf9171f7595a7b2,1.2160220410005422,380.9384841840265,290.96451626452705,0b2dfc134b4933b23b09350fdfe938d0af718001cb10c8fbd346fea1287df689,12000,09eeb81648c03f2091bc,11,"{'zstandard': '0.25.0', 'brotli': '1.2.0', 'numpy': '2.4.3'}",65457,250,semantic,432961,0.03932875000464264,1318610,11.913751602065812,250,9648ccd5747114f7ff4b54b0bd16395314235ad552a38095f9f8881843eb6170,ok,4043,449100,21,14390982,1
0,2554.76,0.03226229199935915,gzip,thematic,622551,0.4721267091861885,96,575b54aa2332ad8e6e45652023cb8e286ff631a4d1721aef1d7e4bd696f3bee8,1318610,0,none,0,2.0645540089871455,53eb9cd8d4aa893c2747d09fc2d647d6ebc4bf394da4df5aeaf9171f7595a7b2,0.024915125002735294,373.30963521141666,411.74624145226704,0b2dfc134b4933b23b09350fdfe938d0af718001cb10c8fbd346fea1287df689,12000,d12da14aeeae975d4de5,9,"{'zstandard': '0.25.0', 'brotli': '1.2.0', 'numpy': '2.4.3'}",7955,250,source,622551,0.003368582998518832,1318610,1.0,250,9648ccd5747114f7ff4b54b0bd16395314235ad552a38095f9f8881843eb6170,ok,4043,638690,250,0,1
65536,2152.072,0.05993612499878509,gzip,thematic,6216153,4.714170983080669,96,575b54aa2332ad8e6e45652023cb8e286ff631a4d1721aef1d7e4bd696f3bee8,15709592,0,none,0,2.4508659561576005,53eb9cd8d4aa893c2747d09fc2d647d6ebc4bf394da4df5aeaf9171f7595a7b2,0.04266595799708739,1024.8456618258951,735.3050005101697,0b2dfc134b4933b23b09350fdfe938d0af718001cb10c8fbd346fea1287df689,12000,2db72676be514efa551a,9,"{'zstandard': '0.25.0', 'brotli': '1.2.0', 'numpy': '2.4.3'}",65457,250,semantic,521879,0.014618624998547602,1318610,11.913751602065812,250,9648ccd5747114f7ff4b54b0bd16395314235ad552a38095f9f8881843eb6170,ok,4043,538018,21,14390982,1
0,2610.556,0.48596974999964004,xz,thematic,636500,0.48270527297684684,96,575b54aa2332ad8e6e45652023cb8e286ff631a4d1721aef1d7e4bd696f3bee8,1318610,0,none,0,2.0204278322319076,53eb9cd8d4aa893c2747d09fc2d647d6ebc4bf394da4df5aeaf9171f7595a7b2,0.37385458299831953,22.628708923592523,22.723231895495452,0b2dfc134b4933b23b09350fdfe938d0af718001cb10c8fbd346fea1287df689,12000,08c80a10df009bb787e2,9,"{'zstandard': '0.25.0', 'brotli': '1.2.0', 'numpy': '2.4.3'}",7955,250,source,636500,0.05557208299433114,1318610,1.0,250,9648ccd5747114f7ff4b54b0bd16395314235ad552a38095f9f8881843eb6170,ok,4043,652639,250,0,1
65536,2015.292,0.9489904580041184,xz,thematic,5808744,4.405202448032398,96,575b54aa2332ad8e6e45652023cb8e286ff631a4d1721aef1d7e4bd696f3bee8,15709592,0,none,0,2.617208821351943,53eb9cd8d4aa893c2747d09fc2d647d6ebc4bf394da4df5aeaf9171f7595a7b2,0.44997220799996285,32.68806958075144,31.634675896486044,0b2dfc134b4933b23b09350fdfe938d0af718001cb10c8fbd346fea1287df689,12000,2a65f9d1e5e388586676,9,"{'zstandard': '0.25.0', 'brotli': '1.2.0', 'numpy': '2.4.3'}",65457,250,semantic,487684,0.45832729199901223,1318610,11.913751602065812,250,9648ccd5747114f7ff4b54b0bd16395314235ad552a38095f9f8881843eb6170,ok,4043,503823,21,14390982,1
0,2596.876,0.013344874998438172,zstd,thematic,633080,0.4801116327041354,96,575b54aa2332ad8e6e45652023cb8e286ff631a4d1721aef1d7e4bd696f3bee8,1318610,0,none,0,2.0310711793709055,53eb9cd8d4aa893c2747d09fc2d647d6ebc4bf394da4df5aeaf9171f7595a7b2,0.007538165998994373,517.9439845460266,570.0690744239605,0b2dfc134b4933b23b09350fdfe938d0af718001cb10c8fbd346fea1287df689,12000,043409f1dddcd2f094e9,3,"{'zstandard': '0.25.0', 'brotli': '1.2.0', 'numpy': '2.4.3'}",7955,250,source,633080,0.0024279160061269067,1318610,1.0,250,9648ccd5747114f7ff4b54b0bd16395314235ad552a38095f9f8881843eb6170,ok,4043,649219,250,0,1
0,2530.448,0.03150979200290749,zstd,thematic,616473,0.4675173098945101,96,575b54aa2332ad8e6e45652023cb8e286ff631a4d1721aef1d7e4bd696f3bee8,1318610,0,none,0,2.0843897997508742,53eb9cd8d4aa893c2747d09fc2d647d6ebc4bf394da4df5aeaf9171f7595a7b2,0.02569487499567913,522.752484696895,562.3048427443305,0b2dfc134b4933b23b09350fdfe938d0af718001cb10c8fbd346fea1287df689,12000,22584d494932439d4dd3,9,"{'zstandard': '0.25.0', 'brotli': '1.2.0', 'numpy': '2.4.3'}",7955,250,source,616473,0.0024055829999269918,1318610,1.0,250,9648ccd5747114f7ff4b54b0bd16395314235ad552a38095f9f8881843eb6170,ok,4043,632612,250,0,1
0,2510.24,0.06816395899659256,zstd,thematic,611421,0.4636860026846452,96,575b54aa2332ad8e6e45652023cb8e286ff631a4d1721aef1d7e4bd696f3bee8,1318610,0,none,0,2.1011696092803875,53eb9cd8d4aa893c2747d09fc2d647d6ebc4bf394da4df5aeaf9171f7595a7b2,0.06190295800479362,548.3590932321363,578.2498104517471,0b2dfc134b4933b23b09350fdfe938d0af718001cb10c8fbd346fea1287df689,12000,92a8df1652c00424f564,15,"{'zstandard': '0.25.0', 'brotli': '1.2.0', 'numpy': '2.4.3'}",7955,250,source,611421,0.002293249999638647,1318610,1.0,250,9648ccd5747114f7ff4b54b0bd16395314235ad552a38095f9f8881843eb6170,ok,4043,627560,250,0,1
0,2501.36,0.11758266600372735,zstd,thematic,609201,0.462002411630429,96,575b54aa2332ad8e6e45652023cb8e286ff631a4d1721aef1d7e4bd696f3bee8,1318610,0,none,0,2.1086289058752037,53eb9cd8d4aa893c2747d09fc2d647d6ebc4bf394da4df5aeaf9171f7595a7b2,0.11098733399558114,511.5179779829754,564.7881278009723,0b2dfc134b4933b23b09350fdfe938d0af718001cb10c8fbd346fea1287df689,12000,b01abd25465e16fff66a,19,"{'zstandard': '0.25.0', 'brotli': '1.2.0', 'numpy': '2.4.3'}",7955,250,source,609201,0.0024584169950685464,1318610,1.0,250,9648ccd5747114f7ff4b54b0bd16395314235ad552a38095f9f8881843eb6170,ok,4043,625340,250,0,1
0,2501.36,0.13338870799634606,zstd,thematic,609201,0.462002411630429,96,575b54aa2332ad8e6e45652023cb8e286ff631a4d1721aef1d7e4bd696f3bee8,1318610,0,none,0,2.1086289058752037,53eb9cd8d4aa893c2747d09fc2d647d6ebc4bf394da4df5aeaf9171f7595a7b2,0.12163087500084657,261.2992836464386,322.0018603996744,0b2dfc134b4933b23b09350fdfe938d0af718001cb10c8fbd346fea1287df689,12000,d2a369325d13b1779746,22,"{'zstandard': '0.25.0', 'brotli': '1.2.0', 'numpy': '2.4.3'}",7955,250,source,609201,0.004812582999875303,1318610,1.0,250,9648ccd5747114f7ff4b54b0bd16395314235ad552a38095f9f8881843eb6170,ok,4043,625340,250,0,1
0,2198.892,0.14630879100150196,zstd,thematic,525392,0.39844381583637317,96,575b54aa2332ad8e6e45652023cb8e286ff631a4d1721aef1d7e4bd696f3bee8,1318610,8192,global,8192,2.3986807901433993,53eb9cd8d4aa893c2747d09fc2d647d6ebc4bf394da4df5aeaf9171f7595a7b2,0.13718883299588924,301.81193810838374,309.0531995294343,0b2dfc134b4933b23b09350fdfe938d0af718001cb10c8fbd346fea1287df689,12000,f743f8c3858ec84583de,19,"{'zstandard': '0.25.0', 'brotli': '1.2.0', 'numpy': '2.4.3'}",7955,250,source,525392,0.0041665829994599335,1318610,1.0,250,9648ccd5747114f7ff4b54b0bd16395314235ad552a38095f9f8881843eb6170,ok,4043,549723,250,0,1
0,2162.996,0.22037833300419152,zstd,thematic,516418,0.3916381644307263,96,575b54aa2332ad8e6e45652023cb8e286ff631a4d1721aef1d7e4bd696f3bee8,1318610,8192,pack,8192,2.438488097065367,53eb9cd8d4aa893c2747d09fc2d647d6ebc4bf394da4df5aeaf9171f7595a7b2,0.14046599999710452,313.03444805157733,313.7307585498372,0b2dfc134b4933b23b09350fdfe938d0af718001cb10c8fbd346fea1287df689,12000,22b30b92206e256ca12b,19,"{'zstandard': '0.25.0', 'brotli': '1.2.0', 'numpy': '2.4.3'}",7955,250,source,516418,0.004017208004370332,1318610,1.0,250,9648ccd5747114f7ff4b54b0bd16395314235ad552a38095f9f8881843eb6170,ok,4043,540749,250,0,1
0,2164.9,0.20542466700135265,zstd,thematic,508702,0.3857865479558019,96,575b54aa2332ad8e6e45652023cb8e286ff631a4d1721aef1d7e4bd696f3bee8,1318610,16384,global,16384,2.4363434800683637,53eb9cd8d4aa893c2747d09fc2d647d6ebc4bf394da4df5aeaf9171f7595a7b2,0.19577891699736938,310.139270028787,326.7995037063261,0b2dfc134b4933b23b09350fdfe938d0af718001cb10c8fbd346fea1287df689,12000,3d0517d9bcfb46d2aa0a,19,"{'zstandard': '0.25.0', 'brotli': '1.2.0', 'numpy': '2.4.3'}",7955,250,source,508702,0.004054709002957679,1318610,1.0,250,9648ccd5747114f7ff4b54b0bd16395314235ad552a38095f9f8881843eb6170,ok,4043,541225,250,0,1
0,2110.104,0.28699587500159396,zstd,thematic,495003,0.3753975777523301,96,575b54aa2332ad8e6e45652023cb8e286ff631a4d1721aef1d7e4bd696f3bee8,1318610,16384,pack,16384,2.4996113935616444,53eb9cd8d4aa893c2747d09fc2d647d6ebc4bf394da4df5aeaf9171f7595a7b2,0.2086915420004516,298.0710473730527,315.14929905810294,0b2dfc134b4933b23b09350fdfe938d0af718001cb10c8fbd346fea1287df689,12000,b8efefebba580aa10dd1,19,"{'zstandard': '0.25.0', 'brotli': '1.2.0', 'numpy': '2.4.3'}",7955,250,source,495003,0.00421887500124285,1318610,1.0,250,9648ccd5747114f7ff4b54b0bd16395314235ad552a38095f9f8881843eb6170,ok,4043,527526,250,0,1
0,2141.168,0.3773650410003029,zstd,thematic,486385,0.36886190761483684,96,575b54aa2332ad8e6e45652023cb8e286ff631a4d1721aef1d7e4bd696f3bee8,1318610,32768,global,32768,2.4633471077467997,53eb9cd8d4aa893c2747d09fc2d647d6ebc4bf394da4df5aeaf9171f7595a7b2,0.3673207079991698,268.028878822082,288.71003648001556,0b2dfc134b4933b23b09350fdfe938d0af718001cb10c8fbd346fea1287df689,12000,823f1ea1958207b601fa,19,"{'zstandard': '0.25.0', 'brotli': '1.2.0', 'numpy': '2.4.3'}",7955,250,source,486385,0.004691749993071426,1318610,1.0,250,9648ccd5747114f7ff4b54b0bd16395314235ad552a38095f9f8881843eb6170,ok,4043,535292,250,0,1
0,2060.1,0.4197187079989817,zstd,thematic,466118,0.3534919346888011,96,575b54aa2332ad8e6e45652023cb8e286ff631a4d1721aef1d7e4bd696f3bee8,1318610,32768,pack,32768,2.5602834813843987,53eb9cd8d4aa893c2747d09fc2d647d6ebc4bf394da4df5aeaf9171f7595a7b2,0.34519883299799403,298.63442794578594,291.6590589058693,0b2dfc134b4933b23b09350fdfe938d0af718001cb10c8fbd346fea1287df689,12000,cfcc6002293f6ff248c3,19,"{'zstandard': '0.25.0', 'brotli': '1.2.0', 'numpy': '2.4.3'}",7955,250,source,466118,0.00421091599855572,1318610,1.0,250,9648ccd5747114f7ff4b54b0bd16395314235ad552a38095f9f8881843eb6170,ok,4043,515025,250,0,1
0,2189.924,0.92375287500181,zstd,thematic,465806,0.3532553218919923,96,575b54aa2332ad8e6e45652023cb8e286ff631a4d1721aef1d7e4bd696f3bee8,1318610,65536,global,65536,2.4085036741001056,53eb9cd8d4aa893c2747d09fc2d647d6ebc4bf394da4df5aeaf9171f7595a7b2,0.9127726250007981,251.42735795687577,248.862820804272,0b2dfc134b4933b23b09350fdfe938d0af718001cb10c8fbd346fea1287df689,12000,bed9faf7843118f20421,19,"{'zstandard': '0.25.0', 'brotli': '1.2.0', 'numpy': '2.4.3'}",7955,250,source,465806,0.005001541998353787,1318610,1.0,250,9648ccd5747114f7ff4b54b0bd16395314235ad552a38095f9f8881843eb6170,ok,4043,547481,250,0,1
0,2073.984,0.821612958003243,zstd,thematic,436821,0.33127384139358873,96,575b54aa2332ad8e6e45652023cb8e286ff631a4d1721aef1d7e4bd696f3bee8,1318610,65536,pack,65536,2.543144016540147,53eb9cd8d4aa893c2747d09fc2d647d6ebc4bf394da4df5aeaf9171f7595a7b2,0.7403456669999287,285.811868381669,303.53300465786134,0b2dfc134b4933b23b09350fdfe938d0af718001cb10c8fbd346fea1287df689,12000,909725adb2551b26b36e,19,"{'zstandard': '0.25.0', 'brotli': '1.2.0', 'numpy': '2.4.3'}",7955,250,source,436821,0.004399833000206854,1318610,1.0,250,9648ccd5747114f7ff4b54b0bd16395314235ad552a38095f9f8881843eb6170,ok,4043,518496,250,0,1
16384,2316.236,0.1560532500006957,zstd,thematic,1466569,1.1122083102661136,96,575b54aa2332ad8e6e45652023cb8e286ff631a4d1721aef1d7e4bd696f3bee8,3444917,0,none,0,2.2771600130556644,53eb9cd8d4aa893c2747d09fc2d647d6ebc4bf394da4df5aeaf9171f7595a7b2,0.14764395800011698,603.9762593000569,619.839040751871,0b2dfc134b4933b23b09350fdfe938d0af718001cb10c8fbd346fea1287df689,12000,7cc26ede2f6055c149a7,19,"{'zstandard': '0.25.0', 'brotli': '1.2.0', 'numpy': '2.4.3'}",16365,250,alphabetical,562920,0.0054395000042859465,1318610,2.6125366863591206,250,9648ccd5747114f7ff4b54b0bd16395314235ad552a38095f9f8881843eb6170,ok,4043,579059,98,2126307,1
16384,2331.14,0.15435145800438477,zstd,thematic,1444698,1.0956219048846891,96,575b54aa2332ad8e6e45652023cb8e286ff631a4d1721aef1d7e4bd696f3bee8,3368285,0,none,0,2.2626011307772163,53eb9cd8d4aa893c2747d09fc2d647d6ebc4bf394da4df5aeaf9171f7595a7b2,0.14587316699908115,616.9587411595817,623.0380821503279,0b2dfc134b4933b23b09350fdfe938d0af718001cb10c8fbd346fea1287df689,12000,0c71870372146fdc42dc,19,"{'zstandard': '0.25.0', 'brotli': '1.2.0', 'numpy': '2.4.3'}",16342,250,random,566646,0.005206583002291154,1318610,2.554420943266015,250,9648ccd5747114f7ff4b54b0bd16395314235ad552a38095f9f8881843eb6170,ok,4043,582785,100,2049675,1
16384,2313.632,0.15073800000391202,zstd,thematic,1436630,1.0895033406390062,96,575b54aa2332ad8e6e45652023cb8e286ff631a4d1721aef1d7e4bd696f3bee8,3372023,0,none,0,2.2797229637211105,53eb9cd8d4aa893c2747d09fc2d647d6ebc4bf394da4df5aeaf9171f7595a7b2,0.14276466699811863,620.3589441228204,658.8064544281114,0b2dfc134b4933b23b09350fdfe938d0af718001cb10c8fbd346fea1287df689,12000,d4b99a18e3024a2b3786,19,"{'zstandard': '0.25.0', 'brotli': '1.2.0', 'numpy': '2.4.3'}",16313,250,semantic,562269,0.005183791996387299,1318610,2.5572557465816277,250,9648ccd5747114f7ff4b54b0bd16395314235ad552a38095f9f8881843eb6170,ok,4043,578408,100,2053413,1
16384,2319.772,0.15998349999426864,zstd,thematic,1452950,1.1018800100105415,96,575b54aa2332ad8e6e45652023cb8e286ff631a4d1721aef1d7e4bd696f3bee8,3408167,0,none,0,2.2736889659845883,53eb9cd8d4aa893c2747d09fc2d647d6ebc4bf394da4df5aeaf9171f7595a7b2,0.15199529199890094,635.1669376998824,676.3913566773693,0b2dfc134b4933b23b09350fdfe938d0af718001cb10c8fbd346fea1287df689,12000,b306f01144d5dc98d47b,19,"{'zstandard': '0.25.0', 'brotli': '1.2.0', 'numpy': '2.4.3'}",16286,250,source,563804,0.005117207998409867,1318610,2.584666429042704,250,9648ccd5747114f7ff4b54b0bd16395314235ad552a38095f9f8881843eb6170,ok,4043,579943,99,2089557,1
32768,2178.212,0.17207395900186384,zstd,thematic,3008622,2.2816617498729723,96,575b54aa2332ad8e6e45652023cb8e286ff631a4d1721aef1d7e4bd696f3bee8,7513360,0,none,0,2.4214539264314032,53eb9cd8d4aa893c2747d09fc2d647d6ebc4bf394da4df5aeaf9171f7595a7b2,0.1602137079971726,765.908585363718,773.5636994272048,0b2dfc134b4933b23b09350fdfe938d0af718001cb10c8fbd346fea1287df689,12000,4a5b32d5878cc4d9ee6e,19,"{'zstandard': '0.25.0', 'brotli': '1.2.0', 'numpy': '2.4.3'}",32748,250,alphabetical,528414,0.009355292000691406,1318610,5.697939496894457,250,9648ccd5747114f7ff4b54b0bd16395314235ad552a38095f9f8881843eb6170,ok,4043,544553,44,6194750,1
32768,2193.388,0.1704445829964243,zstd,thematic,2991873,2.268959737905825,96,575b54aa2332ad8e6e45652023cb8e286ff631a4d1721aef1d7e4bd696f3bee8,7420281,0,none,0,2.404699943648821,53eb9cd8d4aa893c2747d09fc2d647d6ebc4bf394da4df5aeaf9171f7595a7b2,0.1585895829994115,755.9589154149944,745.438678533221,0b2dfc134b4933b23b09350fdfe938d0af718001cb10c8fbd346fea1287df689,12000,4b5f7454bf50247c2a4c,19,"{'zstandard': '0.25.0', 'brotli': '1.2.0', 'numpy': '2.4.3'}",32420,250,random,532208,0.009361000003991649,1318610,5.627350770887525,250,9648ccd5747114f7ff4b54b0bd16395314235ad552a38095f9f8881843eb6170,ok,4043,548347,45,6101671,1
32768,2161.116,0.17210958399664378,zstd,thematic,2983928,2.262934453705038,96,575b54aa2332ad8e6e45652023cb8e286ff631a4d1721aef1d7e4bd696f3bee8,7506972,0,none,0,2.4406093888527964,53eb9cd8d4aa893c2747d09fc2d647d6ebc4bf394da4df5aeaf9171f7595a7b2,0.16032995799469063,772.9550605254683,810.6089990964178,0b2dfc134b4933b23b09350fdfe938d0af718001cb10c8fbd346fea1287df689,12000,b23b727ba9cb6c572805,19,"{'zstandard': '0.25.0', 'brotli': '1.2.0', 'numpy': '2.4.3'}",32659,250,semantic,524140,0.00926212500053225,1318610,5.693095001554667,250,9648ccd5747114f7ff4b54b0bd16395314235ad552a38095f9f8881843eb6170,ok,4043,540279,44,6188362,1
32768,2181.396,0.17258149999543093,zstd,thematic,3012749,2.2847915608102474,96,575b54aa2332ad8e6e45652023cb8e286ff631a4d1721aef1d7e4bd696f3bee8,7514390,0,none,0,2.4179195340965145,53eb9cd8d4aa893c2747d09fc2d647d6ebc4bf394da4df5aeaf9171f7595a7b2,0.16070570800366113,770.7232094927168,741.8108888557446,0b2dfc134b4933b23b09350fdfe938d0af718001cb10c8fbd346fea1287df689,12000,f8cf52f1d0666a01bfe1,19,"{'zstandard': '0.25.0', 'brotli': '1.2.0', 'numpy': '2.4.3'}",32503,250,source,529210,0.00929812500544358,1318610,5.698720622473665,250,9648ccd5747114f7ff4b54b0bd16395314235ad552a38095f9f8881843eb6170,ok,4043,545349,44,6195780,1
65536,2063.672,0.20416912499786122,zstd,thematic,5836151,4.42598721380848,96,575b54aa2332ad8e6e45652023cb8e286ff631a4d1721aef1d7e4bd696f3bee8,15420744,0,none,0,2.555851898945181,53eb9cd8d4aa893c2747d09fc2d647d6ebc4bf394da4df5aeaf9171f7595a7b2,0.18558812500123167,895.8602489968944,919.719046242544,0b2dfc134b4933b23b09350fdfe938d0af718001cb10c8fbd346fea1287df689,12000,25e9506ec4c7170a59ff,19,"{'zstandard': '0.25.0', 'brotli': '1.2.0', 'numpy': '2.4.3'}",65209,250,alphabetical,499779,0.016415917001722846,1318610,11.694696688179219,250,9648ccd5747114f7ff4b54b0bd16395314235ad552a38095f9f8881843eb6170,ok,4043,515918,22,14102134,1
65536,2076.272,0.2136100420029834,zstd,thematic,5997957,4.54869673368168,96,575b54aa2332ad8e6e45652023cb8e286ff631a4d1721aef1d7e4bd696f3bee8,15741753,0,none,0,2.5403415352131127,53eb9cd8d4aa893c2747d09fc2d647d6ebc4bf394da4df5aeaf9171f7595a7b2,0.19393083300383296,867.1608558420429,865.8400830808029,0b2dfc134b4933b23b09350fdfe938d0af718001cb10c8fbd346fea1287df689,12000,8e79a015074b70398496,19,"{'zstandard': '0.25.0', 'brotli': '1.2.0', 'numpy': '2.4.3'}",65459,250,random,502929,0.01731225000548875,1318610,11.938141679495832,250,9648ccd5747114f7ff4b54b0bd16395314235ad552a38095f9f8881843eb6170,ok,4043,519068,21,14423143,1
65536,2040.852,0.23194137500104262,zstd,thematic,5884794,4.462876817254533,96,575b54aa2332ad8e6e45652023cb8e286ff631a4d1721aef1d7e4bd696f3bee8,15709592,0,none,0,2.584430424156186,53eb9cd8d4aa893c2747d09fc2d647d6ebc4bf394da4df5aeaf9171f7595a7b2,0.19950233300187392,844.9673331883484,861.5146440818335,0b2dfc134b4933b23b09350fdfe938d0af718001cb10c8fbd346fea1287df689,12000,1588c21f9ec402e9fb1c,19,"{'zstandard': '0.25.0', 'brotli': '1.2.0', 'numpy': '2.4.3'}",65457,250,semantic,494074,0.017730667001160327,1318610,11.913751602065812,250,9648ccd5747114f7ff4b54b0bd16395314235ad552a38095f9f8881843eb6170,ok,4043,510213,21,14390982,1
65536,2065.124,0.2057976249998319,zstd,thematic,5870740,4.452218624157257,96,575b54aa2332ad8e6e45652023cb8e286ff631a4d1721aef1d7e4bd696f3bee8,15504514,0,none,0,2.554054865470548,53eb9cd8d4aa893c2747d09fc2d647d6ebc4bf394da4df5aeaf9171f7595a7b2,0.186560083006043,868.0139643469063,870.9372279484112,0b2dfc134b4933b23b09350fdfe938d0af718001cb10c8fbd346fea1287df689,12000,dc8b9c123d88fb8d3adf,19,"{'zstandard': '0.25.0', 'brotli': '1.2.0', 'numpy': '2.4.3'}",65521,250,source,500142,0.01703458400152158,1318610,11.758225707373674,250,9648ccd5747114f7ff4b54b0bd16395314235ad552a38095f9f8881843eb6170,ok,4043,516281,22,14185904,1
131072,1951.936,0.273622417000297,zstd,thematic,11300471,8.569987335148376,96,575b54aa2332ad8e6e45652023cb8e286ff631a4d1721aef1d7e4bd696f3bee8,31669510,0,none,0,2.70215826748418,53eb9cd8d4aa893c2747d09fc2d647d6ebc4bf394da4df5aeaf9171f7595a7b2,0.23550699999759672,843.9881629690004,904.3952314149792,0b2dfc134b4933b23b09350fdfe938d0af718001cb10c8fbd346fea1287df689,12000,91c59c400c7177323dd9,19,"{'zstandard': '0.25.0', 'brotli': '1.2.0', 'numpy': '2.4.3'}",130969,250,alphabetical,471845,0.03578533399559092,1318610,24.01734402135582,250,9648ccd5747114f7ff4b54b0bd16395314235ad552a38095f9f8881843eb6170,ok,4043,487984,11,30350900,1
131072,1967.192,0.30567837499984307,zstd,thematic,11383440,8.632908896489486,96,575b54aa2332ad8e6e45652023cb8e286ff631a4d1721aef1d7e4bd696f3bee8,31635779,0,none,0,2.681202444906242,53eb9cd8d4aa893c2747d09fc2d647d6ebc4bf394da4df5aeaf9171f7595a7b2,0.2665482080046786,829.2748762566786,734.9109455741191,0b2dfc134b4933b23b09350fdfe938d0af718001cb10c8fbd346fea1287df689,12000,35e9c938d8a72e7481d4,19,"{'zstandard': '0.25.0', 'brotli': '1.2.0', 'numpy': '2.4.3'}",130854,250,random,475659,0.036381459001859184,1318610,23.99176329619827,250,9648ccd5747114f7ff4b54b0bd16395314235ad552a38095f9f8881843eb6170,ok,4043,491798,11,30317169,1
131072,1934.34,0.3140612919960404,zstd,thematic,11155463,8.460016987585412,96,575b54aa2332ad8e6e45652023cb8e286ff631a4d1721aef1d7e4bd696f3bee8,31558032,0,none,0,2.7267388359854006,53eb9cd8d4aa893c2747d09fc2d647d6ebc4bf394da4df5aeaf9171f7595a7b2,0.2755541250007809,836.1523463328157,921.4044411686781,0b2dfc134b4933b23b09350fdfe938d0af718001cb10c8fbd346fea1287df689,12000,73e0353d83f1f62718ba,19,"{'zstandard': '0.25.0', 'brotli': '1.2.0', 'numpy': '2.4.3'}",130966,250,semantic,467446,0.03599354199832305,1318610,23.93280196570631,250,9648ccd5747114f7ff4b54b0bd16395314235ad552a38095f9f8881843eb6170,ok,4043,483585,11,30239422,1
131072,1955.22,0.27445995900052367,zstd,thematic,11266101,8.543922008781974,96,575b54aa2332ad8e6e45652023cb8e286ff631a4d1721aef1d7e4bd696f3bee8,31502525,0,none,0,2.697619705199415,53eb9cd8d4aa893c2747d09fc2d647d6ebc4bf394da4df5aeaf9171f7595a7b2,0.23635362499771873,839.5722653150832,817.3481689203572,0b2dfc134b4933b23b09350fdfe938d0af718001cb10c8fbd346fea1287df689,12000,0fa1c75e88623e52f283,19,"{'zstandard': '0.25.0', 'brotli': '1.2.0', 'numpy': '2.4.3'}",130601,250,source,472666,0.03578387499874225,1318610,23.890706880730466,250,9648ccd5747114f7ff4b54b0bd16395314235ad552a38095f9f8881843eb6170,ok,4043,488805,11,30183915,1
262144,1857.944,0.2884603749989765,zstd,thematic,21537609,16.333570198921592,96,575b54aa2332ad8e6e45652023cb8e286ff631a4d1721aef1d7e4bd696f3bee8,63587916,0,none,0,2.8388584370680707,53eb9cd8d4aa893c2747d09fc2d647d6ebc4bf394da4df5aeaf9171f7595a7b2,0.21785633300169138,885.3102014648719,1056.558592993064,0b2dfc134b4933b23b09350fdfe938d0af718001cb10c8fbd346fea1287df689,12000,852f5fd61b8b6d84247b,19,"{'zstandard': '0.25.0', 'brotli': '1.2.0', 'numpy': '2.4.3'}",261377,250,alphabetical,448347,0.0684982079983456,1318610,48.22344438461713,250,9648ccd5747114f7ff4b54b0bd16395314235ad552a38095f9f8881843eb6170,ok,4043,464486,6,62269306,1
262144,1867.124,0.3161553329991875,zstd,thematic,21648971,16.418024283146647,96,575b54aa2332ad8e6e45652023cb8e286ff631a4d1721aef1d7e4bd696f3bee8,63574998,0,none,0,2.824900756457525,53eb9cd8d4aa893c2747d09fc2d647d6ebc4bf394da4df5aeaf9171f7595a7b2,0.24018787500244798,825.214397497015,966.0565365553304,0b2dfc134b4933b23b09350fdfe938d0af718001cb10c8fbd346fea1287df689,12000,eabc835e5e998582d826,19,"{'zstandard': '0.25.0', 'brotli': '1.2.0', 'numpy': '2.4.3'}",260628,250,random,450642,0.0734716250008205,1318610,48.21364770478004,250,9648ccd5747114f7ff4b54b0bd16395314235ad552a38095f9f8881843eb6170,ok,4043,466781,6,62256388,1
262144,1840.248,0.28571908300364157,zstd,thematic,21589488,16.372913901760185,96,575b54aa2332ad8e6e45652023cb8e286ff631a4d1721aef1d7e4bd696f3bee8,64356131,0,none,0,2.866157170120549,53eb9cd8d4aa893c2747d09fc2d647d6ebc4bf394da4df5aeaf9171f7595a7b2,0.21813854199717753,939.106980936004,963.9896427621944,0b2dfc134b4933b23b09350fdfe938d0af718001cb10c8fbd346fea1287df689,12000,18a5c53e0c82f6f1d117,19,"{'zstandard': '0.25.0', 'brotli': '1.2.0', 'numpy': '2.4.3'}",262019,250,semantic,443923,0.06535441699816147,1318610,48.80603893493907,250,9648ccd5747114f7ff4b54b0bd16395314235ad552a38095f9f8881843eb6170,ok,4043,460062,6,63037521,1
262144,1854.388,0.29641587500373134,zstd,thematic,21671655,16.435227246873602,96,575b54aa2332ad8e6e45652023cb8e286ff631a4d1721aef1d7e4bd696f3bee8,64037424,0,none,0,2.8443022711536097,53eb9cd8d4aa893c2747d09fc2d647d6ebc4bf394da4df5aeaf9171f7595a7b2,0.2326169590014615,991.1718367354939,1012.8396503488816,0b2dfc134b4933b23b09350fdfe938d0af718001cb10c8fbd346fea1287df689,12000,40b1056238d9cf1ee141,19,"{'zstandard': '0.25.0', 'brotli': '1.2.0', 'numpy': '2.4.3'}",261805,250,source,447458,0.0616147920009098,1318610,48.564339721373265,250,9648ccd5747114f7ff4b54b0bd16395314235ad552a38095f9f8881843eb6170,ok,4043,463597,6,62718814,1
0,1824.51,3.3248439169983612,brotli,mixed,880097,0.36897257494348634,96,575b54aa2332ad8e6e45652023cb8e286ff631a4d1721aef1d7e4bd696f3bee8,2385264,0,none,0,2.6146899715540064,53eb9cd8d4aa893c2747d09fc2d647d6ebc4bf394da4df5aeaf9171f7595a7b2,3.2986205839988543,176.9900809407416,193.21811764309712,0b2dfc134b4933b23b09350fdfe938d0af718001cb10c8fbd346fea1287df689,24000,92c887a678ffaa2af5a3,11,"{'zstandard': '0.25.0', 'brotli': '1.2.0', 'numpy': '2.4.3'}",7721,500,source,880097,0.01285249999637017,2385264,1.0,500,13c5df3fdfbbcc2c6554ecb3440c5d4eb0044a7892162facd3137e86eb6be245,ok,8062,912255,500,0,1
65536,1690.646,2.28354420800315,brotli,mixed,10600852,4.444309728399037,96,575b54aa2332ad8e6e45652023cb8e286ff631a4d1721aef1d7e4bd696f3bee8,31114704,0,none,0,2.8217190352090267,53eb9cd8d4aa893c2747d09fc2d647d6ebc4bf394da4df5aeaf9171f7595a7b2,2.190449957997771,356.3368025478129,275.4841954441282,0b2dfc134b4933b23b09350fdfe938d0af718001cb10c8fbd346fea1287df689,24000,9732186eae4c647b1219,11,"{'zstandard': '0.25.0', 'brotli': '1.2.0', 'numpy': '2.4.3'}",65534,500,semantic,813165,0.08327316700160736,2385264,13.044553558851348,500,13c5df3fdfbbcc2c6554ecb3440c5d4eb0044a7892162facd3137e86eb6be245,ok,8062,845323,39,28729440,1
0,2318.414,0.14478966699971352,gzip,mixed,1127049,0.4725049302718693,96,575b54aa2332ad8e6e45652023cb8e286ff631a4d1721aef1d7e4bd696f3bee8,2385264,0,none,0,2.0576687338844573,53eb9cd8d4aa893c2747d09fc2d647d6ebc4bf394da4df5aeaf9171f7595a7b2,0.12235004200192634,249.2312765548687,230.50669635597654,0b2dfc134b4933b23b09350fdfe938d0af718001cb10c8fbd346fea1287df689,24000,f20e149b9a9d7a132d4c,9,"{'zstandard': '0.25.0', 'brotli': '1.2.0', 'numpy': '2.4.3'}",7721,500,source,1127049,0.00912712499848567,2385264,1.0,500,13c5df3fdfbbcc2c6554ecb3440c5d4eb0044a7892162facd3137e86eb6be245,ok,8062,1159207,500,0,1
65536,2020.948,0.24631199999566888,gzip,mixed,12747742,5.344373620697751,96,575b54aa2332ad8e6e45652023cb8e286ff631a4d1721aef1d7e4bd696f3bee8,31114704,0,none,0,2.3605397071077534,53eb9cd8d4aa893c2747d09fc2d647d6ebc4bf394da4df5aeaf9171f7595a7b2,0.17505091700149933,478.18568077094767,306.3622338720494,0b2dfc134b4933b23b09350fdfe938d0af718001cb10c8fbd346fea1287df689,24000,759109749b8a714e6e1e,9,"{'zstandard': '0.25.0', 'brotli': '1.2.0', 'numpy': '2.4.3'}",65534,500,semantic,978316,0.06205391600087751,2385264,13.044553558851348,500,13c5df3fdfbbcc2c6554ecb3440c5d4eb0044a7892162facd3137e86eb6be245,ok,8062,1010474,39,28729440,1
0,2375.204,0.8988690410042182,xz,mixed,1155444,0.484409272935826,96,575b54aa2332ad8e6e45652023cb8e286ff631a4d1721aef1d7e4bd696f3bee8,2385264,0,none,0,2.0084708513458214,53eb9cd8d4aa893c2747d09fc2d647d6ebc4bf394da4df5aeaf9171f7595a7b2,0.6955802500015125,22.473621858304874,22.74246690983922,0b2dfc134b4933b23b09350fdfe938d0af718001cb10c8fbd346fea1287df689,24000,eb95d4eea27ddfd90e43,9,"{'zstandard': '0.25.0', 'brotli': '1.2.0', 'numpy': '2.4.3'}",7721,500,source,1155444,0.1012193330025184,2385264,1.0,500,13c5df3fdfbbcc2c6554ecb3440c5d4eb0044a7892162facd3137e86eb6be245,ok,8062,1187602,500,0,1
65536,1895.804,1.9222186249971855,xz,mixed,11928788,5.00103468630726,96,575b54aa2332ad8e6e45652023cb8e286ff631a4d1721aef1d7e4bd696f3bee8,31114704,0,none,0,2.5163613960092923,53eb9cd8d4aa893c2747d09fc2d647d6ebc4bf394da4df5aeaf9171f7595a7b2,0.867887125001289,30.368936310907554,30.09324956069444,0b2dfc134b4933b23b09350fdfe938d0af718001cb10c8fbd346fea1287df689,24000,2ee8bcfb381488404c68,9,"{'zstandard': '0.25.0', 'brotli': '1.2.0', 'numpy': '2.4.3'}",65534,500,semantic,915744,0.9770936249988154,2385264,13.044553558851348,500,13c5df3fdfbbcc2c6554ecb3440c5d4eb0044a7892162facd3137e86eb6be245,ok,8062,947902,39,28729440,1
0,2363.33,0.025352292002935428,zstd,mixed,1149507,0.4819202402752903,96,575b54aa2332ad8e6e45652023cb8e286ff631a4d1721aef1d7e4bd696f3bee8,2385264,0,none,0,2.0185619443750977,53eb9cd8d4aa893c2747d09fc2d647d6ebc4bf394da4df5aeaf9171f7595a7b2,0.014607375000196043,460.77797375529775,534.2227974403728,0b2dfc134b4933b23b09350fdfe938d0af718001cb10c8fbd346fea1287df689,24000,28cae4e3eaf8f6bbe791,3,"{'zstandard': '0.25.0', 'brotli': '1.2.0', 'numpy': '2.4.3'}",7721,500,source,1149507,0.004936792000080459,2385264,1.0,500,13c5df3fdfbbcc2c6554ecb3440c5d4eb0044a7892162facd3137e86eb6be245,ok,8062,1181665,500,0,1
0,2304.194,0.0580574580017128,zstd,mixed,1119939,0.4695241281468215,96,575b54aa2332ad8e6e45652023cb8e286ff631a4d1721aef1d7e4bd696f3bee8,2385264,0,none,0,2.0703673388612245,53eb9cd8d4aa893c2747d09fc2d647d6ebc4bf394da4df5aeaf9171f7595a7b2,0.04736941600276623,474.04517231688953,538.5067394770261,0b2dfc134b4933b23b09350fdfe938d0af718001cb10c8fbd346fea1287df689,24000,efb2603b92cf28051535,9,"{'zstandard': '0.25.0', 'brotli': '1.2.0', 'numpy': '2.4.3'}",7721,500,source,1119939,0.0047986249992391095,2385264,1.0,500,13c5df3fdfbbcc2c6554ecb3440c5d4eb0044a7892162facd3137e86eb6be245,ok,8062,1152097,500,0,1
0,2285.33,0.12807175000489224,zstd,mixed,1110507,0.46556984887207453,96,575b54aa2332ad8e6e45652023cb8e286ff631a4d1721aef1d7e4bd696f3bee8,2385264,0,none,0,2.087456953700341,53eb9cd8d4aa893c2747d09fc2d647d6ebc4bf394da4df5aeaf9171f7595a7b2,0.1178116669980227,508.8817458656162,531.3888216538777,0b2dfc134b4933b23b09350fdfe938d0af718001cb10c8fbd346fea1287df689,24000,ac3b5939e06b7491d255,15,"{'zstandard': '0.25.0', 'brotli': '1.2.0', 'numpy': '2.4.3'}",7721,500,source,1110507,0.004470125000807457,2385264,1.0,500,13c5df3fdfbbcc2c6554ecb3440c5d4eb0044a7892162facd3137e86eb6be245,ok,8062,1142665,500,0,1
0,2277.66,0.21117333300207974,zstd,mixed,1106672,0.46396206038409166,96,575b54aa2332ad8e6e45652023cb8e286ff631a4d1721aef1d7e4bd696f3bee8,2385264,0,none,0,2.0944864466162643,53eb9cd8d4aa893c2747d09fc2d647d6ebc4bf394da4df5aeaf9171f7595a7b2,0.20081629099877318,488.45275331530826,534.0137366868594,0b2dfc134b4933b23b09350fdfe938d0af718001cb10c8fbd346fea1287df689,24000,28f9e39d207de5c004af,19,"{'zstandard': '0.25.0', 'brotli': '1.2.0', 'numpy': '2.4.3'}",7721,500,source,1106672,0.004657083001802675,2385264,1.0,500,13c5df3fdfbbcc2c6554ecb3440c5d4eb0044a7892162facd3137e86eb6be245,ok,8062,1138830,500,0,1
0,2277.66,0.21357041699957335,zstd,mixed,1106672,0.46396206038409166,96,575b54aa2332ad8e6e45652023cb8e286ff631a4d1721aef1d7e4bd696f3bee8,2385264,0,none,0,2.0944864466162643,53eb9cd8d4aa893c2747d09fc2d647d6ebc4bf394da4df5aeaf9171f7595a7b2,0.2021718329997384,478.83065974966155,511.17832507777456,0b2dfc134b4933b23b09350fdfe938d0af718001cb10c8fbd346fea1287df689,24000,46c75747beae271e8571,22,"{'zstandard': '0.25.0', 'brotli': '1.2.0', 'numpy': '2.4.3'}",7721,500,source,1106672,0.004750667001644615,2385264,1.0,500,13c5df3fdfbbcc2c6554ecb3440c5d4eb0044a7892162facd3137e86eb6be245,ok,8062,1138830,500,0,1
0,2006.68,0.2786067500055651,zstd,mixed,962990,0.4037247030098136,96,575b54aa2332ad8e6e45652023cb8e286ff631a4d1721aef1d7e4bd696f3bee8,2385264,8192,global,8192,2.3773237387126995,53eb9cd8d4aa893c2747d09fc2d647d6ebc4bf394da4df5aeaf9171f7595a7b2,0.261256041994784,290.58410446037215,295.39207193180727,0b2dfc134b4933b23b09350fdfe938d0af718001cb10c8fbd346fea1287df689,24000,755608c2b8068f13f915,19,"{'zstandard': '0.25.0', 'brotli': '1.2.0', 'numpy': '2.4.3'}",7721,500,source,962990,0.007828249996236991,2385264,1.0,500,13c5df3fdfbbcc2c6554ecb3440c5d4eb0044a7892162facd3137e86eb6be245,ok,8062,1003340,500,0,1
0,2007.444,0.40219845899991924,zstd,mixed,963372,0.40388485299740406,96,575b54aa2332ad8e6e45652023cb8e286ff631a4d1721aef1d7e4bd696f3bee8,2385264,8192,pack,8192,2.376418968598875,53eb9cd8d4aa893c2747d09fc2d647d6ebc4bf394da4df5aeaf9171f7595a7b2,0.25529049999749986,287.7385679693097,302.6932658436061,0b2dfc134b4933b23b09350fdfe938d0af718001cb10c8fbd346fea1287df689,24000,ebea355c69895878b2a6,19,"{'zstandard': '0.25.0', 'brotli': '1.2.0', 'numpy': '2.4.3'}",7721,500,source,963372,0.007905666003352962,2385264,1.0,500,13c5df3fdfbbcc2c6554ecb3440c5d4eb0044a7892162facd3137e86eb6be245,ok,8062,1003722,500,0,1
0,1968.558,0.3978061669986346,zstd,mixed,935737,0.39229913334540745,96,575b54aa2332ad8e6e45652023cb8e286ff631a4d1721aef1d7e4bd696f3bee8,2385264,16384,global,16384,2.423361668795128,53eb9cd8d4aa893c2747d09fc2d647d6ebc4bf394da4df5aeaf9171f7595a7b2,0.37958358399919234,266.1140531848373,296.21746761110813,0b2dfc134b4933b23b09350fdfe938d0af718001cb10c8fbd346fea1287df689,24000,0c534c89f7200a1b1f25,19,"{'zstandard': '0.25.0', 'brotli': '1.2.0', 'numpy': '2.4.3'}",7721,500,source,935737,0.008548083002096973,2385264,1.0,500,13c5df3fdfbbcc2c6554ecb3440c5d4eb0044a7892162facd3137e86eb6be245,ok,8062,984279,500,0,1
0,1965.93,0.5117437079970841,zstd,mixed,934423,0.39174825092736065,96,575b54aa2332ad8e6e45652023cb8e286ff631a4d1721aef1d7e4bd696f3bee8,2385264,16384,pack,16384,2.426601150600479,53eb9cd8d4aa893c2747d09fc2d647d6ebc4bf394da4df5aeaf9171f7595a7b2,0.3691914589944645,290.3862783478722,307.811439550684,0b2dfc134b4933b23b09350fdfe938d0af718001cb10c8fbd346fea1287df689,24000,c68fa4cb889942ea70fd,19,"{'zstandard': '0.25.0', 'brotli': '1.2.0', 'numpy': '2.4.3'}",7721,500,source,934423,0.007833583003957756,2385264,1.0,500,13c5df3fdfbbcc2c6554ecb3440c5d4eb0044a7892162facd3137e86eb6be245,ok,8062,982965,500,0,1
0,1929.75,0.7057764999990468,zstd,mixed,899949,0.3772953434085284,96,575b54aa2332ad8e6e45652023cb8e286ff631a4d1721aef1d7e4bd696f3bee8,2385264,32768,global,32768,2.4720963855421685,53eb9cd8d4aa893c2747d09fc2d647d6ebc4bf394da4df5aeaf9171f7595a7b2,0.6878848339983961,270.63485895056294,283.7470978264714,0b2dfc134b4933b23b09350fdfe938d0af718001cb10c8fbd346fea1287df689,24000,82c4aa1f4bad1b714b9b,19,"{'zstandard': '0.25.0', 'brotli': '1.2.0', 'numpy': '2.4.3'}",7721,500,source,899949,0.008405291999224573,2385264,1.0,500,13c5df3fdfbbcc2c6554ecb3440c5d4eb0044a7892162facd3137e86eb6be245,ok,8062,964875,500,0,1
0,1920.342,0.7964559999963967,zstd,mixed,895245,0.3753232346608174,96,575b54aa2332ad8e6e45652023cb8e286ff631a4d1721aef1d7e4bd696f3bee8,2385264,32768,pack,32768,2.4842075005389663,53eb9cd8d4aa893c2747d09fc2d647d6ebc4bf394da4df5aeaf9171f7595a7b2,0.6540505000011763,276.36419435876434,282.6321693096,0b2dfc134b4933b23b09350fdfe938d0af718001cb10c8fbd346fea1287df689,24000,3e6b741fd2b6904103a6,19,"{'zstandard': '0.25.0', 'brotli': '1.2.0', 'numpy': '2.4.3'}",7721,500,source,895245,0.008231040999817196,2385264,1.0,500,13c5df3fdfbbcc2c6554ecb3440c5d4eb0044a7892162facd3137e86eb6be245,ok,8062,960171,500,0,1
0,1926.728,1.7353288750018692,zstd,mixed,865670,0.36292418784671215,96,575b54aa2332ad8e6e45652023cb8e286ff631a4d1721aef1d7e4bd696f3bee8,2385264,65536,global,65536,2.4759737752293005,53eb9cd8d4aa893c2747d09fc2d647d6ebc4bf394da4df5aeaf9171f7595a7b2,1.7100245410038042,172.35626225156125,222.33682987714857,0b2dfc134b4933b23b09350fdfe938d0af718001cb10c8fbd346fea1287df689,24000,36fc9ef54a9bf780a319,19,"{'zstandard': '0.25.0', 'brotli': '1.2.0', 'numpy': '2.4.3'}",7721,500,source,865670,0.01319804099330213,2385264,1.0,500,13c5df3fdfbbcc2c6554ecb3440c5d4eb0044a7892162facd3137e86eb6be245,ok,8062,963364,500,0,1
0,1901.156,1.6108833750040503,zstd,mixed,852884,0.35756377491128866,96,575b54aa2332ad8e6e45652023cb8e286ff631a4d1721aef1d7e4bd696f3bee8,2385264,65536,pack,65536,2.5092775132603533,53eb9cd8d4aa893c2747d09fc2d647d6ebc4bf394da4df5aeaf9171f7595a7b2,1.4705337080013123,261.3771130386655,268.26770606325294,0b2dfc134b4933b23b09350fdfe938d0af718001cb10c8fbd346fea1287df689,24000,5929b7fc901899d6572d,19,"{'zstandard': '0.25.0', 'brotli': '1.2.0', 'numpy': '2.4.3'}",7721,500,source,852884,0.00870299999951385,2385264,1.0,500,13c5df3fdfbbcc2c6554ecb3440c5d4eb0044a7892162facd3137e86eb6be245,ok,8062,950578,500,0,1
16384,2129.092,0.4581012499984354,zstd,mixed,3026570,1.2688616438264275,96,575b54aa2332ad8e6e45652023cb8e286ff631a4d1721aef1d7e4bd696f3bee8,6993011,0,none,0,2.2406396717473926,53eb9cd8d4aa893c2747d09fc2d647d6ebc4bf394da4df5aeaf9171f7595a7b2,0.4383107499961625,532.0842384793002,479.71007216802724,0b2dfc134b4933b23b09350fdfe938d0af718001cb10c8fbd346fea1287df689,24000,a16b315a3396b859382d,19,"{'zstandard': '0.25.0', 'brotli': '1.2.0', 'numpy': '2.4.3'}",16349,500,alphabetical,1032388,0.012533832996268757,2385264,2.9317555624870035,500,13c5df3fdfbbcc2c6554ecb3440c5d4eb0044a7892162facd3137e86eb6be245,ok,8062,1064546,173,4607747,1
16384,2132.134,0.4755382919975091,zstd,mixed,3013678,1.2634567913656518,96,575b54aa2332ad8e6e45652023cb8e286ff631a4d1721aef1d7e4bd696f3bee8,6951648,0,none,0,2.237442862409211,53eb9cd8d4aa893c2747d09fc2d647d6ebc4bf394da4df5aeaf9171f7595a7b2,0.4529760000004899,421.3934961656632,431.75342332690656,0b2dfc134b4933b23b09350fdfe938d0af718001cb10c8fbd346fea1287df689,24000,577148036ca526b959e9,19,"{'zstandard': '0.25.0', 'brotli': '1.2.0', 'numpy': '2.4.3'}",16316,500,random,1033909,0.01573258300049929,2385264,2.914414505061075,500,13c5df3fdfbbcc2c6554ecb3440c5d4eb0044a7892162facd3137e86eb6be245,ok,8062,1066067,174,4566384,1
16384,2112.794,0.5619348340042052,zstd,mixed,3013690,1.2634618222553142,96,575b54aa2332ad8e6e45652023cb8e286ff631a4d1721aef1d7e4bd696f3bee8,7031978,0,none,0,2.2579238676368827,53eb9cd8d4aa893c2747d09fc2d647d6ebc4bf394da4df5aeaf9171f7595a7b2,0.5347187500010477,370.93275576657845,347.41834084245977,0b2dfc134b4933b23b09350fdfe938d0af718001cb10c8fbd346fea1287df689,24000,a75d38d10addabbd5ba4,19,"{'zstandard': '0.25.0', 'brotli': '1.2.0', 'numpy': '2.4.3'}",16354,500,semantic,1024239,0.018079333000059705,2385264,2.9480921189436473,500,13c5df3fdfbbcc2c6554ecb3440c5d4eb0044a7892162facd3137e86eb6be245,ok,8062,1056397,172,4646714,1
16384,2127.366,0.4272706659976393,zstd,mixed,3012176,1.2628270916762254,96,575b54aa2332ad8e6e45652023cb8e286ff631a4d1721aef1d7e4bd696f3bee8,6974288,0,none,0,2.2424575742961013,53eb9cd8d4aa893c2747d09fc2d647d6ebc4bf394da4df5aeaf9171f7595a7b2,0.40596537499368424,456.56620052898535,477.7580172270432,0b2dfc134b4933b23b09350fdfe938d0af718001cb10c8fbd346fea1287df689,24000,37d0c0e17bc090a6037c,19,"{'zstandard': '0.25.0', 'brotli': '1.2.0', 'numpy': '2.4.3'}",16360,500,source,1031525,0.014567875005013775,2385264,2.9239061168910445,500,13c5df3fdfbbcc2c6554ecb3440c5d4eb0044a7892162facd3137e86eb6be245,ok,8062,1063683,174,4589024,1
32768,2034.174,0.5488521250008489,zstd,mixed,6253807,2.621851082312063,96,575b54aa2332ad8e6e45652023cb8e286ff631a4d1721aef1d7e4bd696f3bee8,15142410,0,none,0,2.3451917092638093,53eb9cd8d4aa893c2747d09fc2d647d6ebc4bf394da4df5aeaf9171f7595a7b2,0.5118597079999745,492.200872656823,450.5488876908121,0b2dfc134b4933b23b09350fdfe938d0af718001cb10c8fbd346fea1287df689,24000,e00d30cc5da920f17b4f,19,"{'zstandard': '0.25.0', 'brotli': '1.2.0', 'numpy': '2.4.3'}",32744,500,alphabetical,984929,0.029339500004425645,2385264,6.348316161229952,500,13c5df3fdfbbcc2c6554ecb3440c5d4eb0044a7892162facd3137e86eb6be245,ok,8062,1017087,79,12757146,1
32768,2039.536,0.5219262080063345,zstd,mixed,6219540,2.607484957639909,96,575b54aa2332ad8e6e45652023cb8e286ff631a4d1721aef1d7e4bd696f3bee8,15025668,0,none,0,2.3390261314338163,53eb9cd8d4aa893c2747d09fc2d647d6ebc4bf394da4df5aeaf9171f7595a7b2,0.4977132080020965,723.6665968934861,753.4829471894174,0b2dfc134b4933b23b09350fdfe938d0af718001cb10c8fbd346fea1287df689,24000,669c00abd96bacf15c8d,19,"{'zstandard': '0.25.0', 'brotli': '1.2.0', 'numpy': '2.4.3'}",32648,500,random,987610,0.019801374997769017,2385264,6.299373151148049,500,13c5df3fdfbbcc2c6554ecb3440c5d4eb0044a7892162facd3137e86eb6be245,ok,8062,1019768,80,12640404,1
32768,2010.698,0.5606148329970893,zstd,mixed,6162107,2.5834067004742454,96,575b54aa2332ad8e6e45652023cb8e286ff631a4d1721aef1d7e4bd696f3bee8,15121140,0,none,0,2.3725731064535798,53eb9cd8d4aa893c2747d09fc2d647d6ebc4bf394da4df5aeaf9171f7595a7b2,0.5250956249947194,474.685944506029,648.574006128903,0b2dfc134b4933b23b09350fdfe938d0af718001cb10c8fbd346fea1287df689,24000,d1ddb70b092fd5d98f00,19,"{'zstandard': '0.25.0', 'brotli': '1.2.0', 'numpy': '2.4.3'}",32611,500,semantic,973191,0.03037933399900794,2385264,6.339398909303121,500,13c5df3fdfbbcc2c6554ecb3440c5d4eb0044a7892162facd3137e86eb6be245,ok,8062,1005349,79,12735876,1
32768,2027.58,0.8020000000033178,zstd,mixed,6237149,2.6148673689788637,96,575b54aa2332ad8e6e45652023cb8e286ff631a4d1721aef1d7e4bd696f3bee8,15169118,0,none,0,2.352818631077442,53eb9cd8d4aa893c2747d09fc2d647d6ebc4bf394da4df5aeaf9171f7595a7b2,0.7076615830010269,175.96322023988236,296.6972056309171,0b2dfc134b4933b23b09350fdfe938d0af718001cb10c8fbd346fea1287df689,24000,18f51ce3650f8d9d8c0a,19,"{'zstandard': '0.25.0', 'brotli': '1.2.0', 'numpy': '2.4.3'}",32727,500,source,981632,0.08221262499864679,2385264,6.359513244655518,500,13c5df3fdfbbcc2c6554ecb3440c5d4eb0044a7892162facd3137e86eb6be245,ok,8062,1013790,79,12783854,1
65536,1952.67,0.5867673329994432,zstd,mixed,12446741,5.218181719088537,96,575b54aa2332ad8e6e45652023cb8e286ff631a4d1721aef1d7e4bd696f3bee8,31446928,0,none,0,2.443079475794681,53eb9cd8d4aa893c2747d09fc2d647d6ebc4bf394da4df5aeaf9171f7595a7b2,0.5358608330061543,655.6419358515351,660.7965443970176,0b2dfc134b4933b23b09350fdfe938d0af718001cb10c8fbd346fea1287df689,24000,903f67c5136dbd8e5cfa,19,"{'zstandard': '0.25.0', 'brotli': '1.2.0', 'numpy': '2.4.3'}",65498,500,alphabetical,944177,0.04574162499920931,2385264,13.183835416121653,500,13c5df3fdfbbcc2c6554ecb3440c5d4eb0044a7892162facd3137e86eb6be245,ok,8062,976335,38,29061664,1
65536,1959.12,0.5445282500004396,zstd,mixed,12341991,5.174266244742721,96,575b54aa2332ad8e6e45652023cb8e286ff631a4d1721aef1d7e4bd696f3bee8,31090017,0,none,0,2.4350361386745067,53eb9cd8d4aa893c2747d09fc2d647d6ebc4bf394da4df5aeaf9171f7595a7b2,0.48345037500257604,574.973437704139,344.4178728839761,0b2dfc134b4933b23b09350fdfe938d0af718001cb10c8fbd346fea1287df689,24000,080ccf224b322702fc7c,19,"{'zstandard': '0.25.0', 'brotli': '1.2.0', 'numpy': '2.4.3'}",65405,500,random,947402,0.051567166003223974,2385264,13.034203761093112,500,13c5df3fdfbbcc2c6554ecb3440c5d4eb0044a7892162facd3137e86eb6be245,ok,8062,979560,39,28704753,1
65536,1924.95,1.2376730409960146,zstd,mixed,12120577,5.081440461097807,96,575b54aa2332ad8e6e45652023cb8e286ff631a4d1721aef1d7e4bd696f3bee8,31114704,0,none,0,2.47826073404504,53eb9cd8d4aa893c2747d09fc2d647d6ebc4bf394da4df5aeaf9171f7595a7b2,0.8838877500020317,103.65783240714211,264.0291451878682,0b2dfc134b4933b23b09350fdfe938d0af718001cb10c8fbd346fea1287df689,24000,223a880daeedf389e826,19,"{'zstandard': '0.25.0', 'brotli': '1.2.0', 'numpy': '2.4.3'}",65534,500,semantic,930317,0.28626195800461574,2385264,13.044553558851348,500,13c5df3fdfbbcc2c6554ecb3440c5d4eb0044a7892162facd3137e86eb6be245,ok,8062,962475,39,28729440,1
65536,1944.822,1.0367770840020967,zstd,mixed,12441137,5.2158322936161365,96,575b54aa2332ad8e6e45652023cb8e286ff631a4d1721aef1d7e4bd696f3bee8,31568378,0,none,0,2.4529381095030804,53eb9cd8d4aa893c2747d09fc2d647d6ebc4bf394da4df5aeaf9171f7595a7b2,0.9019111250017886,241.19203269358508,336.3233497281774,0b2dfc134b4933b23b09350fdfe938d0af718001cb10c8fbd346fea1287df689,24000,d36d1721ac3f451903f6,19,"{'zstandard': '0.25.0', 'brotli': '1.2.0', 'numpy': '2.4.3'}",65368,500,source,940253,0.12482150000141701,2385264,13.234752211914488,500,13c5df3fdfbbcc2c6554ecb3440c5d4eb0044a7892162facd3137e86eb6be245,ok,8062,972411,38,29183114,1
131072,1874.2,1.1111567080006353,zstd,mixed,24065778,10.08935614674099,96,575b54aa2332ad8e6e45652023cb8e286ff631a4d1721aef1d7e4bd696f3bee8,63463431,0,none,0,2.5453676235193683,53eb9cd8d4aa893c2747d09fc2d647d6ebc4bf394da4df5aeaf9171f7595a7b2,0.856824417001917,248.2767364047019,323.0856107438044,0b2dfc134b4933b23b09350fdfe938d0af718001cb10c8fbd346fea1287df689,24000,69d4e28755ea8b26dce0,19,"{'zstandard': '0.25.0', 'brotli': '1.2.0', 'numpy': '2.4.3'}",130978,500,alphabetical,904942,0.2437741250032559,2385264,26.60645991387117,500,13c5df3fdfbbcc2c6554ecb3440c5d4eb0044a7892162facd3137e86eb6be245,ok,8062,937100,19,61078167,1
131072,1877.812,1.4960262500026147,zstd,mixed,24102782,10.104869733497004,96,575b54aa2332ad8e6e45652023cb8e286ff631a4d1721aef1d7e4bd696f3bee8,63439068,0,none,0,2.5404715701039295,53eb9cd8d4aa893c2747d09fc2d647d6ebc4bf394da4df5aeaf9171f7595a7b2,1.3013561670013587,329.9176908363281,354.69769860255144,0b2dfc134b4933b23b09350fdfe938d0af718001cb10c8fbd346fea1287df689,24000,3fa64cf45049372fc98d,19,"{'zstandard': '0.25.0', 'brotli': '1.2.0', 'numpy': '2.4.3'}",130677,500,random,906748,0.18337970799620962,2385264,26.59624595013382,500,13c5df3fdfbbcc2c6554ecb3440c5d4eb0044a7892162facd3137e86eb6be245,ok,8062,938906,19,61053804,1
131072,1844.242,0.9584451670016279,zstd,mixed,23522116,9.861430852098552,96,575b54aa2332ad8e6e45652023cb8e286ff631a4d1721aef1d7e4bd696f3bee8,63087423,0,none,0,2.586714758692189,53eb9cd8d4aa893c2747d09fc2d647d6ebc4bf394da4df5aeaf9171f7595a7b2,0.8356377500022063,517.9587220604494,492.20025689772353,0b2dfc134b4933b23b09350fdfe938d0af718001cb10c8fbd346fea1287df689,24000,a4a576423fe33434d783,19,"{'zstandard': '0.25.0', 'brotli': '1.2.0', 'numpy': '2.4.3'}",130467,500,semantic,889963,0.11615762500150595,2385264,26.44882201718552,500,13c5df3fdfbbcc2c6554ecb3440c5d4eb0044a7892162facd3137e86eb6be245,ok,8062,922121,19,60702159,1
131072,1864.304,1.9070877909980481,zstd,mixed,23879880,10.011420119533938,96,575b54aa2332ad8e6e45652023cb8e286ff631a4d1721aef1d7e4bd696f3bee8,63293982,0,none,0,2.558878809464551,53eb9cd8d4aa893c2747d09fc2d647d6ebc4bf394da4df5aeaf9171f7595a7b2,1.7938595839950722,566.594566214569,551.5751861544262,0b2dfc134b4933b23b09350fdfe938d0af718001cb10c8fbd346fea1287df689,24000,95b12078a7953f5fa2bb,19,"{'zstandard': '0.25.0', 'brotli': '1.2.0', 'numpy': '2.4.3'}",130930,500,source,899994,0.10653445799835026,2385264,26.53541997866903,500,13c5df3fdfbbcc2c6554ecb3440c5d4eb0044a7892162facd3137e86eb6be245,ok,8062,932152,19,60908718,1
262144,1802.982,1.1761359169977368,zstd,mixed,46516133,19.50146105420616,96,575b54aa2332ad8e6e45652023cb8e286ff631a4d1721aef1d7e4bd696f3bee8,127877819,0,none,0,2.645909942528544,53eb9cd8d4aa893c2747d09fc2d647d6ebc4bf394da4df5aeaf9171f7595a7b2,0.9697420829979819,609.736059785889,574.266375207387,0b2dfc134b4933b23b09350fdfe938d0af718001cb10c8fbd346fea1287df689,24000,67aa4ebfeaf3115a00be,19,"{'zstandard': '0.25.0', 'brotli': '1.2.0', 'numpy': '2.4.3'}",261917,500,alphabetical,869333,0.20001079099893104,2385264,53.611599806143055,500,13c5df3fdfbbcc2c6554ecb3440c5d4eb0044a7892162facd3137e86eb6be245,ok,8062,901491,10,125492555,1
262144,1803.256,1.266342374998203,zstd,mixed,46530911,19.507656594825562,96,575b54aa2332ad8e6e45652023cb8e286ff631a4d1721aef1d7e4bd696f3bee8,127871432,0,none,0,2.6455079034812585,53eb9cd8d4aa893c2747d09fc2d647d6ebc4bf394da4df5aeaf9171f7595a7b2,0.9653712090002955,417.6255357337034,322.5282554152509,0b2dfc134b4933b23b09350fdfe938d0af718001cb10c8fbd346fea1287df689,24000,bb3a4a367a99d4f5e3c0,19,"{'zstandard': '0.25.0', 'brotli': '1.2.0', 'numpy': '2.4.3'}",262016,500,random,869470,0.2920025000057649,2385264,53.60892211512017,500,13c5df3fdfbbcc2c6554ecb3440c5d4eb0044a7892162facd3137e86eb6be245,ok,8062,901628,10,125486168,1
262144,1774.244,1.3419965419961954,zstd,mixed,45521577,19.084502595939068,96,575b54aa2332ad8e6e45652023cb8e286ff631a4d1721aef1d7e4bd696f3bee8,127200539,0,none,0,2.688766595800803,53eb9cd8d4aa893c2747d09fc2d647d6ebc4bf394da4df5aeaf9171f7595a7b2,1.0986170409960323,514.5493715676417,513.2447783778402,0b2dfc134b4933b23b09350fdfe938d0af718001cb10c8fbd346fea1287df689,24000,f5738665771f94c3b7f4,19,"{'zstandard': '0.25.0', 'brotli': '1.2.0', 'numpy': '2.4.3'}",261465,500,semantic,854964,0.2357555830021738,2385264,53.327656393589976,500,13c5df3fdfbbcc2c6554ecb3440c5d4eb0044a7892162facd3137e86eb6be245,ok,8062,887122,10,124815275,1
262144,1793.942,1.4671157500051777,zstd,mixed,45976138,19.275073115596427,96,575b54aa2332ad8e6e45652023cb8e286ff631a4d1721aef1d7e4bd696f3bee8,126950708,0,none,0,2.6592431639372958,53eb9cd8d4aa893c2747d09fc2d647d6ebc4bf394da4df5aeaf9171f7595a7b2,1.2418085000026622,553.7631505572845,521.1026009143485,0b2dfc134b4933b23b09350fdfe938d0af718001cb10c8fbd346fea1287df689,24000,0b7c28aee4e3092c16da,19,"{'zstandard': '0.25.0', 'brotli': '1.2.0', 'numpy': '2.4.3'}",260123,500,source,864813,0.21863070799736306,2385264,53.222917043983394,500,13c5df3fdfbbcc2c6554ecb3440c5d4eb0044a7892162facd3137e86eb6be245,ok,8062,896971,10,124565444,1
0,1976.738,2.2277842499970575,brotli,thematic,956274,0.3640678175172283,96,575b54aa2332ad8e6e45652023cb8e286ff631a4d1721aef1d7e4bd696f3bee8,2626637,0,none,0,2.657546928323329,53eb9cd8d4aa893c2747d09fc2d647d6ebc4bf394da4df5aeaf9171f7595a7b2,2.2006865840012324,192.71550699644646,199.2944015997579,0b2dfc134b4933b23b09350fdfe938d0af718001cb10c8fbd346fea1287df689,24000,f219453c56272143127c,11,"{'zstandard': '0.25.0', 'brotli': '1.2.0', 'numpy': '2.4.3'}",8243,500,source,956274,0.012998208003409673,2626637,1.0,500,260653bbced875e53b7f6e86aaa14260aa6175b07b234812c74faa2376a3ae21,ok,7999,988369,500,0,1
65536,1789.206,2.3013899169964134,brotli,thematic,10232727,3.8957522489784466,96,575b54aa2332ad8e6e45652023cb8e286ff631a4d1721aef1d7e4bd696f3bee8,31159450,0,none,0,2.9360923225162447,53eb9cd8d4aa893c2747d09fc2d647d6ebc4bf394da4df5aeaf9171f7595a7b2,2.215665749994514,391.1243676970223,298.97284559300226,0b2dfc134b4933b23b09350fdfe938d0af718001cb10c8fbd346fea1287df689,24000,57a14dc4a867a83a9778,11,"{'zstandard': '0.25.0', 'brotli': '1.2.0', 'numpy': '2.4.3'}",65144,500,semantic,862508,0.0759757499981788,2626637,11.862868755751176,500,260653bbced875e53b7f6e86aaa14260aa6175b07b234812c74faa2376a3ae21,ok,7999,894603,43,28532813,1
0,2532.846,0.06541716700303368,gzip,thematic,1234328,0.469927134963834,96,575b54aa2332ad8e6e45652023cb8e286ff631a4d1721aef1d7e4bd696f3bee8,2626637,0,none,0,2.0740597730774,53eb9cd8d4aa893c2747d09fc2d647d6ebc4bf394da4df5aeaf9171f7595a7b2,0.05088275000161957,375.976053174165,404.9559461295168,0b2dfc134b4933b23b09350fdfe938d0af718001cb10c8fbd346fea1287df689,24000,b0188ca7465ee7c3c5d7,9,"{'zstandard': '0.25.0', 'brotli': '1.2.0', 'numpy': '2.4.3'}",8243,500,source,1234328,0.006662542000412941,2626637,1.0,500,260653bbced875e53b7f6e86aaa14260aa6175b07b234812c74faa2376a3ae21,ok,7999,1266423,500,0,1
65536,2141.174,0.11769408300460782,gzip,thematic,12318201,4.6897233991602185,96,575b54aa2332ad8e6e45652023cb8e286ff631a4d1721aef1d7e4bd696f3bee8,31159450,0,none,0,2.453454973766728,53eb9cd8d4aa893c2747d09fc2d647d6ebc4bf394da4df5aeaf9171f7595a7b2,0.08412200000020675,1035.6145425963173,724.9272076369576,0b2dfc134b4933b23b09350fdfe938d0af718001cb10c8fbd346fea1287df689,24000,c8cfc4c079d63752bde2,9,"{'zstandard': '0.25.0', 'brotli': '1.2.0', 'numpy': '2.4.3'}",65144,500,semantic,1038492,0.028694041997368913,2626637,11.862868755751176,500,260653bbced875e53b7f6e86aaa14260aa6175b07b234812c74faa2376a3ae21,ok,7999,1070587,43,28532813,1
0,2589.142,0.9359834999995655,xz,thematic,1262476,0.48064349965373976,96,575b54aa2332ad8e6e45652023cb8e286ff631a4d1721aef1d7e4bd696f3bee8,2626637,0,none,0,2.028963262733369,53eb9cd8d4aa893c2747d09fc2d647d6ebc4bf394da4df5aeaf9171f7595a7b2,0.7181434579979395,23.365203924036898,22.96799236936175,0b2dfc134b4933b23b09350fdfe938d0af718001cb10c8fbd346fea1287df689,24000,f91b3d207f023426a916,9,"{'zstandard': '0.25.0', 'brotli': '1.2.0', 'numpy': '2.4.3'}",8243,500,source,1262476,0.10720883299654815,2626637,1.0,500,260653bbced875e53b7f6e86aaa14260aa6175b07b234812c74faa2376a3ae21,ok,7999,1294571,500,0,1
65536,2005.998,1.9170215409976663,xz,thematic,11514440,4.3837195623148535,96,575b54aa2332ad8e6e45652023cb8e286ff631a4d1721aef1d7e4bd696f3bee8,31159450,0,none,0,2.61878326897634,53eb9cd8d4aa893c2747d09fc2d647d6ebc4bf394da4df5aeaf9171f7595a7b2,0.9283382080029696,32.71576419146014,31.780903336574028,0b2dfc134b4933b23b09350fdfe938d0af718001cb10c8fbd346fea1287df689,24000,2c9c74563cd870acfe5e,9,"{'zstandard': '0.25.0', 'brotli': '1.2.0', 'numpy': '2.4.3'}",65144,500,semantic,970904,0.9083072919966071,2626637,11.862868755751176,500,260653bbced875e53b7f6e86aaa14260aa6175b07b234812c74faa2376a3ae21,ok,7999,1002999,43,28532813,1
0,2575.452,0.02612862499518087,zstd,thematic,1255631,0.4780375057535548,96,575b54aa2332ad8e6e45652023cb8e286ff631a4d1721aef1d7e4bd696f3bee8,2626637,0,none,0,2.0397483626175132,53eb9cd8d4aa893c2747d09fc2d647d6ebc4bf394da4df5aeaf9171f7595a7b2,0.015377999996417202,532.4407115509305,567.2668501678552,0b2dfc134b4933b23b09350fdfe938d0af718001cb10c8fbd346fea1287df689,24000,7277b1d25daf32396dc9,3,"{'zstandard': '0.25.0', 'brotli': '1.2.0', 'numpy': '2.4.3'}",8243,500,source,1255631,0.0047046670006238855,2626637,1.0,500,260653bbced875e53b7f6e86aaa14260aa6175b07b234812c74faa2376a3ae21,ok,7999,1287726,500,0,1
0,2508.794,0.06057445899932645,zstd,thematic,1222302,0.4653486568566574,96,575b54aa2332ad8e6e45652023cb8e286ff631a4d1721aef1d7e4bd696f3bee8,2626637,0,none,0,2.093943942786853,53eb9cd8d4aa893c2747d09fc2d647d6ebc4bf394da4df5aeaf9171f7595a7b2,0.050082666995876934,526.8185273012216,580.0075312408381,0b2dfc134b4933b23b09350fdfe938d0af718001cb10c8fbd346fea1287df689,24000,9677b155465a5ab6eb69,9,"{'zstandard': '0.25.0', 'brotli': '1.2.0', 'numpy': '2.4.3'}",8243,500,source,1222302,0.004754875000799075,2626637,1.0,500,260653bbced875e53b7f6e86aaa14260aa6175b07b234812c74faa2376a3ae21,ok,7999,1254397,500,0,1
0,2488.61,0.13979108299827203,zstd,thematic,1212210,0.461506481481834,96,575b54aa2332ad8e6e45652023cb8e286ff631a4d1721aef1d7e4bd696f3bee8,2626637,0,none,0,2.1109269833360793,53eb9cd8d4aa893c2747d09fc2d647d6ebc4bf394da4df5aeaf9171f7595a7b2,0.12805525000294438,518.0168040669286,564.7994686597484,0b2dfc134b4933b23b09350fdfe938d0af718001cb10c8fbd346fea1287df689,24000,1fabb770fa07e7102548,15,"{'zstandard': '0.25.0', 'brotli': '1.2.0', 'numpy': '2.4.3'}",8243,500,source,1212210,0.004835665997234173,2626637,1.0,500,260653bbced875e53b7f6e86aaa14260aa6175b07b234812c74faa2376a3ae21,ok,7999,1244305,500,0,1
0,2479.974,0.23436358300386928,zstd,thematic,1207892,0.45986255428519435,96,575b54aa2332ad8e6e45652023cb8e286ff631a4d1721aef1d7e4bd696f3bee8,2626637,0,none,0,2.118277852912974,53eb9cd8d4aa893c2747d09fc2d647d6ebc4bf394da4df5aeaf9171f7595a7b2,0.22297554100077832,531.1659361587476,559.8449497907254,0b2dfc134b4933b23b09350fdfe938d0af718001cb10c8fbd346fea1287df689,24000,4cdb16bf61f18a72db3a,19,"{'zstandard': '0.25.0', 'brotli': '1.2.0', 'numpy': '2.4.3'}",8243,500,source,1207892,0.0047159579989966005,2626637,1.0,500,260653bbced875e53b7f6e86aaa14260aa6175b07b234812c74faa2376a3ae21,ok,7999,1239987,500,0,1
0,2479.974,0.23545929200190585,zstd,thematic,1207892,0.45986255428519435,96,575b54aa2332ad8e6e45652023cb8e286ff631a4d1721aef1d7e4bd696f3bee8,2626637,0,none,0,2.118277852912974,53eb9cd8d4aa893c2747d09fc2d647d6ebc4bf394da4df5aeaf9171f7595a7b2,0.22450841699901503,524.1361587004553,555.3406630971303,0b2dfc134b4933b23b09350fdfe938d0af718001cb10c8fbd346fea1287df689,24000,934863b3ca7aef93e663,22,"{'zstandard': '0.25.0', 'brotli': '1.2.0', 'numpy': '2.4.3'}",8243,500,source,1207892,0.004779208997206297,2626637,1.0,500,260653bbced875e53b7f6e86aaa14260aa6175b07b234812c74faa2376a3ae21,ok,7999,1239987,500,0,1
0,2165.656,0.30161687500367407,zstd,thematic,1042541,0.3969109549587552,96,575b54aa2332ad8e6e45652023cb8e286ff631a4d1721aef1d7e4bd696f3bee8,2626637,8192,global,8192,2.4257195048521094,53eb9cd8d4aa893c2747d09fc2d647d6ebc4bf394da4df5aeaf9171f7595a7b2,0.28313354100100696,296.7986823973268,303.2634678829841,0b2dfc134b4933b23b09350fdfe938d0af718001cb10c8fbd346fea1287df689,24000,c33c8d17a72374760426,19,"{'zstandard': '0.25.0', 'brotli': '1.2.0', 'numpy': '2.4.3'}",8243,500,source,1042541,0.008439917000941932,2626637,1.0,500,260653bbced875e53b7f6e86aaa14260aa6175b07b234812c74faa2376a3ae21,ok,7999,1082828,500,0,1
0,2136.902,0.43686950000119396,zstd,thematic,1028164,0.3914374159809673,96,575b54aa2332ad8e6e45652023cb8e286ff631a4d1721aef1d7e4bd696f3bee8,2626637,8192,pack,8192,2.4583598124761923,53eb9cd8d4aa893c2747d09fc2d647d6ebc4bf394da4df5aeaf9171f7595a7b2,0.27845820899528917,307.7609510144092,320.981943522201,0b2dfc134b4933b23b09350fdfe938d0af718001cb10c8fbd346fea1287df689,24000,7face44d4dc9deeb3034,19,"{'zstandard': '0.25.0', 'brotli': '1.2.0', 'numpy': '2.4.3'}",8243,500,source,1028164,0.008139291996485554,2626637,1.0,500,260653bbced875e53b7f6e86aaa14260aa6175b07b234812c74faa2376a3ae21,ok,7999,1068451,500,0,1
0,2114.762,0.39080741700308863,zstd,thematic,1008902,0.38410408442430377,96,575b54aa2332ad8e6e45652023cb8e286ff631a4d1721aef1d7e4bd696f3bee8,2626637,16384,global,16384,2.4840970284126533,53eb9cd8d4aa893c2747d09fc2d647d6ebc4bf394da4df5aeaf9171f7595a7b2,0.3733155000008992,314.29487553881546,310.69864437468664,0b2dfc134b4933b23b09350fdfe938d0af718001cb10c8fbd346fea1287df689,24000,ea3e83ae25d9c4cef488,19,"{'zstandard': '0.25.0', 'brotli': '1.2.0', 'numpy': '2.4.3'}",8243,500,source,1008902,0.007970083002874162,2626637,1.0,500,260653bbced875e53b7f6e86aaa14260aa6175b07b234812c74faa2376a3ae21,ok,7999,1057381,500,0,1
0,2078.212,0.5766544580037589,zstd,thematic,990627,0.3771465185330139,96,575b54aa2332ad8e6e45652023cb8e286ff631a4d1721aef1d7e4bd696f3bee8,2626637,16384,pack,16384,2.5277854232388224,53eb9cd8d4aa893c2747d09fc2d647d6ebc4bf394da4df5aeaf9171f7595a7b2,0.39901341700169723,305.51041204864543,321.1311098056563,0b2dfc134b4933b23b09350fdfe938d0af718001cb10c8fbd346fea1287df689,24000,6749bae4532c91341d3a,19,"{'zstandard': '0.25.0', 'brotli': '1.2.0', 'numpy': '2.4.3'}",8243,500,source,990627,0.008199249998142477,2626637,1.0,500,260653bbced875e53b7f6e86aaa14260aa6175b07b234812c74faa2376a3ae21,ok,7999,1039106,500,0,1
0,2060.202,0.7801502500005881,zstd,thematic,965238,0.36748054641733896,96,575b54aa2332ad8e6e45652023cb8e286ff631a4d1721aef1d7e4bd696f3bee8,2626637,32768,global,32768,2.549882972640547,53eb9cd8d4aa893c2747d09fc2d647d6ebc4bf394da4df5aeaf9171f7595a7b2,0.7619242090004263,290.0317690353667,307.67589796990006,0b2dfc134b4933b23b09350fdfe938d0af718001cb10c8fbd346fea1287df689,24000,88703c44ec4d8116c0ce,19,"{'zstandard': '0.25.0', 'brotli': '1.2.0', 'numpy': '2.4.3'}",8243,500,source,965238,0.008636834005301353,2626637,1.0,500,260653bbced875e53b7f6e86aaa14260aa6175b07b234812c74faa2376a3ae21,ok,7999,1030101,500,0,1
0,2003.888,0.8233744999961345,zstd,thematic,937081,0.35676075529279455,96,575b54aa2332ad8e6e45652023cb8e286ff631a4d1721aef1d7e4bd696f3bee8,2626637,32768,pack,32768,2.6215407248309286,53eb9cd8d4aa893c2747d09fc2d647d6ebc4bf394da4df5aeaf9171f7595a7b2,0.6788151659930008,296.197682985601,310.7645184050954,0b2dfc134b4933b23b09350fdfe938d0af718001cb10c8fbd346fea1287df689,24000,691e159e43fedc686191,19,"{'zstandard': '0.25.0', 'brotli': '1.2.0', 'numpy': '2.4.3'}",8243,500,source,937081,0.008457042000372894,2626637,1.0,500,260653bbced875e53b7f6e86aaa14260aa6175b07b234812c74faa2376a3ae21,ok,7999,1001944,500,0,1
0,2045.804,1.5824568329990143,zstd,thematic,925271,0.35226451161694594,96,575b54aa2332ad8e6e45652023cb8e286ff631a4d1721aef1d7e4bd696f3bee8,2626637,65536,global,65536,2.5678285896400634,53eb9cd8d4aa893c2747d09fc2d647d6ebc4bf394da4df5aeaf9171f7595a7b2,1.5625612500007264,274.3441412625706,279.68416298162276,0b2dfc134b4933b23b09350fdfe938d0af718001cb10c8fbd346fea1287df689,24000,df99e83fa44db98264af,19,"{'zstandard': '0.25.0', 'brotli': '1.2.0', 'numpy': '2.4.3'}",8243,500,source,925271,0.009130708000157028,2626637,1.0,500,260653bbced875e53b7f6e86aaa14260aa6175b07b234812c74faa2376a3ae21,ok,7999,1022902,500,0,1
0,1970.57,1.682277250001789,zstd,thematic,887654,0.3379431569722044,96,575b54aa2332ad8e6e45652023cb8e286ff631a4d1721aef1d7e4bd696f3bee8,2626637,65536,pack,65536,2.6658652065138515,53eb9cd8d4aa893c2747d09fc2d647d6ebc4bf394da4df5aeaf9171f7595a7b2,1.531431582996447,267.39975457216883,284.92528356045375,0b2dfc134b4933b23b09350fdfe938d0af718001cb10c8fbd346fea1287df689,24000,b508dce0bcb609aa9738,19,"{'zstandard': '0.25.0', 'brotli': '1.2.0', 'numpy': '2.4.3'}",8243,500,source,887654,0.00936783300130628,2626637,1.0,500,260653bbced875e53b7f6e86aaa14260aa6175b07b234812c74faa2376a3ae21,ok,7999,985285,500,0,1
16384,2297.012,0.2853882080016774,zstd,thematic,2927082,1.1143839061126453,96,575b54aa2332ad8e6e45652023cb8e286ff631a4d1721aef1d7e4bd696f3bee8,6900875,0,none,0,2.287003289490869,53eb9cd8d4aa893c2747d09fc2d647d6ebc4bf394da4df5aeaf9171f7595a7b2,0.2696515839998028,639.1182505635002,630.2767715856749,0b2dfc134b4933b23b09350fdfe938d0af718001cb10c8fbd346fea1287df689,24000,dbbef3c66aafeedc75cc,19,"{'zstandard': '0.25.0', 'brotli': '1.2.0', 'numpy': '2.4.3'}",16373,500,alphabetical,1116411,0.010297291999449953,2626637,2.627266348566627,500,260653bbced875e53b7f6e86aaa14260aa6175b07b234812c74faa2376a3ae21,ok,7999,1148506,195,4274238,1
16384,2312.678,0.2823561250042985,zstd,thematic,2944033,1.1208374053970913,96,575b54aa2332ad8e6e45652023cb8e286ff631a4d1721aef1d7e4bd696f3bee8,6888650,0,none,0,2.2715112090831493,53eb9cd8d4aa893c2747d09fc2d647d6ebc4bf394da4df5aeaf9171f7595a7b2,0.2664387090044329,622.1439064880959,645.5379004741412,0b2dfc134b4933b23b09350fdfe938d0af718001cb10c8fbd346fea1287df689,24000,bcacf250257303b2aa74,19,"{'zstandard': '0.25.0', 'brotli': '1.2.0', 'numpy': '2.4.3'}",16351,500,random,1124244,0.010559499998635147,2626637,2.62261210818244,500,260653bbced875e53b7f6e86aaa14260aa6175b07b234812c74faa2376a3ae21,ok,7999,1156339,195,4262013,1
16384,2288.11,0.28692074999707984,zstd,thematic,2945058,1.1212276382309394,96,575b54aa2332ad8e6e45652023cb8e286ff631a4d1721aef1d7e4bd696f3bee8,6963661,0,none,0,2.295900983781374,53eb9cd8d4aa893c2747d09fc2d647d6ebc4bf394da4df5aeaf9171f7595a7b2,0.2713821249999455,658.7377519130181,636.8128612081356,0b2dfc134b4933b23b09350fdfe938d0af718001cb10c8fbd346fea1287df689,24000,710bdf8bffdd746d985d,19,"{'zstandard': '0.25.0', 'brotli': '1.2.0', 'numpy': '2.4.3'}",16316,500,semantic,1111960,0.010081499996886123,2626637,2.651169918035876,500,260653bbced875e53b7f6e86aaa14260aa6175b07b234812c74faa2376a3ae21,ok,7999,1144055,192,4337024,1
16384,2302.446,0.2910823749989504,zstd,thematic,2911801,1.1085662008111512,96,575b54aa2332ad8e6e45652023cb8e286ff631a4d1721aef1d7e4bd696f3bee8,6850101,0,none,0,2.2816057358131308,53eb9cd8d4aa893c2747d09fc2d647d6ebc4bf394da4df5aeaf9171f7595a7b2,0.2753654580010334,641.1717298183419,617.3328010516204,0b2dfc134b4933b23b09350fdfe938d0af718001cb10c8fbd346fea1287df689,24000,00302fbff45a9aed49f9,19,"{'zstandard': '0.25.0', 'brotli': '1.2.0', 'numpy': '2.4.3'}",16380,500,source,1119128,0.010188791995460633,2626637,2.6079359271951166,500,260653bbced875e53b7f6e86aaa14260aa6175b07b234812c74faa2376a3ae21,ok,7999,1151223,196,4223464,1
32768,2165.442,0.3471461669978453,zstd,thematic,5988774,2.2800158529709282,96,575b54aa2332ad8e6e45652023cb8e286ff631a4d1721aef1d7e4bd696f3bee8,14982601,0,none,0,2.4259592267998866,53eb9cd8d4aa893c2747d09fc2d647d6ebc4bf394da4df5aeaf9171f7595a7b2,0.3235937080025906,763.270638733075,765.0765449829439,0b2dfc134b4933b23b09350fdfe938d0af718001cb10c8fbd346fea1287df689,24000,ec1e721be3a9343e3bc6,19,"{'zstandard': '0.25.0', 'brotli': '1.2.0', 'numpy': '2.4.3'}",32767,500,alphabetical,1050626,0.01872012500098208,2626637,5.7041003381890985,500,260653bbced875e53b7f6e86aaa14260aa6175b07b234812c74faa2376a3ae21,ok,7999,1082721,88,12355964,1
32768,2185.752,0.3426058339973679,zstd,thematic,6048308,2.3026813373907395,96,575b54aa2332ad8e6e45652023cb8e286ff631a4d1721aef1d7e4bd696f3bee8,14987576,0,none,0,2.4034172220819197,53eb9cd8d4aa893c2747d09fc2d647d6ebc4bf394da4df5aeaf9171f7595a7b2,0.3176179579968448,733.7452781638913,771.9631174180998,0b2dfc134b4933b23b09350fdfe938d0af718001cb10c8fbd346fea1287df689,24000,35302f7f3b6f0471b799,19,"{'zstandard': '0.25.0', 'brotli': '1.2.0', 'numpy': '2.4.3'}",32682,500,random,1060781,0.019479874994431157,2626637,5.705994395114361,500,260653bbced875e53b7f6e86aaa14260aa6175b07b234812c74faa2376a3ae21,ok,7999,1092876,88,12360939,1
32768,2146.544,0.33967508299974725,zstd,thematic,6009552,2.287926348406727,96,575b54aa2332ad8e6e45652023cb8e286ff631a4d1721aef1d7e4bd696f3bee8,15162915,0,none,0,2.4473171758883114,53eb9cd8d4aa893c2747d09fc2d647d6ebc4bf394da4df5aeaf9171f7595a7b2,0.31519770900195,732.8612531474506,750.8580294563129,0b2dfc134b4933b23b09350fdfe938d0af718001cb10c8fbd346fea1287df689,24000,8bbfd93d0a526966b2ac,19,"{'zstandard': '0.25.0', 'brotli': '1.2.0', 'numpy': '2.4.3'}",32604,500,semantic,1041177,0.019731542000954505,2626637,5.772748575459799,500,260653bbced875e53b7f6e86aaa14260aa6175b07b234812c74faa2376a3ae21,ok,7999,1073272,87,12536278,1
32768,2166.344,0.3411932090020855,zstd,thematic,6001671,2.2849259338081356,96,575b54aa2332ad8e6e45652023cb8e286ff631a4d1721aef1d7e4bd696f3bee8,15018286,0,none,0,2.4249491308859534,53eb9cd8d4aa893c2747d09fc2d647d6ebc4bf394da4df5aeaf9171f7595a7b2,0.3178438340037246,762.3228453571666,788.5073734461404,0b2dfc134b4933b23b09350fdfe938d0af718001cb10c8fbd346fea1287df689,24000,003ee761b54d737f41b4,19,"{'zstandard': '0.25.0', 'brotli': '1.2.0', 'numpy': '2.4.3'}",32766,500,source,1051077,0.018788041998050176,2626637,5.717686151531407,500,260653bbced875e53b7f6e86aaa14260aa6175b07b234812c74faa2376a3ae21,ok,7999,1083172,88,12391649,1
65536,2053.414,0.4250222920018132,zstd,thematic,11843686,4.509068439986188,96,575b54aa2332ad8e6e45652023cb8e286ff631a4d1721aef1d7e4bd696f3bee8,31287640,0,none,0,2.5583121572172,53eb9cd8d4aa893c2747d09fc2d647d6ebc4bf394da4df5aeaf9171f7595a7b2,0.38474870799836935,850.3996128986254,814.7855232153865,0b2dfc134b4933b23b09350fdfe938d0af718001cb10c8fbd346fea1287df689,24000,2f4848c7fd9bbeba3e24,19,"{'zstandard': '0.25.0', 'brotli': '1.2.0', 'numpy': '2.4.3'}",65497,500,alphabetical,994612,0.03508729100576602,2626637,11.911672606454566,500,260653bbced875e53b7f6e86aaa14260aa6175b07b234812c74faa2376a3ae21,ok,7999,1026707,42,28661003,1
65536,2074.08,0.4308060000039404,zstd,thematic,11969926,4.557129896517867,96,575b54aa2332ad8e6e45652023cb8e286ff631a4d1721aef1d7e4bd696f3bee8,31294131,0,none,0,2.5328212990820025,53eb9cd8d4aa893c2747d09fc2d647d6ebc4bf394da4df5aeaf9171f7595a7b2,0.3893118750056601,805.9739390646573,852.762964299547,0b2dfc134b4933b23b09350fdfe938d0af718001cb10c8fbd346fea1287df689,24000,02290ff03d29498f5763,19,"{'zstandard': '0.25.0', 'brotli': '1.2.0', 'numpy': '2.4.3'}",65521,500,random,1004945,0.037028999999165535,2626637,11.914143827258963,500,260653bbced875e53b7f6e86aaa14260aa6175b07b234812c74faa2376a3ae21,ok,7999,1037040,42,28667494,1
65536,2030.336,0.4417260419941158,zstd,thematic,11660131,4.439186305530608,96,575b54aa2332ad8e6e45652023cb8e286ff631a4d1721aef1d7e4bd696f3bee8,31159450,0,none,0,2.587391446538898,53eb9cd8d4aa893c2747d09fc2d647d6ebc4bf394da4df5aeaf9171f7595a7b2,0.3868449159999727,809.6037920304095,840.0489498280504,0b2dfc134b4933b23b09350fdfe938d0af718001cb10c8fbd346fea1287df689,24000,59104ab593fa35a65435,19,"{'zstandard': '0.25.0', 'brotli': '1.2.0', 'numpy': '2.4.3'}",65144,500,semantic,983073,0.03670433299703291,2626637,11.862868755751176,500,260653bbced875e53b7f6e86aaa14260aa6175b07b234812c74faa2376a3ae21,ok,7999,1015168,43,28532813,1
65536,2057.418,0.4163636250013951,zstd,thematic,11745080,4.471527660655051,96,575b54aa2332ad8e6e45652023cb8e286ff631a4d1721aef1d7e4bd696f3bee8,30991982,0,none,0,2.5533333527751774,53eb9cd8d4aa893c2747d09fc2d647d6ebc4bf394da4df5aeaf9171f7595a7b2,0.3764627080017817,830.5021616770525,872.3890977616176,0b2dfc134b4933b23b09350fdfe938d0af718001cb10c8fbd346fea1287df689,24000,6445049f9204c99bd913,19,"{'zstandard': '0.25.0', 'brotli': '1.2.0', 'numpy': '2.4.3'}",65483,500,source,996614,0.035588416998507455,2626637,11.79911118285473,500,260653bbced875e53b7f6e86aaa14260aa6175b07b234812c74faa2376a3ae21,ok,7999,1028709,43,28365345,1
131072,1946.554,0.5546506669998053,zstd,thematic,22711532,8.646619993550688,96,575b54aa2332ad8e6e45652023cb8e286ff631a4d1721aef1d7e4bd696f3bee8,63486146,0,none,0,2.698755852650376,53eb9cd8d4aa893c2747d09fc2d647d6ebc4bf394da4df5aeaf9171f7595a7b2,0.4793018749987823,850.4740682575415,895.0667726001552,0b2dfc134b4933b23b09350fdfe938d0af718001cb10c8fbd346fea1287df689,24000,bfdea7dd40c3ff25c58d,19,"{'zstandard': '0.25.0', 'brotli': '1.2.0', 'numpy': '2.4.3'}",131058,500,alphabetical,941182,0.07118983299733372,2626637,24.170125525529414,500,260653bbced875e53b7f6e86aaa14260aa6175b07b234812c74faa2376a3ae21,ok,7999,973277,21,60859509,1
131072,1966.28,0.576248500001384,zstd,thematic,22973955,8.746528355459851,96,575b54aa2332ad8e6e45652023cb8e286ff631a4d1721aef1d7e4bd696f3bee8,63545781,0,none,0,2.671681550949,53eb9cd8d4aa893c2747d09fc2d647d6ebc4bf394da4df5aeaf9171f7595a7b2,0.503328832994157,890.6161989226363,922.1402738483041,0b2dfc134b4933b23b09350fdfe938d0af718001cb10c8fbd346fea1287df689,24000,70f0d43d456cec8c5c81,19,"{'zstandard': '0.25.0', 'brotli': '1.2.0', 'numpy': '2.4.3'}",131005,500,random,951045,0.0680449999999837,2626637,24.19282946216017,500,260653bbced875e53b7f6e86aaa14260aa6175b07b234812c74faa2376a3ae21,ok,7999,983140,21,60919144,1
131072,1924.652,0.5462053750015912,zstd,thematic,22509303,8.569628387934838,96,575b54aa2332ad8e6e45652023cb8e286ff631a4d1721aef1d7e4bd696f3bee8,63590473,0,none,0,2.729466937399592,53eb9cd8d4aa893c2747d09fc2d647d6ebc4bf394da4df5aeaf9171f7595a7b2,0.47230579199822387,868.0560426196439,945.0585963999184,0b2dfc134b4933b23b09350fdfe938d0af718001cb10c8fbd346fea1287df689,24000,e78b7c80bd4d54e0eaea,19,"{'zstandard': '0.25.0', 'brotli': '1.2.0', 'numpy': '2.4.3'}",130976,500,semantic,930231,0.06986254100047518,2626637,24.209844375145863,500,260653bbced875e53b7f6e86aaa14260aa6175b07b234812c74faa2376a3ae21,ok,7999,962326,21,60963836,1
131072,1947.714,0.5472189170031925,zstd,thematic,22560889,8.589267949853749,96,575b54aa2332ad8e6e45652023cb8e286ff631a4d1721aef1d7e4bd696f3bee8,62981045,0,none,0,2.6971485546645964,53eb9cd8d4aa893c2747d09fc2d647d6ebc4bf394da4df5aeaf9171f7595a7b2,0.4717596249975031,843.2673710337425,880.4897107975142,0b2dfc134b4933b23b09350fdfe938d0af718001cb10c8fbd346fea1287df689,24000,5c0d443b97a7733b3b67,19,"{'zstandard': '0.25.0', 'brotli': '1.2.0', 'numpy': '2.4.3'}",130845,500,source,941762,0.07122700000036275,2626637,23.97782601859336,500,260653bbced875e53b7f6e86aaa14260aa6175b07b234812c74faa2376a3ae21,ok,7999,973857,21,60354408,1
262144,1852.716,0.5521957079981803,zstd,thematic,43635313,16.612616436911534,96,575b54aa2332ad8e6e45652023cb8e286ff631a4d1721aef1d7e4bd696f3bee8,128448798,0,none,0,2.8354448280254503,53eb9cd8d4aa893c2747d09fc2d647d6ebc4bf394da4df5aeaf9171f7595a7b2,0.41640841600019485,929.3776114453057,982.3196025472896,0b2dfc134b4933b23b09350fdfe938d0af718001cb10c8fbd346fea1287df689,24000,c63725da51385d20363c,19,"{'zstandard': '0.25.0', 'brotli': '1.2.0', 'numpy': '2.4.3'}",262142,500,alphabetical,894263,0.13180683300015517,2626637,48.902378973569625,500,260653bbced875e53b7f6e86aaa14260aa6175b07b234812c74faa2376a3ae21,ok,7999,926358,11,125822161,1
262144,1868.374,0.5733804580013384,zstd,thematic,43921968,16.721750283727825,96,575b54aa2332ad8e6e45652023cb8e286ff631a4d1721aef1d7e4bd696f3bee8,128199363,0,none,0,2.811682243490864,53eb9cd8d4aa893c2747d09fc2d647d6ebc4bf394da4df5aeaf9171f7595a7b2,0.43947233399376273,940.754993010967,1053.590745333912,0b2dfc134b4933b23b09350fdfe938d0af718001cb10c8fbd346fea1287df689,24000,a427f999bee41d6390df,19,"{'zstandard': '0.25.0', 'brotli': '1.2.0', 'numpy': '2.4.3'}",262060,500,random,902092,0.12995991600473644,2626637,48.807415337559014,500,260653bbced875e53b7f6e86aaa14260aa6175b07b234812c74faa2376a3ae21,ok,7999,934187,11,125572726,1
262144,1831.484,0.5304420840038802,zstd,thematic,43265553,16.471843273356768,96,575b54aa2332ad8e6e45652023cb8e286ff631a4d1721aef1d7e4bd696f3bee8,128798720,0,none,0,2.8683155299199994,53eb9cd8d4aa893c2747d09fc2d647d6ebc4bf394da4df5aeaf9171f7595a7b2,0.39995804199861595,971.3583806452632,944.3161321150295,0b2dfc134b4933b23b09350fdfe938d0af718001cb10c8fbd346fea1287df689,24000,5dae67279e5d7384dceb,19,"{'zstandard': '0.25.0', 'brotli': '1.2.0', 'numpy': '2.4.3'}",262015,500,semantic,883647,0.12645387500379002,2626637,49.03559951375085,500,260653bbced875e53b7f6e86aaa14260aa6175b07b234812c74faa2376a3ae21,ok,7999,915742,11,126172083,1
262144,1851.668,0.5612906250025844,zstd,thematic,43630871,16.610925301059872,96,575b54aa2332ad8e6e45652023cb8e286ff631a4d1721aef1d7e4bd696f3bee8,128488521,0,none,0,2.8370496222865005,53eb9cd8d4aa893c2747d09fc2d647d6ebc4bf394da4df5aeaf9171f7595a7b2,0.4249712909950176,925.1212497074733,1027.7093508585394,0b2dfc134b4933b23b09350fdfe938d0af718001cb10c8fbd346fea1287df689,24000,bbaa3b75dec26b0eb160,19,"{'zstandard': '0.25.0', 'brotli': '1.2.0', 'numpy': '2.4.3'}",262132,500,source,893739,0.13245420799648855,2626637,48.91750211391982,500,260653bbced875e53b7f6e86aaa14260aa6175b07b234812c74faa2376a3ae21,ok,7999,925834,11,125861884,1
0,1807.795,4.155326209001942,brotli,mixed,1743539,0.36999910234517097,96,575b54aa2332ad8e6e45652023cb8e286ff631a4d1721aef1d7e4bd696f3bee8,4712279,0,none,0,2.606644558702729,53eb9cd8d4aa893c2747d09fc2d647d6ebc4bf394da4df5aeaf9171f7595a7b2,4.103380458000174,180.26512472131273,184.85405918594859,0b2dfc134b4933b23b09350fdfe938d0af718001cb10c8fbd346fea1287df689,48000,82e27e2b916fcadb5ecd,11,"{'zstandard': '0.25.0', 'brotli': '1.2.0', 'numpy': '2.4.3'}",7875,1000,source,1743539,0.024929832994530443,4712279,1.0,1000,1d85b7b2ebab0158a33c98acd58869b348295aac13996cbb1f9268e9b8a2c73e,ok,16160,1807795,1000,0,1
65536,1667.686,4.454290583002148,brotli,mixed,21396169,4.5405140485102855,96,575b54aa2332ad8e6e45652023cb8e286ff631a4d1721aef1d7e4bd696f3bee8,62896673,0,none,0,2.8256392390414025,53eb9cd8d4aa893c2747d09fc2d647d6ebc4bf394da4df5aeaf9171f7595a7b2,4.263903792001656,349.3484622886002,275.94268893327643,0b2dfc134b4933b23b09350fdfe938d0af718001cb10c8fbd346fea1287df689,48000,db3c1ecb2a326d15e756,11,"{'zstandard': '0.25.0', 'brotli': '1.2.0', 'numpy': '2.4.3'}",65470,1000,semantic,1603430,0.1716994579983293,4712279,13.347400058443059,1000,1d85b7b2ebab0158a33c98acd58869b348295aac13996cbb1f9268e9b8a2c73e,ok,16160,1667686,75,58184394,1
0,2296.884,0.11790950000431621,gzip,mixed,2232628,0.47378943394480677,96,575b54aa2332ad8e6e45652023cb8e286ff631a4d1721aef1d7e4bd696f3bee8,4712279,0,none,0,2.0515964236765982,53eb9cd8d4aa893c2747d09fc2d647d6ebc4bf394da4df5aeaf9171f7595a7b2,0.09016900000278838,345.7317363889687,375.49045863876836,0b2dfc134b4933b23b09350fdfe938d0af718001cb10c8fbd346fea1287df689,48000,992297623d3fe304b00d,9,"{'zstandard': '0.25.0', 'brotli': '1.2.0', 'numpy': '2.4.3'}",7875,1000,source,2232628,0.012998457998037338,4712279,1.0,1000,1d85b7b2ebab0158a33c98acd58869b348295aac13996cbb1f9268e9b8a2c73e,ok,16160,2296884,1000,0,1
65536,1990.603,0.2235478329967009,gzip,mixed,25697970,5.453405878556851,96,575b54aa2332ad8e6e45652023cb8e286ff631a4d1721aef1d7e4bd696f3bee8,62896673,0,none,0,2.367262080887048,53eb9cd8d4aa893c2747d09fc2d647d6ebc4bf394da4df5aeaf9171f7595a7b2,0.15374004199838964,979.0542549245532,735.2715080762481,0b2dfc134b4933b23b09350fdfe938d0af718001cb10c8fbd346fea1287df689,48000,660ddc8d76a00d980baf,9,"{'zstandard': '0.25.0', 'brotli': '1.2.0', 'numpy': '2.4.3'}",65470,1000,semantic,1926347,0.061266208002052736,4712279,13.347400058443059,1000,1d85b7b2ebab0158a33c98acd58869b348295aac13996cbb1f9268e9b8a2c73e,ok,16160,1990603,75,58184394,1
0,2355.1,1.8579467919989838,xz,mixed,2290844,0.4861435411612937,96,575b54aa2332ad8e6e45652023cb8e286ff631a4d1721aef1d7e4bd696f3bee8,4712279,0,none,0,2.0008827650630545,53eb9cd8d4aa893c2747d09fc2d647d6ebc4bf394da4df5aeaf9171f7595a7b2,1.4607682909991127,22.408041775686428,23.201862912864772,0b2dfc134b4933b23b09350fdfe938d0af718001cb10c8fbd346fea1287df689,48000,c5ae65f09ba17b0fd00c,9,"{'zstandard': '0.25.0', 'brotli': '1.2.0', 'numpy': '2.4.3'}",7875,1000,source,2290844,0.20055208299891092,4712279,1.0,1000,1d85b7b2ebab0158a33c98acd58869b348295aac13996cbb1f9268e9b8a2c73e,ok,16160,2355100,1000,0,1
65536,1866.592,3.6495885830008774,xz,mixed,24041944,5.101978045018132,96,575b54aa2332ad8e6e45652023cb8e286ff631a4d1721aef1d7e4bd696f3bee8,62896673,0,none,0,2.524536160017829,53eb9cd8d4aa893c2747d09fc2d647d6ebc4bf394da4df5aeaf9171f7595a7b2,1.5987314169979072,31.60344189676053,29.874463686023212,0b2dfc134b4933b23b09350fdfe938d0af718001cb10c8fbd346fea1287df689,48000,20e9250823017a3fa8a1,9,"{'zstandard': '0.25.0', 'brotli': '1.2.0', 'numpy': '2.4.3'}",65470,1000,semantic,1802336,1.8979876250014058,4712279,13.347400058443059,1000,1d85b7b2ebab0158a33c98acd58869b348295aac13996cbb1f9268e9b8a2c73e,ok,16160,1866592,75,58184394,1
0,2340.853,0.0494692499996745,zstd,mixed,2276597,0.483120163301027,96,575b54aa2332ad8e6e45652023cb8e286ff631a4d1721aef1d7e4bd696f3bee8,4712279,0,none,0,2.01306062362737,53eb9cd8d4aa893c2747d09fc2d647d6ebc4bf394da4df5aeaf9171f7595a7b2,0.029185041996242944,488.084764098011,537.7878407744356,0b2dfc134b4933b23b09350fdfe938d0af718001cb10c8fbd346fea1287df689,48000,5a635f153ad3a20c56e7,3,"{'zstandard': '0.25.0', 'brotli': '1.2.0', 'numpy': '2.4.3'}",7875,1000,source,2276597,0.009207374998368323,4712279,1.0,1000,1d85b7b2ebab0158a33c98acd58869b348295aac13996cbb1f9268e9b8a2c73e,ok,16160,2340853,1000,0,1
0,2283.272,0.11103854200337082,zstd,mixed,2219016,0.4709008104146635,96,575b54aa2332ad8e6e45652023cb8e286ff631a4d1721aef1d7e4bd696f3bee8,4712279,0,none,0,2.0638272619293714,53eb9cd8d4aa893c2747d09fc2d647d6ebc4bf394da4df5aeaf9171f7595a7b2,0.0916295419956441,524.4665774194333,547.806909616695,0b2dfc134b4933b23b09350fdfe938d0af718001cb10c8fbd346fea1287df689,48000,c08bb402c0eb5cdca520,9,"{'zstandard': '0.25.0', 'brotli': '1.2.0', 'numpy': '2.4.3'}",7875,1000,source,2219016,0.008568666999053676,4712279,1.0,1000,1d85b7b2ebab0158a33c98acd58869b348295aac13996cbb1f9268e9b8a2c73e,ok,16160,2283272,1000,0,1
0,2264.212,0.24019841600238578,zstd,mixed,2199956,0.4668560583955237,96,575b54aa2332ad8e6e45652023cb8e286ff631a4d1721aef1d7e4bd696f3bee8,4712279,0,none,0,2.081200435294928,53eb9cd8d4aa893c2747d09fc2d647d6ebc4bf394da4df5aeaf9171f7595a7b2,0.22004991699941456,498.11343990841846,529.4249156797326,0b2dfc134b4933b23b09350fdfe938d0af718001cb10c8fbd346fea1287df689,48000,50c8ce70bfb03a9fcb85,15,"{'zstandard': '0.25.0', 'brotli': '1.2.0', 'numpy': '2.4.3'}",7875,1000,source,2199956,0.009021999998367392,4712279,1.0,1000,1d85b7b2ebab0158a33c98acd58869b348295aac13996cbb1f9268e9b8a2c73e,ok,16160,2264212,1000,0,1
0,2256.774,0.41320787500444567,zstd,mixed,2192518,0.46527762893495905,96,575b54aa2332ad8e6e45652023cb8e286ff631a4d1721aef1d7e4bd696f3bee8,4712279,0,none,0,2.0880597702738513,53eb9cd8d4aa893c2747d09fc2d647d6ebc4bf394da4df5aeaf9171f7595a7b2,0.39276962500298396,498.767608938956,510.8367400411927,0b2dfc134b4933b23b09350fdfe938d0af718001cb10c8fbd346fea1287df689,48000,048eae0851ee93217cde,19,"{'zstandard': '0.25.0', 'brotli': '1.2.0', 'numpy': '2.4.3'}",7875,1000,source,2192518,0.009010167006636038,4712279,1.0,1000,1d85b7b2ebab0158a33c98acd58869b348295aac13996cbb1f9268e9b8a2c73e,ok,16160,2256774,1000,0,1
0,2256.774,0.4137332089958363,zstd,mixed,2192518,0.46527762893495905,96,575b54aa2332ad8e6e45652023cb8e286ff631a4d1721aef1d7e4bd696f3bee8,4712279,0,none,0,2.0880597702738513,53eb9cd8d4aa893c2747d09fc2d647d6ebc4bf394da4df5aeaf9171f7595a7b2,0.3938447079999605,518.6208656650019,517.4836883089793,0b2dfc134b4933b23b09350fdfe938d0af718001cb10c8fbd346fea1287df689,48000,d349cf0e8d1f41a00187,22,"{'zstandard': '0.25.0', 'brotli': '1.2.0', 'numpy': '2.4.3'}",7875,1000,source,2192518,0.008665249995829072,4712279,1.0,1000,1d85b7b2ebab0158a33c98acd58869b348295aac13996cbb1f9268e9b8a2c73e,ok,16160,2256774,1000,0,1
0,1978.121,0.515900332997262,zstd,mixed,1905673,0.40440580873925336,96,575b54aa2332ad8e6e45652023cb8e286ff631a4d1721aef1d7e4bd696f3bee8,4712279,8192,global,8192,2.382199572220304,53eb9cd8d4aa893c2747d09fc2d647d6ebc4bf394da4df5aeaf9171f7595a7b2,0.4831389160026447,291.3202790072183,304.1181709404117,0b2dfc134b4933b23b09350fdfe938d0af718001cb10c8fbd346fea1287df689,48000,bcc4e7006f4d76a5f4c1,19,"{'zstandard': '0.25.0', 'brotli': '1.2.0', 'numpy': '2.4.3'}",7875,1000,source,1905673,0.015426250000018626,4712279,1.0,1000,1d85b7b2ebab0158a33c98acd58869b348295aac13996cbb1f9268e9b8a2c73e,ok,16160,1978121,1000,0,1
0,1981.409,0.76371150000341,zstd,mixed,1908961,0.40510356029428646,96,575b54aa2332ad8e6e45652023cb8e286ff631a4d1721aef1d7e4bd696f3bee8,4712279,8192,pack,8192,2.37824649025012,53eb9cd8d4aa893c2747d09fc2d647d6ebc4bf394da4df5aeaf9171f7595a7b2,0.4838676250001299,290.8183399091295,309.86193947773927,0b2dfc134b4933b23b09350fdfe938d0af718001cb10c8fbd346fea1287df689,48000,a054d71bde5d32cbfe55,19,"{'zstandard': '0.25.0', 'brotli': '1.2.0', 'numpy': '2.4.3'}",7875,1000,source,1908961,0.0154528749990277,4712279,1.0,1000,1d85b7b2ebab0158a33c98acd58869b348295aac13996cbb1f9268e9b8a2c73e,ok,16160,1981409,1000,0,1
0,1932.824,0.8515422499986016,zstd,mixed,1852184,0.39305482548889825,96,575b54aa2332ad8e6e45652023cb8e286ff631a4d1721aef1d7e4bd696f3bee8,4712279,16384,global,16384,2.438027983924041,53eb9cd8d4aa893c2747d09fc2d647d6ebc4bf394da4df5aeaf9171f7595a7b2,0.817262499993376,276.1963650240583,293.3454823265606,0b2dfc134b4933b23b09350fdfe938d0af718001cb10c8fbd346fea1287df689,48000,71ac7f8dccfd9390d379,19,"{'zstandard': '0.25.0', 'brotli': '1.2.0', 'numpy': '2.4.3'}",7875,1000,source,1852184,0.016270957996312063,4712279,1.0,1000,1d85b7b2ebab0158a33c98acd58869b348295aac13996cbb1f9268e9b8a2c73e,ok,16160,1932824,1000,0,1
0,1929.702,0.9734034169960069,zstd,mixed,1849062,0.3923923010500864,96,575b54aa2332ad8e6e45652023cb8e286ff631a4d1721aef1d7e4bd696f3bee8,4712279,16384,pack,16384,2.4419723874463517,53eb9cd8d4aa893c2747d09fc2d647d6ebc4bf394da4df5aeaf9171f7595a7b2,0.7065487080035382,287.04977108493995,295.5317780019372,0b2dfc134b4933b23b09350fdfe938d0af718001cb10c8fbd346fea1287df689,48000,58e3bae458e02602be00,19,"{'zstandard': '0.25.0', 'brotli': '1.2.0', 'numpy': '2.4.3'}",7875,1000,source,1849062,0.015655750001315027,4712279,1.0,1000,1d85b7b2ebab0158a33c98acd58869b348295aac13996cbb1f9268e9b8a2c73e,ok,16160,1929702,1000,0,1
0,1877.494,1.4482023749951622,zstd,mixed,1780470,0.3778362868582272,96,575b54aa2332ad8e6e45652023cb8e286ff631a4d1721aef1d7e4bd696f3bee8,4712279,32768,global,32768,2.5098769956122364,53eb9cd8d4aa893c2747d09fc2d647d6ebc4bf394da4df5aeaf9171f7595a7b2,1.4124306660014554,265.6153586736796,279.3568953156519,0b2dfc134b4933b23b09350fdfe938d0af718001cb10c8fbd346fea1287df689,48000,d3a24c811dc4e1b2a66c,19,"{'zstandard': '0.25.0', 'brotli': '1.2.0', 'numpy': '2.4.3'}",7875,1000,source,1780470,0.016919124995183665,4712279,1.0,1000,1d85b7b2ebab0158a33c98acd58869b348295aac13996cbb1f9268e9b8a2c73e,ok,16160,1877494,1000,0,1
0,1875.392,1.6067712919975747,zstd,mixed,1778368,0.37739021819378693,96,575b54aa2332ad8e6e45652023cb8e286ff631a4d1721aef1d7e4bd696f3bee8,4712279,32768,pack,32768,2.512690146913285,53eb9cd8d4aa893c2747d09fc2d647d6ebc4bf394da4df5aeaf9171f7595a7b2,1.327229582995642,239.09551114245315,276.0161083646413,0b2dfc134b4933b23b09350fdfe938d0af718001cb10c8fbd346fea1287df689,48000,509ff5e0171980273bf5,19,"{'zstandard': '0.25.0', 'brotli': '1.2.0', 'numpy': '2.4.3'}",7875,1000,source,1778368,0.01879575000202749,4712279,1.0,1000,1d85b7b2ebab0158a33c98acd58869b348295aac13996cbb1f9268e9b8a2c73e,ok,16160,1875392,1000,0,1
0,1842.565,3.0179214579984546,zstd,mixed,1712773,0.3634702019978019,96,575b54aa2332ad8e6e45652023cb8e286ff631a4d1721aef1d7e4bd696f3bee8,4712279,65536,global,65536,2.557456046326724,53eb9cd8d4aa893c2747d09fc2d647d6ebc4bf394da4df5aeaf9171f7595a7b2,2.97912058399379,241.45547569918634,259.64316482554585,0b2dfc134b4933b23b09350fdfe938d0af718001cb10c8fbd346fea1287df689,48000,30c2a4311523ca3af634,19,"{'zstandard': '0.25.0', 'brotli': '1.2.0', 'numpy': '2.4.3'}",7875,1000,source,1712773,0.018612041996675543,4712279,1.0,1000,1d85b7b2ebab0158a33c98acd58869b348295aac13996cbb1f9268e9b8a2c73e,ok,16160,1842565,1000,0,1
0,1830.668,3.181823874998372,zstd,mixed,1700876,0.3609455212647638,96,575b54aa2332ad8e6e45652023cb8e286ff631a4d1721aef1d7e4bd696f3bee8,4712279,65536,pack,65536,2.574076238837408,53eb9cd8d4aa893c2747d09fc2d647d6ebc4bf394da4df5aeaf9171f7595a7b2,2.9060449169992353,257.46763852845197,262.9499772178898,0b2dfc134b4933b23b09350fdfe938d0af718001cb10c8fbd346fea1287df689,48000,e1f3855d4f637ad8f9f0,19,"{'zstandard': '0.25.0', 'brotli': '1.2.0', 'numpy': '2.4.3'}",7875,1000,source,1700876,0.017454541004553903,4712279,1.0,1000,1d85b7b2ebab0158a33c98acd58869b348295aac13996cbb1f9268e9b8a2c73e,ok,16160,1830668,1000,0,1
16384,2101.793,0.5436640000043553,zstd,mixed,6106365,1.2958411418339195,96,575b54aa2332ad8e6e45652023cb8e286ff631a4d1721aef1d7e4bd696f3bee8,14134304,0,none,0,2.2420281159942963,53eb9cd8d4aa893c2747d09fc2d647d6ebc4bf394da4df5aeaf9171f7595a7b2,0.5128997079955298,632.8822967156739,649.5715327298017,0b2dfc134b4933b23b09350fdfe938d0af718001cb10c8fbd346fea1287df689,48000,4e60bc8b1bf538375f4f,19,"{'zstandard': '0.25.0', 'brotli': '1.2.0', 'numpy': '2.4.3'}",16379,1000,alphabetical,2037537,0.021298624997143634,4712279,2.9994624681603104,1000,1d85b7b2ebab0158a33c98acd58869b348295aac13996cbb1f9268e9b8a2c73e,ok,16160,2101793,338,9422025,1
16384,2111.167,0.501099000000977,zstd,mixed,6091556,1.2926985010862049,96,575b54aa2332ad8e6e45652023cb8e286ff631a4d1721aef1d7e4bd696f3bee8,14037494,0,none,0,2.232073066697234,53eb9cd8d4aa893c2747d09fc2d647d6ebc4bf394da4df5aeaf9171f7595a7b2,0.4712450000006356,648.8861537980431,666.9026390825583,0b2dfc134b4933b23b09350fdfe938d0af718001cb10c8fbd346fea1287df689,48000,b0c5cc7260044f8d4774,19,"{'zstandard': '0.25.0', 'brotli': '1.2.0', 'numpy': '2.4.3'}",16367,1000,random,2046911,0.020631042003515176,4712279,2.978918268633924,1000,1d85b7b2ebab0158a33c98acd58869b348295aac13996cbb1f9268e9b8a2c73e,ok,16160,2111167,340,9325215,1
16384,2089.812,0.512044999995851,zstd,mixed,5993598,1.2719106827078788,96,575b54aa2332ad8e6e45652023cb8e286ff631a4d1721aef1d7e4bd696f3bee8,13955344,0,none,0,2.254881778839436,53eb9cd8d4aa893c2747d09fc2d647d6ebc4bf394da4df5aeaf9171f7595a7b2,0.4802159999962896,600.0452280223869,643.6099515233348,0b2dfc134b4933b23b09350fdfe938d0af718001cb10c8fbd346fea1287df689,48000,1ef4f7992eb50fd7eddc,19,"{'zstandard': '0.25.0', 'brotli': '1.2.0', 'numpy': '2.4.3'}",16365,1000,semantic,2025556,0.02217975000530714,4712279,2.961485090335271,1000,1d85b7b2ebab0158a33c98acd58869b348295aac13996cbb1f9268e9b8a2c73e,ok,16160,2089812,343,9243065,1
16384,2103.095,0.5202878330019303,zstd,mixed,6076331,1.2894675803363935,96,575b54aa2332ad8e6e45652023cb8e286ff631a4d1721aef1d7e4bd696f3bee8,14061702,0,none,0,2.240640104227341,53eb9cd8d4aa893c2747d09fc2d647d6ebc4bf394da4df5aeaf9171f7595a7b2,0.49059899999701884,654.1801416652759,686.1648075999238,0b2dfc134b4933b23b09350fdfe938d0af718001cb10c8fbd346fea1287df689,48000,4205f845aa3fc1dbbab5,19,"{'zstandard': '0.25.0', 'brotli': '1.2.0', 'numpy': '2.4.3'}",16379,1000,source,2038839,0.02049937500123633,4712279,2.98405548567901,1000,1d85b7b2ebab0158a33c98acd58869b348295aac13996cbb1f9268e9b8a2c73e,ok,16160,2103095,340,9349423,1
32768,2009.005,0.6069183340005111,zstd,mixed,12520228,2.6569369088714825,96,575b54aa2332ad8e6e45652023cb8e286ff631a4d1721aef1d7e4bd696f3bee8,30346593,0,none,0,2.345578532656713,53eb9cd8d4aa893c2747d09fc2d647d6ebc4bf394da4df5aeaf9171f7595a7b2,0.5598183339971001,754.765664416545,732.0824220526686,0b2dfc134b4933b23b09350fdfe938d0af718001cb10c8fbd346fea1287df689,48000,601fcfa788d185e98864,19,"{'zstandard': '0.25.0', 'brotli': '1.2.0', 'numpy': '2.4.3'}",32725,1000,alphabetical,1944749,0.03834404199733399,4712279,6.439897340543716,1000,1d85b7b2ebab0158a33c98acd58869b348295aac13996cbb1f9268e9b8a2c73e,ok,16160,2009005,156,25634314,1
32768,2018.799,0.5985182500007795,zstd,mixed,12571476,2.6678123260528506,96,575b54aa2332ad8e6e45652023cb8e286ff631a4d1721aef1d7e4bd696f3bee8,30322124,0,none,0,2.334199194669702,53eb9cd8d4aa893c2747d09fc2d647d6ebc4bf394da4df5aeaf9171f7595a7b2,0.5525637910031946,766.518764124653,768.7436790484217,0b2dfc134b4933b23b09350fdfe938d0af718001cb10c8fbd346fea1287df689,48000,ae757f52d63452d96116,19,"{'zstandard': '0.25.0', 'brotli': '1.2.0', 'numpy': '2.4.3'}",32644,1000,random,1954543,0.037725665999460034,4712279,6.434704736285776,1000,1d85b7b2ebab0158a33c98acd58869b348295aac13996cbb1f9268e9b8a2c73e,ok,16160,2018799,156,25609845,1
32768,1981.691,0.6628457080005319,zstd,mixed,12478517,2.648085353180489,96,575b54aa2332ad8e6e45652023cb8e286ff631a4d1721aef1d7e4bd696f3bee8,30681526,0,none,0,2.3779080593291284,53eb9cd8d4aa893c2747d09fc2d647d6ebc4bf394da4df5aeaf9171f7595a7b2,0.6152582499998971,745.4412219912965,788.5672762662282,0b2dfc134b4933b23b09350fdfe938d0af718001cb10c8fbd346fea1287df689,48000,a0d3909f2b204cc153ab,19,"{'zstandard': '0.25.0', 'brotli': '1.2.0', 'numpy': '2.4.3'}",32762,1000,semantic,1917435,0.03925216700008605,4712279,6.5109739894433245,1000,1d85b7b2ebab0158a33c98acd58869b348295aac13996cbb1f9268e9b8a2c73e,ok,16160,1981691,154,25969247,1
32768,2006.225,0.6246005409993813,zstd,mixed,12474192,2.6471675382548443,96,575b54aa2332ad8e6e45652023cb8e286ff631a4d1721aef1d7e4bd696f3bee8,30282444,0,none,0,2.348828770451968,53eb9cd8d4aa893c2747d09fc2d647d6ebc4bf394da4df5aeaf9171f7595a7b2,0.5762663330024225,729.4345180870828,730.8274745081862,0b2dfc134b4933b23b09350fdfe938d0af718001cb10c8fbd346fea1287df689,48000,26b87f63c8235da36825,19,"{'zstandard': '0.25.0', 'brotli': '1.2.0', 'numpy': '2.4.3'}",32684,1000,source,1941969,0.0395917499990901,4712279,6.426284182239634,1000,1d85b7b2ebab0158a33c98acd58869b348295aac13996cbb1f9268e9b8a2c73e,ok,16160,2006225,156,25570165,1
65536,1929.372,0.7167960420047166,zstd,mixed,24882382,5.280328690215499,96,575b54aa2332ad8e6e45652023cb8e286ff631a4d1721aef1d7e4bd696f3bee8,62870677,0,none,0,2.442390062673243,53eb9cd8d4aa893c2747d09fc2d647d6ebc4bf394da4df5aeaf9171f7595a7b2,0.633794791996479,804.1822025048818,769.270046996792,0b2dfc134b4933b23b09350fdfe938d0af718001cb10c8fbd346fea1287df689,48000,dd7556f43c75a0e72179,19,"{'zstandard': '0.25.0', 'brotli': '1.2.0', 'numpy': '2.4.3'}",65446,1000,alphabetical,1865116,0.07455791700340342,4712279,13.341883407158193,1000,1d85b7b2ebab0158a33c98acd58869b348295aac13996cbb1f9268e9b8a2c73e,ok,16160,1929372,75,58158398,1
65536,1936.681,0.7469290000008186,zstd,mixed,24990627,5.303299528741825,96,575b54aa2332ad8e6e45652023cb8e286ff631a4d1721aef1d7e4bd696f3bee8,62899896,0,none,0,2.433172525573391,53eb9cd8d4aa893c2747d09fc2d647d6ebc4bf394da4df5aeaf9171f7595a7b2,0.6648798750029528,806.5830059903908,862.9958881514394,0b2dfc134b4933b23b09350fdfe938d0af718001cb10c8fbd346fea1287df689,48000,2836fed4fe15028ad189,19,"{'zstandard': '0.25.0', 'brotli': '1.2.0', 'numpy': '2.4.3'}",65430,1000,random,1872425,0.07437054199544946,4712279,13.348084016247764,1000,1d85b7b2ebab0158a33c98acd58869b348295aac13996cbb1f9268e9b8a2c73e,ok,16160,1936681,75,58187617,1
65536,1895.741,0.7916434999933699,zstd,mixed,24432235,5.184802300542901,96,575b54aa2332ad8e6e45652023cb8e286ff631a4d1721aef1d7e4bd696f3bee8,62896673,0,none,0,2.4857187769848306,53eb9cd8d4aa893c2747d09fc2d647d6ebc4bf394da4df5aeaf9171f7595a7b2,0.7017463750016759,863.2502213069655,872.1233920171194,0b2dfc134b4933b23b09350fdfe938d0af718001cb10c8fbd346fea1287df689,48000,afad69df8b144d61e2e5,19,"{'zstandard': '0.25.0', 'brotli': '1.2.0', 'numpy': '2.4.3'}",65470,1000,semantic,1831485,0.06948499999998603,4712279,13.347400058443059,1000,1d85b7b2ebab0158a33c98acd58869b348295aac13996cbb1f9268e9b8a2c73e,ok,16160,1895741,75,58184394,1
65536,1922.728,0.7272122089998447,zstd,mixed,24790957,5.260927249850869,96,575b54aa2332ad8e6e45652023cb8e286ff631a4d1721aef1d7e4bd696f3bee8,62877441,0,none,0,2.4508297585513916,53eb9cd8d4aa893c2747d09fc2d647d6ebc4bf394da4df5aeaf9171f7595a7b2,0.644904790999135,805.6338202800949,822.3452483480645,0b2dfc134b4933b23b09350fdfe938d0af718001cb10c8fbd346fea1287df689,48000,49e8da5da51d3e8fe957,19,"{'zstandard': '0.25.0', 'brotli': '1.2.0', 'numpy': '2.4.3'}",65536,1000,source,1858472,0.07443158300156938,4712279,13.343318806038438,1000,1d85b7b2ebab0158a33c98acd58869b348295aac13996cbb1f9268e9b8a2c73e,ok,16160,1922728,75,58165162,1
131072,1850.507,0.9407710000014049,zstd,mixed,48467438,10.28534982754629,96,575b54aa2332ad8e6e45652023cb8e286ff631a4d1721aef1d7e4bd696f3bee8,127869750,0,none,0,2.54647996467995,53eb9cd8d4aa893c2747d09fc2d647d6ebc4bf394da4df5aeaf9171f7595a7b2,0.7860710000022664,832.0934022775939,773.3906042089308,0b2dfc134b4933b23b09350fdfe938d0af718001cb10c8fbd346fea1287df689,48000,597964abbaf6a23673bc,19,"{'zstandard': '0.25.0', 'brotli': '1.2.0', 'numpy': '2.4.3'}",130994,1000,alphabetical,1786251,0.1465533750015311,4712279,27.135437014658937,1000,1d85b7b2ebab0158a33c98acd58869b348295aac13996cbb1f9268e9b8a2c73e,ok,16160,1850507,37,123157471,1
131072,1856.663,0.9409289169998374,zstd,mixed,48588384,10.311015964886629,96,575b54aa2332ad8e6e45652023cb8e286ff631a4d1721aef1d7e4bd696f3bee8,127769834,0,none,0,2.5380367896597282,53eb9cd8d4aa893c2747d09fc2d647d6ebc4bf394da4df5aeaf9171f7595a7b2,0.7869908749999013,835.4896841643055,798.7107276352801,0b2dfc134b4933b23b09350fdfe938d0af718001cb10c8fbd346fea1287df689,48000,4c353f447b142ace8fe5,19,"{'zstandard': '0.25.0', 'brotli': '1.2.0', 'numpy': '2.4.3'}",130939,1000,random,1792407,0.14584358299907763,4712279,27.114233686078435,1000,1d85b7b2ebab0158a33c98acd58869b348295aac13996cbb1f9268e9b8a2c73e,ok,16160,1856663,37,123057555,1
131072,1814.963,0.9542754579961183,zstd,mixed,47337039,10.045466110983666,96,575b54aa2332ad8e6e45652023cb8e286ff631a4d1721aef1d7e4bd696f3bee8,127478939,0,none,0,2.5963498980419986,53eb9cd8d4aa893c2747d09fc2d647d6ebc4bf394da4df5aeaf9171f7595a7b2,0.8035024580021854,847.9931783249091,891.1393997827499,0b2dfc134b4933b23b09350fdfe938d0af718001cb10c8fbd346fea1287df689,48000,7cb36570557d6a77a4f9,19,"{'zstandard': '0.25.0', 'brotli': '1.2.0', 'numpy': '2.4.3'}",130983,1000,semantic,1750707,0.1433660000038799,4712279,27.05250240913155,1000,1d85b7b2ebab0158a33c98acd58869b348295aac13996cbb1f9268e9b8a2c73e,ok,16160,1814963,37,122766660,1
131072,1842.17,0.9742920409989893,zstd,mixed,48227697,10.23447401989568,96,575b54aa2332ad8e6e45652023cb8e286ff631a4d1721aef1d7e4bd696f3bee8,127835192,0,none,0,2.558004418701857,53eb9cd8d4aa893c2747d09fc2d647d6ebc4bf394da4df5aeaf9171f7595a7b2,0.8251102499998524,860.514491712108,858.5512987778426,0b2dfc134b4933b23b09350fdfe938d0af718001cb10c8fbd346fea1287df689,48000,5f3a8417ad1b5b78978f,19,"{'zstandard': '0.25.0', 'brotli': '1.2.0', 'numpy': '2.4.3'}",130735,1000,source,1777914,0.14167470800020965,4712279,27.12810340813861,1000,1d85b7b2ebab0158a33c98acd58869b348295aac13996cbb1f9268e9b8a2c73e,ok,16160,1842170,37,123122913,1
262144,1779.22,0.9666892499953974,zstd,mixed,93507269,19.84332188310582,96,575b54aa2332ad8e6e45652023cb8e286ff631a4d1721aef1d7e4bd696f3bee8,257156497,0,none,0,2.6485083351131395,53eb9cd8d4aa893c2747d09fc2d647d6ebc4bf394da4df5aeaf9171f7595a7b2,0.6865433329949155,898.0492191049274,978.2635663181555,0b2dfc134b4933b23b09350fdfe938d0af718001cb10c8fbd346fea1287df689,48000,a171154ce2ab3313e21d,19,"{'zstandard': '0.25.0', 'brotli': '1.2.0', 'numpy': '2.4.3'}",261990,1000,alphabetical,1714964,0.2730847499988158,4712279,54.571577149824954,1000,1d85b7b2ebab0158a33c98acd58869b348295aac13996cbb1f9268e9b8a2c73e,ok,16160,1779220,19,252444218,1
262144,1783.556,0.9743255840003258,zstd,mixed,93848906,19.91582119819306,96,575b54aa2332ad8e6e45652023cb8e286ff631a4d1721aef1d7e4bd696f3bee8,257446925,0,none,0,2.6420695509420504,53eb9cd8d4aa893c2747d09fc2d647d6ebc4bf394da4df5aeaf9171f7595a7b2,0.696704125002725,907.6235190460908,951.1067629872051,0b2dfc134b4933b23b09350fdfe938d0af718001cb10c8fbd346fea1287df689,48000,f21eef615c1e38430c90,19,"{'zstandard': '0.25.0', 'brotli': '1.2.0', 'numpy': '2.4.3'}",262133,1000,random,1719300,0.2705092090036487,4712279,54.63320932398103,1000,1d85b7b2ebab0158a33c98acd58869b348295aac13996cbb1f9268e9b8a2c73e,ok,16160,1783556,19,252734646,1
262144,1742.187,0.9573458750019199,zstd,mixed,91784755,19.477784528462767,96,575b54aa2332ad8e6e45652023cb8e286ff631a4d1721aef1d7e4bd696f3bee8,258135383,0,none,0,2.704806659675454,53eb9cd8d4aa893c2747d09fc2d647d6ebc4bf394da4df5aeaf9171f7595a7b2,0.6827499580031144,920.0497013644061,969.6445192822821,0b2dfc134b4933b23b09350fdfe938d0af718001cb10c8fbd346fea1287df689,48000,db09854eaebfad962520,19,"{'zstandard': '0.25.0', 'brotli': '1.2.0', 'numpy': '2.4.3'}",262051,1000,semantic,1677931,0.26756933300202945,4712279,54.77930805879703,1000,1d85b7b2ebab0158a33c98acd58869b348295aac13996cbb1f9268e9b8a2c73e,ok,16160,1742187,19,253423104,1
262144,1769.95,0.9543492079974385,zstd,mixed,93256901,19.790190903382417,96,575b54aa2332ad8e6e45652023cb8e286ff631a4d1721aef1d7e4bd696f3bee8,257858285,0,none,0,2.6623797282409107,53eb9cd8d4aa893c2747d09fc2d647d6ebc4bf394da4df5aeaf9171f7595a7b2,0.6765286250010831,908.03652198146,963.0386587916163,0b2dfc134b4933b23b09350fdfe938d0af718001cb10c8fbd346fea1287df689,48000,9ed607037b4e18b65d6a,19,"{'zstandard': '0.25.0', 'brotli': '1.2.0', 'numpy': '2.4.3'}",262011,1000,source,1705694,0.27081820799503475,4712279,54.72050466451583,1000,1d85b7b2ebab0158a33c98acd58869b348295aac13996cbb1f9268e9b8a2c73e,ok,16160,1769950,19,253146006,1
0,1983.011,4.445746582998254,brotli,thematic,1918686,0.3655853046858596,96,575b54aa2332ad8e6e45652023cb8e286ff631a4d1721aef1d7e4bd696f3bee8,5248258,0,none,0,2.6466106340307745,53eb9cd8d4aa893c2747d09fc2d647d6ebc4bf394da4df5aeaf9171f7595a7b2,4.3924259999985225,196.7134899383717,199.79756740627022,0b2dfc134b4933b23b09350fdfe938d0af718001cb10c8fbd346fea1287df689,48000,da13c4ca8d904025af0e,11,"{'zstandard': '0.25.0', 'brotli': '1.2.0', 'numpy': '2.4.3'}",8380,1000,source,1918686,0.02544375000434229,5248258,1.0,1000,e8bebdd9cf1fb47952d337130e6546f67733ca3acccae5423cf4228b06ad1766,ok,16229,1983011,1000,0,1
65536,1793.568,4.675299916001677,brotli,thematic,20813018,3.965700238059943,96,575b54aa2332ad8e6e45652023cb8e286ff631a4d1721aef1d7e4bd696f3bee8,63163599,0,none,0,2.926155016146586,53eb9cd8d4aa893c2747d09fc2d647d6ebc4bf394da4df5aeaf9171f7595a7b2,4.502015375001065,391.26895508831086,295.3873115531971,0b2dfc134b4933b23b09350fdfe938d0af718001cb10c8fbd346fea1287df689,48000,3b158b34d61921d664e9,11,"{'zstandard': '0.25.0', 'brotli': '1.2.0', 'numpy': '2.4.3'}",65390,1000,semantic,1729243,0.15395420800632564,5248258,12.035155093366217,1000,e8bebdd9cf1fb47952d337130e6546f67733ca3acccae5423cf4228b06ad1766,ok,16229,1793568,84,57915341,1
0,2530.362,0.12580170900037047,gzip,thematic,2466037,0.46987724307760786,96,575b54aa2332ad8e6e45652023cb8e286ff631a4d1721aef1d7e4bd696f3bee8,5248258,0,none,0,2.0741135062888234,53eb9cd8d4aa893c2747d09fc2d647d6ebc4bf394da4df5aeaf9171f7595a7b2,0.09831975000270177,391.95324347363453,416.5170221487449,0b2dfc134b4933b23b09350fdfe938d0af718001cb10c8fbd346fea1287df689,48000,fa7b73e3c4282f299484,9,"{'zstandard': '0.25.0', 'brotli': '1.2.0', 'numpy': '2.4.3'}",8380,1000,source,2466037,0.012769708999258,5248258,1.0,1000,e8bebdd9cf1fb47952d337130e6546f67733ca3acccae5423cf4228b06ad1766,ok,16229,2530362,1000,0,1
65536,2141.876,0.23092937500041444,gzip,thematic,25001176,4.7637094060543514,96,575b54aa2332ad8e6e45652023cb8e286ff631a4d1721aef1d7e4bd696f3bee8,63163599,0,none,0,2.450308981472317,53eb9cd8d4aa893c2747d09fc2d647d6ebc4bf394da4df5aeaf9171f7595a7b2,0.16379170800064458,1033.4246109472942,766.0227186166128,0b2dfc134b4933b23b09350fdfe938d0af718001cb10c8fbd346fea1287df689,48000,bffe9d09a358c03fd225,9,"{'zstandard': '0.25.0', 'brotli': '1.2.0', 'numpy': '2.4.3'}",65390,1000,semantic,2077551,0.05828920799831394,5248258,12.035155093366217,1000,e8bebdd9cf1fb47952d337130e6546f67733ca3acccae5423cf4228b06ad1766,ok,16229,2141876,84,57915341,1
0,2586.425,1.8575695829931647,xz,thematic,2522100,0.4805594542036615,96,575b54aa2332ad8e6e45652023cb8e286ff631a4d1721aef1d7e4bd696f3bee8,5248258,0,none,0,2.0291553012362624,53eb9cd8d4aa893c2747d09fc2d647d6ebc4bf394da4df5aeaf9171f7595a7b2,1.4302097500039963,23.49061572213366,23.666082082693354,0b2dfc134b4933b23b09350fdfe938d0af718001cb10c8fbd346fea1287df689,48000,a2bef875e2c0fcd29cf6,9,"{'zstandard': '0.25.0', 'brotli': '1.2.0', 'numpy': '2.4.3'}",8380,1000,source,2522100,0.21306929199636215,5248258,1.0,1000,e8bebdd9cf1fb47952d337130e6546f67733ca3acccae5423cf4228b06ad1766,ok,16229,2586425,1000,0,1
65536,2005.521,3.755444958995213,xz,thematic,23357084,4.450445081015453,96,575b54aa2332ad8e6e45652023cb8e286ff631a4d1721aef1d7e4bd696f3bee8,63163599,0,none,0,2.6169050336545965,53eb9cd8d4aa893c2747d09fc2d647d6ebc4bf394da4df5aeaf9171f7595a7b2,1.778219915999216,33.126753429477056,31.994533649605263,0b2dfc134b4933b23b09350fdfe938d0af718001cb10c8fbd346fea1287df689,48000,99b2ed91608195a14f09,9,"{'zstandard': '0.25.0', 'brotli': '1.2.0', 'numpy': '2.4.3'}",65390,1000,semantic,1941196,1.8183943749972968,5248258,12.035155093366217,1000,e8bebdd9cf1fb47952d337130e6546f67733ca3acccae5423cf4228b06ad1766,ok,16229,2005521,84,57915341,1
0,2572.939,0.05201170899817953,zstd,thematic,2508614,0.4779898396763269,96,575b54aa2332ad8e6e45652023cb8e286ff631a4d1721aef1d7e4bd696f3bee8,5248258,0,none,0,2.039791071611103,53eb9cd8d4aa893c2747d09fc2d647d6ebc4bf394da4df5aeaf9171f7595a7b2,0.03110608299903106,538.5068029638288,559.7456150956846,0b2dfc134b4933b23b09350fdfe938d0af718001cb10c8fbd346fea1287df689,48000,ac6900c119728b30dd65,3,"{'zstandard': '0.25.0', 'brotli': '1.2.0', 'numpy': '2.4.3'}",8380,1000,source,2508614,0.009294457995565608,5248258,1.0,1000,e8bebdd9cf1fb47952d337130e6546f67733ca3acccae5423cf4228b06ad1766,ok,16229,2572939,1000,0,1
0,2506.427,0.11876979200314963,zstd,thematic,2442102,0.4653166822210341,96,575b54aa2332ad8e6e45652023cb8e286ff631a4d1721aef1d7e4bd696f3bee8,5248258,0,none,0,2.093920150078179,53eb9cd8d4aa893c2747d09fc2d647d6ebc4bf394da4df5aeaf9171f7595a7b2,0.09769658299774164,520.807016844833,566.0229694517793,0b2dfc134b4933b23b09350fdfe938d0af718001cb10c8fbd346fea1287df689,48000,3677b233bfa4ee0fbed1,9,"{'zstandard': '0.25.0', 'brotli': '1.2.0', 'numpy': '2.4.3'}",8380,1000,source,2442102,0.009610332999727689,5248258,1.0,1000,e8bebdd9cf1fb47952d337130e6546f67733ca3acccae5423cf4228b06ad1766,ok,16229,2506427,1000,0,1
0,2486.273,0.2636648330008029,zstd,thematic,2421948,0.46147655088602735,96,575b54aa2332ad8e6e45652023cb8e286ff631a4d1721aef1d7e4bd696f3bee8,5248258,0,none,0,2.110893695101061,53eb9cd8d4aa893c2747d09fc2d647d6ebc4bf394da4df5aeaf9171f7595a7b2,0.24281237499963026,531.5463136295558,581.6704564339973,0b2dfc134b4933b23b09350fdfe938d0af718001cb10c8fbd346fea1287df689,48000,dad0730f397526947c9b,15,"{'zstandard': '0.25.0', 'brotli': '1.2.0', 'numpy': '2.4.3'}",8380,1000,source,2421948,0.00941616700583836,5248258,1.0,1000,e8bebdd9cf1fb47952d337130e6546f67733ca3acccae5423cf4228b06ad1766,ok,16229,2486273,1000,0,1
0,2477.632,0.467828417000419,zstd,thematic,2413307,0.45983009981597706,96,575b54aa2332ad8e6e45652023cb8e286ff631a4d1721aef1d7e4bd696f3bee8,5248258,0,none,0,2.1182556570144397,53eb9cd8d4aa893c2747d09fc2d647d6ebc4bf394da4df5aeaf9171f7595a7b2,0.4458345829989412,506.5556902174824,546.6725496067588,0b2dfc134b4933b23b09350fdfe938d0af718001cb10c8fbd346fea1287df689,48000,66cd406fdaa2d657e19e,19,"{'zstandard': '0.25.0', 'brotli': '1.2.0', 'numpy': '2.4.3'}",8380,1000,source,2413307,0.009880707999400329,5248258,1.0,1000,e8bebdd9cf1fb47952d337130e6546f67733ca3acccae5423cf4228b06ad1766,ok,16229,2477632,1000,0,1
0,2477.632,0.4650597499930882,zstd,thematic,2413307,0.45983009981597706,96,575b54aa2332ad8e6e45652023cb8e286ff631a4d1721aef1d7e4bd696f3bee8,5248258,0,none,0,2.1182556570144397,53eb9cd8d4aa893c2747d09fc2d647d6ebc4bf394da4df5aeaf9171f7595a7b2,0.44369783300498966,518.6796401673854,562.7375956532887,0b2dfc134b4933b23b09350fdfe938d0af718001cb10c8fbd346fea1287df689,48000,3cdeee98f0264b6ab4d9,22,"{'zstandard': '0.25.0', 'brotli': '1.2.0', 'numpy': '2.4.3'}",8380,1000,source,2413307,0.00964975000533741,5248258,1.0,1000,e8bebdd9cf1fb47952d337130e6546f67733ca3acccae5423cf4228b06ad1766,ok,16229,2477632,1000,0,1
0,2159.497,0.59309716700227,zstd,thematic,2086980,0.39765194470241366,96,575b54aa2332ad8e6e45652023cb8e286ff631a4d1721aef1d7e4bd696f3bee8,5248258,8192,global,8192,2.4303150224334646,53eb9cd8d4aa893c2747d09fc2d647d6ebc4bf394da4df5aeaf9171f7595a7b2,0.557333374999871,296.696930066691,310.9612580999977,0b2dfc134b4933b23b09350fdfe938d0af718001cb10c8fbd346fea1287df689,48000,bdf140a630bada81c562,19,"{'zstandard': '0.25.0', 'brotli': '1.2.0', 'numpy': '2.4.3'}",8380,1000,source,2086980,0.016869499995664228,5248258,1.0,1000,e8bebdd9cf1fb47952d337130e6546f67733ca3acccae5423cf4228b06ad1766,ok,16229,2159497,1000,0,1
0,2142.023,0.8497958749940153,zstd,thematic,2069506,0.39432245899496554,96,575b54aa2332ad8e6e45652023cb8e286ff631a4d1721aef1d7e4bd696f3bee8,5248258,8192,pack,8192,2.4501408248184076,53eb9cd8d4aa893c2747d09fc2d647d6ebc4bf394da4df5aeaf9171f7595a7b2,0.5462508749988046,305.08149428256144,317.5910492470969,0b2dfc134b4933b23b09350fdfe938d0af718001cb10c8fbd346fea1287df689,48000,6a0e449f63c76424f1e9,19,"{'zstandard': '0.25.0', 'brotli': '1.2.0', 'numpy': '2.4.3'}",8380,1000,source,2069506,0.01640587500151014,5248258,1.0,1000,e8bebdd9cf1fb47952d337130e6546f67733ca3acccae5423cf4228b06ad1766,ok,16229,2142023,1000,0,1
0,2101.333,0.849663833003433,zstd,thematic,2020624,0.38500851139559067,96,575b54aa2332ad8e6e45652023cb8e286ff631a4d1721aef1d7e4bd696f3bee8,5248258,16384,global,16384,2.497585104312358,53eb9cd8d4aa893c2747d09fc2d647d6ebc4bf394da4df5aeaf9171f7595a7b2,0.8137598750035977,294.4063562481546,314.156543791625,0b2dfc134b4933b23b09350fdfe938d0af718001cb10c8fbd346fea1287df689,48000,5f40835658ed31a485f0,19,"{'zstandard': '0.25.0', 'brotli': '1.2.0', 'numpy': '2.4.3'}",8380,1000,source,2020624,0.01700074999826029,5248258,1.0,1000,e8bebdd9cf1fb47952d337130e6546f67733ca3acccae5423cf4228b06ad1766,ok,16229,2101333,1000,0,1
0,2068.248,1.0787730000010924,zstd,thematic,1987539,0.37870451490761314,96,575b54aa2332ad8e6e45652023cb8e286ff631a4d1721aef1d7e4bd696f3bee8,5248258,16384,pack,16384,2.5375380515296038,53eb9cd8d4aa893c2747d09fc2d647d6ebc4bf394da4df5aeaf9171f7595a7b2,0.7805674580013147,301.004545137102,325.41600403046385,0b2dfc134b4933b23b09350fdfe938d0af718001cb10c8fbd346fea1287df689,48000,b5206d5276969ce4037d,19,"{'zstandard': '0.25.0', 'brotli': '1.2.0', 'numpy': '2.4.3'}",8380,1000,source,1987539,0.01662808399851201,5248258,1.0,1000,e8bebdd9cf1fb47952d337130e6546f67733ca3acccae5423cf4228b06ad1766,ok,16229,2068248,1000,0,1
0,2032.107,1.4641036660032114,zstd,thematic,1935014,0.3686964322257023,96,575b54aa2332ad8e6e45652023cb8e286ff631a4d1721aef1d7e4bd696f3bee8,5248258,32768,global,32768,2.58266813706168,53eb9cd8d4aa893c2747d09fc2d647d6ebc4bf394da4df5aeaf9171f7595a7b2,1.4276054579968331,291.66496381748124,300.50306459431073,0b2dfc134b4933b23b09350fdfe938d0af718001cb10c8fbd346fea1287df689,48000,2ff91c5dbe55bf7466db,19,"{'zstandard': '0.25.0', 'brotli': '1.2.0', 'numpy': '2.4.3'}",8380,1000,source,1935014,0.017160541996418033,5248258,1.0,1000,e8bebdd9cf1fb47952d337130e6546f67733ca3acccae5423cf4228b06ad1766,ok,16229,2032107,1000,0,1
0,1987.392,1.7362637920014095,zstd,thematic,1890299,0.3601764623614159,96,575b54aa2332ad8e6e45652023cb8e286ff631a4d1721aef1d7e4bd696f3bee8,5248258,32768,pack,32768,2.6407764547708754,53eb9cd8d4aa893c2747d09fc2d647d6ebc4bf394da4df5aeaf9171f7595a7b2,1.419954165998206,280.83596973046167,296.4230950138705,0b2dfc134b4933b23b09350fdfe938d0af718001cb10c8fbd346fea1287df689,48000,992f7d09e26a96f022b6,19,"{'zstandard': '0.25.0', 'brotli': '1.2.0', 'numpy': '2.4.3'}",8380,1000,source,1890299,0.017822249996243045,5248258,1.0,1000,e8bebdd9cf1fb47952d337130e6546f67733ca3acccae5423cf4228b06ad1766,ok,16229,1987392,1000,0,1
0,1985.633,3.0145972079990315,zstd,thematic,1855772,0.3535977080395057,96,575b54aa2332ad8e6e45652023cb8e286ff631a4d1721aef1d7e4bd696f3bee8,5248258,65536,global,65536,2.6431158225110076,53eb9cd8d4aa893c2747d09fc2d647d6ebc4bf394da4df5aeaf9171f7595a7b2,2.976430207992962,277.7528194776217,286.9406091938154,0b2dfc134b4933b23b09350fdfe938d0af718001cb10c8fbd346fea1287df689,48000,8ffcddc5557caea582e5,19,"{'zstandard': '0.25.0', 'brotli': '1.2.0', 'numpy': '2.4.3'}",8380,1000,source,1855772,0.018020083000010345,5248258,1.0,1000,e8bebdd9cf1fb47952d337130e6546f67733ca3acccae5423cf4228b06ad1766,ok,16229,1985633,1000,0,1
0,1935.952,3.2984667499986244,zstd,thematic,1806091,0.34413151944892956,96,575b54aa2332ad8e6e45652023cb8e286ff631a4d1721aef1d7e4bd696f3bee8,5248258,65536,pack,65536,2.710944279610238,53eb9cd8d4aa893c2747d09fc2d647d6ebc4bf394da4df5aeaf9171f7595a7b2,3.007850875001168,273.81915646560986,290.12997775035626,0b2dfc134b4933b23b09350fdfe938d0af718001cb10c8fbd346fea1287df689,48000,721f1939865cb769ecb6,19,"{'zstandard': '0.25.0', 'brotli': '1.2.0', 'numpy': '2.4.3'}",8380,1000,source,1806091,0.018278957999427803,5248258,1.0,1000,e8bebdd9cf1fb47952d337130e6546f67733ca3acccae5423cf4228b06ad1766,ok,16229,1935952,1000,0,1
16384,2301.729,0.5798183340011747,zstd,thematic,5820597,1.1090531372504935,96,575b54aa2332ad8e6e45652023cb8e286ff631a4d1721aef1d7e4bd696f3bee8,13676226,0,none,0,2.28013723596479,53eb9cd8d4aa893c2747d09fc2d647d6ebc4bf394da4df5aeaf9171f7595a7b2,0.54826737500116,628.3123809163393,636.1373741856493,0b2dfc134b4933b23b09350fdfe938d0af718001cb10c8fbd346fea1287df689,48000,7c6e4ac4d102868009ac,19,"{'zstandard': '0.25.0', 'brotli': '1.2.0', 'numpy': '2.4.3'}",16345,1000,alphabetical,2237404,0.02075825000065379,5248258,2.6058600777629453,1000,e8bebdd9cf1fb47952d337130e6546f67733ca3acccae5423cf4228b06ad1766,ok,16229,2301729,392,8427968,1
16384,2314.875,0.5735012910008663,zstd,thematic,5920892,1.128163287704225,96,575b54aa2332ad8e6e45652023cb8e286ff631a4d1721aef1d7e4bd696f3bee8,13829399,0,none,0,2.2671885090987636,53eb9cd8d4aa893c2747d09fc2d647d6ebc4bf394da4df5aeaf9171f7595a7b2,0.5420134589949157,629.226399274711,628.0682774691564,0b2dfc134b4933b23b09350fdfe938d0af718001cb10c8fbd346fea1287df689,48000,768954fbe1cc3209c037,19,"{'zstandard': '0.25.0', 'brotli': '1.2.0', 'numpy': '2.4.3'}",16371,1000,random,2250550,0.020960250003554393,5248258,2.6350455713114713,1000,e8bebdd9cf1fb47952d337130e6546f67733ca3acccae5423cf4228b06ad1766,ok,16229,2314875,388,8581141,1
16384,2292.527,0.5719242499981192,zstd,thematic,5777020,1.100750001238506,96,575b54aa2332ad8e6e45652023cb8e286ff631a4d1721aef1d7e4bd696f3bee8,13634568,0,none,0,2.2892895045510913,53eb9cd8d4aa893c2747d09fc2d647d6ebc4bf394da4df5aeaf9171f7595a7b2,0.5402744589955546,634.1401229572974,620.3359170602603,0b2dfc134b4933b23b09350fdfe938d0af718001cb10c8fbd346fea1287df689,48000,2f0fa9a73c607a06121f,19,"{'zstandard': '0.25.0', 'brotli': '1.2.0', 'numpy': '2.4.3'}",16367,1000,semantic,2228202,0.020504832995356992,5248258,2.5979225868850198,1000,e8bebdd9cf1fb47952d337130e6546f67733ca3acccae5423cf4228b06ad1766,ok,16229,2292527,393,8386310,1
16384,2301.11,0.5802204579958925,zstd,thematic,5865869,1.1176792375679703,96,575b54aa2332ad8e6e45652023cb8e286ff631a4d1721aef1d7e4bd696f3bee8,13791770,0,none,0,2.2807505942784134,53eb9cd8d4aa893c2747d09fc2d647d6ebc4bf394da4df5aeaf9171f7595a7b2,0.5492785000024014,647.1774640079227,642.5653139448534,0b2dfc134b4933b23b09350fdfe938d0af718001cb10c8fbd346fea1287df689,48000,af81ce0dd48a403ec443,19,"{'zstandard': '0.25.0', 'brotli': '1.2.0', 'numpy': '2.4.3'}",16383,1000,source,2236785,0.020323415999882855,5248258,2.627875763729603,1000,e8bebdd9cf1fb47952d337130e6546f67733ca3acccae5423cf4228b06ad1766,ok,16229,2301110,389,8543512,1
32768,2168.364,0.7134226249982021,zstd,thematic,12073077,2.3003970079214855,96,575b54aa2332ad8e6e45652023cb8e286ff631a4d1721aef1d7e4bd696f3bee8,30127184,0,none,0,2.4203768370993064,53eb9cd8d4aa893c2747d09fc2d647d6ebc4bf394da4df5aeaf9171f7595a7b2,0.668670083003235,794.7019506745107,801.0609361079117,0b2dfc134b4933b23b09350fdfe938d0af718001cb10c8fbd346fea1287df689,48000,943d68b4a74859f42013,19,"{'zstandard': '0.25.0', 'brotli': '1.2.0', 'numpy': '2.4.3'}",32767,1000,alphabetical,2104039,0.03615383299620589,5248258,5.7404159627823175,1000,e8bebdd9cf1fb47952d337130e6546f67733ca3acccae5423cf4228b06ad1766,ok,16229,2168364,175,24878926,1
32768,2190.846,0.6763120000032359,zstd,thematic,12208296,2.3261615568441947,96,575b54aa2332ad8e6e45652023cb8e286ff631a4d1721aef1d7e4bd696f3bee8,30147128,0,none,0,2.3955394400154097,53eb9cd8d4aa893c2747d09fc2d647d6ebc4bf394da4df5aeaf9171f7595a7b2,0.6274009159969864,721.994467444491,789.3746841657772,0b2dfc134b4933b23b09350fdfe938d0af718001cb10c8fbd346fea1287df689,48000,9acc04f9497909d509f0,19,"{'zstandard': '0.25.0', 'brotli': '1.2.0', 'numpy': '2.4.3'}",32746,1000,random,2126521,0.039820999998482876,5248258,5.744216080840538,1000,e8bebdd9cf1fb47952d337130e6546f67733ca3acccae5423cf4228b06ad1766,ok,16229,2190846,175,24898870,1
32768,2148.895,0.6967323339995346,zstd,thematic,11973495,2.281422712069414,96,575b54aa2332ad8e6e45652023cb8e286ff631a4d1721aef1d7e4bd696f3bee8,30156468,0,none,0,2.4423054639710178,53eb9cd8d4aa893c2747d09fc2d647d6ebc4bf394da4df5aeaf9171f7595a7b2,0.6499636670050677,758.727759212344,794.7381371204888,0b2dfc134b4933b23b09350fdfe938d0af718001cb10c8fbd346fea1287df689,48000,c3e665805b1512b2f746,19,"{'zstandard': '0.25.0', 'brotli': '1.2.0', 'numpy': '2.4.3'}",32740,1000,semantic,2084570,0.037904832999629434,5248258,5.7459957189604625,1000,e8bebdd9cf1fb47952d337130e6546f67733ca3acccae5423cf4228b06ad1766,ok,16229,2148895,175,24908210,1
32768,2170.932,0.6900278750035795,zstd,thematic,12078718,2.301471840751731,96,575b54aa2332ad8e6e45652023cb8e286ff631a4d1721aef1d7e4bd696f3bee8,30114638,0,none,0,2.417513768280167,53eb9cd8d4aa893c2747d09fc2d647d6ebc4bf394da4df5aeaf9171f7595a7b2,0.6449022910019266,783.1369259868503,831.8542378817995,0b2dfc134b4933b23b09350fdfe938d0af718001cb10c8fbd346fea1287df689,48000,b8a495d420478b03c785,19,"{'zstandard': '0.25.0', 'brotli': '1.2.0', 'numpy': '2.4.3'}",32755,1000,source,2106607,0.03667245899850968,5248258,5.738025455303455,1000,e8bebdd9cf1fb47952d337130e6546f67733ca3acccae5423cf4228b06ad1766,ok,16229,2170932,175,24866380,1
65536,2060.398,0.8176416249989416,zstd,thematic,23854165,4.545158603102211,96,575b54aa2332ad8e6e45652023cb8e286ff631a4d1721aef1d7e4bd696f3bee8,62751496,0,none,0,2.547205928175042,53eb9cd8d4aa893c2747d09fc2d647d6ebc4bf394da4df5aeaf9171f7595a7b2,0.739972208000836,865.2220641453498,817.7814038548217,0b2dfc134b4933b23b09350fdfe938d0af718001cb10c8fbd346fea1287df689,48000,0b91218de3b8ada78f6e,19,"{'zstandard': '0.25.0', 'brotli': '1.2.0', 'numpy': '2.4.3'}",65406,1000,alphabetical,1996073,0.06916662499861559,5248258,11.956633229540163,1000,e8bebdd9cf1fb47952d337130e6546f67733ca3acccae5423cf4228b06ad1766,ok,16229,2060398,84,57503238,1
65536,2083.866,0.8015065409999806,zstd,thematic,24080465,4.588277672324798,96,575b54aa2332ad8e6e45652023cb8e286ff631a4d1721aef1d7e4bd696f3bee8,62586940,0,none,0,2.518519904830733,53eb9cd8d4aa893c2747d09fc2d647d6ebc4bf394da4df5aeaf9171f7595a7b2,0.7247824580044835,870.5177525971013,873.2604353472055,0b2dfc134b4933b23b09350fdfe938d0af718001cb10c8fbd346fea1287df689,48000,cba76728476b731e83ae,19,"{'zstandard': '0.25.0', 'brotli': '1.2.0', 'numpy': '2.4.3'}",65467,1000,random,2019541,0.06856558300205506,5248258,11.925278825850405,1000,e8bebdd9cf1fb47952d337130e6546f67733ca3acccae5423cf4228b06ad1766,ok,16229,2083866,84,57338682,1
65536,2031.102,0.8433762920030858,zstd,thematic,23666807,4.509459519711112,96,575b54aa2332ad8e6e45652023cb8e286ff631a4d1721aef1d7e4bd696f3bee8,63163599,0,none,0,2.583946054900246,53eb9cd8d4aa893c2747d09fc2d647d6ebc4bf394da4df5aeaf9171f7595a7b2,0.7533777500066208,869.1600845680373,885.4652913936045,0b2dfc134b4933b23b09350fdfe938d0af718001cb10c8fbd346fea1287df689,48000,577bc101b9ee4c191894,19,"{'zstandard': '0.25.0', 'brotli': '1.2.0', 'numpy': '2.4.3'}",65390,1000,semantic,1966777,0.06930541699694004,5248258,12.035155093366217,1000,e8bebdd9cf1fb47952d337130e6546f67733ca3acccae5423cf4228b06ad1766,ok,16229,2031102,84,57915341,1
65536,2061.964,0.8162500420003198,zstd,thematic,23834279,4.5413695363299595,96,575b54aa2332ad8e6e45652023cb8e286ff631a4d1721aef1d7e4bd696f3bee8,62655774,0,none,0,2.5452714014405684,53eb9cd8d4aa893c2747d09fc2d647d6ebc4bf394da4df5aeaf9171f7595a7b2,0.7388364170037676,860.8922335662209,878.6838128433295,0b2dfc134b4933b23b09350fdfe938d0af718001cb10c8fbd346fea1287df689,48000,c8fb294216c04f3660d4,19,"{'zstandard': '0.25.0', 'brotli': '1.2.0', 'numpy': '2.4.3'}",65485,1000,source,1997639,0.06940845800272655,5248258,11.938394415823307,1000,e8bebdd9cf1fb47952d337130e6546f67733ca3acccae5423cf4228b06ad1766,ok,16229,2061964,84,57407516,1
131072,1956.665,1.0807272080055554,zstd,thematic,46169135,8.797039893999113,96,575b54aa2332ad8e6e45652023cb8e286ff631a4d1721aef1d7e4bd696f3bee8,128057205,0,none,0,2.682246577722809,53eb9cd8d4aa893c2747d09fc2d647d6ebc4bf394da4df5aeaf9171f7595a7b2,0.9318564999994123,871.3423004239132,793.4521768884116,0b2dfc134b4933b23b09350fdfe938d0af718001cb10c8fbd346fea1287df689,48000,6ee1e447a125de01b876,19,"{'zstandard': '0.25.0', 'brotli': '1.2.0', 'numpy': '2.4.3'}",130628,1000,alphabetical,1892340,0.14015716599533334,5248258,24.39994470546227,1000,e8bebdd9cf1fb47952d337130e6546f67733ca3acccae5423cf4228b06ad1766,ok,16229,1956665,41,122808947,1
131072,1978.449,1.1175591250066645,zstd,thematic,46720610,8.90211761693118,96,575b54aa2332ad8e6e45652023cb8e286ff631a4d1721aef1d7e4bd696f3bee8,128119269,0,none,0,2.6527133122966524,53eb9cd8d4aa893c2747d09fc2d647d6ebc4bf394da4df5aeaf9171f7595a7b2,0.968606209004065,869.1092959349943,861.9501202798149,0b2dfc134b4933b23b09350fdfe938d0af718001cb10c8fbd346fea1287df689,48000,d3b93d0ae236908526ec,19,"{'zstandard': '0.25.0', 'brotli': '1.2.0', 'numpy': '2.4.3'}",131015,1000,random,1914124,0.14058537499658996,5248258,24.411770343607344,1000,e8bebdd9cf1fb47952d337130e6546f67733ca3acccae5423cf4228b06ad1766,ok,16229,1978449,41,122871011,1
131072,1924.461,1.0858057500008726,zstd,thematic,45389348,8.648459736544964,96,575b54aa2332ad8e6e45652023cb8e286ff631a4d1721aef1d7e4bd696f3bee8,128046023,0,none,0,2.7271313889967113,53eb9cd8d4aa893c2747d09fc2d647d6ebc4bf394da4df5aeaf9171f7595a7b2,0.9398151249988587,886.1534959530703,992.7035411880731,0b2dfc134b4933b23b09350fdfe938d0af718001cb10c8fbd346fea1287df689,48000,e7e66f0eea83de9bde51,19,"{'zstandard': '0.25.0', 'brotli': '1.2.0', 'numpy': '2.4.3'}",131039,1000,semantic,1860136,0.13780254099401645,5248258,24.397814093743104,1000,e8bebdd9cf1fb47952d337130e6546f67733ca3acccae5423cf4228b06ad1766,ok,16229,1924461,41,122797765,1
131072,1957.821,1.056505250002374,zstd,thematic,46195113,8.801989726876995,96,575b54aa2332ad8e6e45652023cb8e286ff631a4d1721aef1d7e4bd696f3bee8,128091782,0,none,0,2.6806628389418643,53eb9cd8d4aa893c2747d09fc2d647d6ebc4bf394da4df5aeaf9171f7595a7b2,0.9064719999951194,863.1713425511895,808.4034424864569,0b2dfc134b4933b23b09350fdfe938d0af718001cb10c8fbd346fea1287df689,48000,66af7f739b885116f871,19,"{'zstandard': '0.25.0', 'brotli': '1.2.0', 'numpy': '2.4.3'}",130972,1000,source,1893496,0.14152212499902816,5248258,24.406532986754844,1000,e8bebdd9cf1fb47952d337130e6546f67733ca3acccae5423cf4228b06ad1766,ok,16229,1957821,41,122843524,1
262144,1867.15,1.153251249997993,zstd,thematic,87903227,16.749029296959105,96,575b54aa2332ad8e6e45652023cb8e286ff631a4d1721aef1d7e4bd696f3bee8,256221621,0,none,0,2.8108389791928876,53eb9cd8d4aa893c2747d09fc2d647d6ebc4bf394da4df5aeaf9171f7595a7b2,0.8890175000051386,954.1969204662489,860.665514356064,0b2dfc134b4933b23b09350fdfe938d0af718001cb10c8fbd346fea1287df689,48000,40b0e8e575625a85a45c,19,"{'zstandard': '0.25.0', 'brotli': '1.2.0', 'numpy': '2.4.3'}",261587,1000,alphabetical,1802825,0.25608129099418875,5248258,48.82031733196043,1000,e8bebdd9cf1fb47952d337130e6546f67733ca3acccae5423cf4228b06ad1766,ok,16229,1867150,21,250973363,1
262144,1885.964,1.0530932920009946,zstd,thematic,88973286,16.952917710981435,96,575b54aa2332ad8e6e45652023cb8e286ff631a4d1721aef1d7e4bd696f3bee8,256645083,0,none,0,2.782798611214212,53eb9cd8d4aa893c2747d09fc2d647d6ebc4bf394da4df5aeaf9171f7595a7b2,0.7849347500014119,939.5871042493859,964.890618972521,0b2dfc134b4933b23b09350fdfe938d0af718001cb10c8fbd346fea1287df689,48000,ab6f84ece7ade890272c,19,"{'zstandard': '0.25.0', 'brotli': '1.2.0', 'numpy': '2.4.3'}",261618,1000,random,1821639,0.260492958004761,5248258,48.901003532981804,1000,e8bebdd9cf1fb47952d337130e6546f67733ca3acccae5423cf4228b06ad1766,ok,16229,1885964,21,251396825,1
262144,1834.474,1.0572509999983595,zstd,thematic,86394932,16.461639652623784,96,575b54aa2332ad8e6e45652023cb8e286ff631a4d1721aef1d7e4bd696f3bee8,256366501,0,none,0,2.8609061780106995,53eb9cd8d4aa893c2747d09fc2d647d6ebc4bf394da4df5aeaf9171f7595a7b2,0.7965578750008717,964.2315415578643,1039.2530310609386,0b2dfc134b4933b23b09350fdfe938d0af718001cb10c8fbd346fea1287df689,48000,a7110e03bd3c95608050,19,"{'zstandard': '0.25.0', 'brotli': '1.2.0', 'numpy': '2.4.3'}",262106,1000,semantic,1770149,0.25355958299769554,5248258,48.847922682154724,1000,e8bebdd9cf1fb47952d337130e6546f67733ca3acccae5423cf4228b06ad1766,ok,16229,1834474,21,251118243,1
262144,1866.398,1.0712390420012525,zstd,thematic,88260482,16.817100455046226,96,575b54aa2332ad8e6e45652023cb8e286ff631a4d1721aef1d7e4bd696f3bee8,257366779,0,none,0,2.811971508756439,53eb9cd8d4aa893c2747d09fc2d647d6ebc4bf394da4df5aeaf9171f7595a7b2,0.8023843330011005,937.8856446392587,1022.6983868241739,0b2dfc134b4933b23b09350fdfe938d0af718001cb10c8fbd346fea1287df689,48000,34e7f2bde2df7e081b5d,19,"{'zstandard': '0.25.0', 'brotli': '1.2.0', 'numpy': '2.4.3'}",262123,1000,source,1802073,0.2616993750052643,5248258,49.03851506537979,1000,e8bebdd9cf1fb47952d337130e6546f67733ca3acccae5423cf4228b06ad1766,ok,16229,1866398,21,252118521,1
0,1826.252,10.490382417003275,brotli,mixed,4405137,0.3706818693397566,96,575b54aa2332ad8e6e45652023cb8e286ff631a4d1721aef1d7e4bd696f3bee8,11883875,0,none,0,2.6028992712944325,53eb9cd8d4aa893c2747d09fc2d647d6ebc4bf394da4df5aeaf9171f7595a7b2,10.36333441700117,185.24833414918788,192.544917963398,0b2dfc134b4933b23b09350fdfe938d0af718001cb10c8fbd346fea1287df689,120000,9ed97295663c1cea6296,11,"{'zstandard': '0.25.0', 'brotli': '1.2.0', 'numpy': '2.4.3'}",8192,2500,source,4405137,0.061179208001703955,11883875,1.0,2500,cd10e828862e91a69cec56e0a0c62d5ab41d87aa91eccc18ed5118c65bb3036d,ok,40397,4565630,2500,0,1
65536,1679.9432,10.755235333002929,brotli,mixed,53501394,4.502015882866489,96,575b54aa2332ad8e6e45652023cb8e286ff631a4d1721aef1d7e4bd696f3bee8,157445405,0,none,0,2.829589714699878,53eb9cd8d4aa893c2747d09fc2d647d6ebc4bf394da4df5aeaf9171f7595a7b2,10.293635791997076,361.22679601255345,280.03046874835013,0b2dfc134b4933b23b09350fdfe938d0af718001cb10c8fbd346fea1287df689,120000,7bbdb9129594c4ff0a5d,11,"{'zstandard': '0.25.0', 'brotli': '1.2.0', 'numpy': '2.4.3'}",65535,2500,semantic,4039365,0.4156713749980554,11883875,13.248658791850302,2500,cd10e828862e91a69cec56e0a0c62d5ab41d87aa91eccc18ed5118c65bb3036d,ok,40397,4199858,189,145561530,1
0,2317.1076,0.2956591660040431,gzip,mixed,5632276,0.4739427164960924,96,575b54aa2332ad8e6e45652023cb8e286ff631a4d1721aef1d7e4bd696f3bee8,11883875,0,none,0,2.0515016221085287,53eb9cd8d4aa893c2747d09fc2d647d6ebc4bf394da4df5aeaf9171f7595a7b2,0.2278387920014211,365.4439785613853,387.2077932911899,0b2dfc134b4933b23b09350fdfe938d0af718001cb10c8fbd346fea1287df689,120000,3d6f6b8f2bf97557f26f,9,"{'zstandard': '0.25.0', 'brotli': '1.2.0', 'numpy': '2.4.3'}",8192,2500,source,5632276,0.03101254099601647,11883875,1.0,2500,cd10e828862e91a69cec56e0a0c62d5ab41d87aa91eccc18ed5118c65bb3036d,ok,40397,5792769,2500,0,1
65536,2002.176,0.5624617089997628,gzip,mixed,64147732,5.397880068580324,96,575b54aa2332ad8e6e45652023cb8e286ff631a4d1721aef1d7e4bd696f3bee8,157445405,0,none,0,2.3741918792353918,53eb9cd8d4aa893c2747d09fc2d647d6ebc4bf394da4df5aeaf9171f7595a7b2,0.38637554200249724,975.0496890961617,694.9029763136587,0b2dfc134b4933b23b09350fdfe938d0af718001cb10c8fbd346fea1287df689,120000,6cb14ba5ac3eec8462c2,9,"{'zstandard': '0.25.0', 'brotli': '1.2.0', 'numpy': '2.4.3'}",65535,2500,semantic,4844947,0.15399383299518377,11883875,13.248658791850302,2500,cd10e828862e91a69cec56e0a0c62d5ab41d87aa91eccc18ed5118c65bb3036d,ok,40397,5005440,189,145561530,1
0,2373.81,4.28345737500058,xz,mixed,5774032,0.4858711489307991,96,575b54aa2332ad8e6e45652023cb8e286ff631a4d1721aef1d7e4bd696f3bee8,11883875,0,none,0,2.0024980937817265,53eb9cd8d4aa893c2747d09fc2d647d6ebc4bf394da4df5aeaf9171f7595a7b2,3.3014162910039886,23.212905920203404,23.283707106980234,0b2dfc134b4933b23b09350fdfe938d0af718001cb10c8fbd346fea1287df689,120000,aa74d3e78d4d168c66d8,9,"{'zstandard': '0.25.0', 'brotli': '1.2.0', 'numpy': '2.4.3'}",8192,2500,source,5774032,0.48823470899515087,11883875,1.0,2500,cd10e828862e91a69cec56e0a0c62d5ab41d87aa91eccc18ed5118c65bb3036d,ok,40397,5934525,2500,0,1
65536,1877.1588,9.052738874997885,xz,mixed,60006196,5.049379600509093,96,575b54aa2332ad8e6e45652023cb8e286ff631a4d1721aef1d7e4bd696f3bee8,157445405,0,none,0,2.5323110649988694,53eb9cd8d4aa893c2747d09fc2d647d6ebc4bf394da4df5aeaf9171f7595a7b2,3.9405185829964466,31.68670766297137,30.79143668572829,0b2dfc134b4933b23b09350fdfe938d0af718001cb10c8fbd346fea1287df689,120000,63143cd35edd087f36bb,9,"{'zstandard': '0.25.0', 'brotli': '1.2.0', 'numpy': '2.4.3'}",65535,2500,semantic,4532404,4.7386317499986035,11883875,13.248658791850302,2500,cd10e828862e91a69cec56e0a0c62d5ab41d87aa91eccc18ed5118c65bb3036d,ok,40397,4692897,189,145561530,1
0,2361.6856,0.12234583400277188,zstd,mixed,5743721,0.483320549904808,96,575b54aa2332ad8e6e45652023cb8e286ff631a4d1721aef1d7e4bd696f3bee8,11883875,0,none,0,2.012778500237288,53eb9cd8d4aa893c2747d09fc2d647d6ebc4bf394da4df5aeaf9171f7595a7b2,0.07329875000141328,517.0213985522072,544.5353592843984,0b2dfc134b4933b23b09350fdfe938d0af718001cb10c8fbd346fea1287df689,120000,1aaaf646aed4151cc085,3,"{'zstandard': '0.25.0', 'brotli': '1.2.0', 'numpy': '2.4.3'}",8192,2500,source,5743721,0.021920458995737135,11883875,1.0,2500,cd10e828862e91a69cec56e0a0c62d5ab41d87aa91eccc18ed5118c65bb3036d,ok,40397,5904214,2500,0,1
0,2303.464,0.2756813329979195,zstd,mixed,5598167,0.4710725247446645,96,575b54aa2332ad8e6e45652023cb8e286ff631a4d1721aef1d7e4bd696f3bee8,11883875,0,none,0,2.0636528289567364,53eb9cd8d4aa893c2747d09fc2d647d6ebc4bf394da4df5aeaf9171f7595a7b2,0.2260145000036573,508.17147158630195,539.7495495401231,0b2dfc134b4933b23b09350fdfe938d0af718001cb10c8fbd346fea1287df689,120000,d49ef3f29ecfc2dc912e,9,"{'zstandard': '0.25.0', 'brotli': '1.2.0', 'numpy': '2.4.3'}",8192,2500,source,5598167,0.02230220899946289,11883875,1.0,2500,cd10e828862e91a69cec56e0a0c62d5ab41d87aa91eccc18ed5118c65bb3036d,ok,40397,5758660,2500,0,1
0,2283.8776,0.6016353339946363,zstd,mixed,5549201,0.4669521515498943,96,575b54aa2332ad8e6e45652023cb8e286ff631a4d1721aef1d7e4bd696f3bee8,11883875,0,none,0,2.0813505942700257,53eb9cd8d4aa893c2747d09fc2d647d6ebc4bf394da4df5aeaf9171f7595a7b2,0.5524770829943009,515.7792481563006,541.3232407664909,0b2dfc134b4933b23b09350fdfe938d0af718001cb10c8fbd346fea1287df689,120000,45499802c81fbc52b380,15,"{'zstandard': '0.25.0', 'brotli': '1.2.0', 'numpy': '2.4.3'}",8192,2500,source,5549201,0.021973250004521105,11883875,1.0,2500,cd10e828862e91a69cec56e0a0c62d5ab41d87aa91eccc18ed5118c65bb3036d,ok,40397,5709694,2500,0,1
0,2276.2412,1.0244943750003586,zstd,mixed,5530110,0.46534568901137047,96,575b54aa2332ad8e6e45652023cb8e286ff631a4d1721aef1d7e4bd696f3bee8,11883875,0,none,0,2.0883331696131324,53eb9cd8d4aa893c2747d09fc2d647d6ebc4bf394da4df5aeaf9171f7595a7b2,0.9742936249967897,503.42831478569923,539.4573075706458,0b2dfc134b4933b23b09350fdfe938d0af718001cb10c8fbd346fea1287df689,120000,ba4e560896fcac8bf4d6,19,"{'zstandard': '0.25.0', 'brotli': '1.2.0', 'numpy': '2.4.3'}",8192,2500,source,5530110,0.022512333998747636,11883875,1.0,2500,cd10e828862e91a69cec56e0a0c62d5ab41d87aa91eccc18ed5118c65bb3036d,ok,40397,5690603,2500,0,1
0,2276.2412,1.0341184999997495,zstd,mixed,5530110,0.46534568901137047,96,575b54aa2332ad8e6e45652023cb8e286ff631a4d1721aef1d7e4bd696f3bee8,11883875,0,none,0,2.0883331696131324,53eb9cd8d4aa893c2747d09fc2d647d6ebc4bf394da4df5aeaf9171f7595a7b2,0.9823225000000093,490.51488294075824,515.5934789668557,0b2dfc134b4933b23b09350fdfe938d0af718001cb10c8fbd346fea1287df689,120000,59a4a19983a6139e57f8,22,"{'zstandard': '0.25.0', 'brotli': '1.2.0', 'numpy': '2.4.3'}",8192,2500,source,5530110,0.023104999992938247,11883875,1.0,2500,cd10e828862e91a69cec56e0a0c62d5ab41d87aa91eccc18ed5118c65bb3036d,ok,40397,5690603,2500,0,1
0,1992.6904,1.2883182919977116,zstd,mixed,4813041,0.40500602707450223,96,575b54aa2332ad8e6e45652023cb8e286ff631a4d1721aef1d7e4bd696f3bee8,11883875,8192,global,8192,2.38549350164983,53eb9cd8d4aa893c2747d09fc2d647d6ebc4bf394da4df5aeaf9171f7595a7b2,1.2058594589980203,291.9137937247295,303.51046590342844,0b2dfc134b4933b23b09350fdfe938d0af718001cb10c8fbd346fea1287df689,120000,8dffdd6e39267b671296,19,"{'zstandard': '0.25.0', 'brotli': '1.2.0', 'numpy': '2.4.3'}",8192,2500,source,4813041,0.03882429200166371,11883875,1.0,2500,cd10e828862e91a69cec56e0a0c62d5ab41d87aa91eccc18ed5118c65bb3036d,ok,40397,4981726,2500,0,1
0,1990.5132,1.9024769999959972,zstd,mixed,4807598,0.40454801148615244,96,575b54aa2332ad8e6e45652023cb8e286ff631a4d1721aef1d7e4bd696f3bee8,11883875,8192,pack,8192,2.388102726472751,53eb9cd8d4aa893c2747d09fc2d647d6ebc4bf394da4df5aeaf9171f7595a7b2,1.2104736249966663,294.1730154655154,304.6946590943634,0b2dfc134b4933b23b09350fdfe938d0af718001cb10c8fbd346fea1287df689,120000,124dd5932d3143c72cc7,19,"{'zstandard': '0.25.0', 'brotli': '1.2.0', 'numpy': '2.4.3'}",8192,2500,source,4807598,0.0385261250048643,11883875,1.0,2500,cd10e828862e91a69cec56e0a0c62d5ab41d87aa91eccc18ed5118c65bb3036d,ok,40397,4976283,2500,0,1
0,1942.456,1.747222750003857,zstd,mixed,4679263,0.39374892448801424,96,575b54aa2332ad8e6e45652023cb8e286ff631a4d1721aef1d7e4bd696f3bee8,11883875,16384,global,16384,2.4471854188717788,53eb9cd8d4aa893c2747d09fc2d647d6ebc4bf394da4df5aeaf9171f7595a7b2,1.6651110000020708,292.01909549291196,306.59323206877156,0b2dfc134b4933b23b09350fdfe938d0af718001cb10c8fbd346fea1287df689,120000,87412fb08ea19e99b860,19,"{'zstandard': '0.25.0', 'brotli': '1.2.0', 'numpy': '2.4.3'}",8192,2500,source,4679263,0.038810292004200164,11883875,1.0,2500,cd10e828862e91a69cec56e0a0c62d5ab41d87aa91eccc18ed5118c65bb3036d,ok,40397,4856140,2500,0,1
0,1941.1836,2.365864416999102,zstd,mixed,4676082,0.39348125085462443,96,575b54aa2332ad8e6e45652023cb8e286ff631a4d1721aef1d7e4bd696f3bee8,11883875,16384,pack,16384,2.4487894911125356,53eb9cd8d4aa893c2747d09fc2d647d6ebc4bf394da4df5aeaf9171f7595a7b2,1.6990817499972763,292.0689522851985,305.99033074859767,0b2dfc134b4933b23b09350fdfe938d0af718001cb10c8fbd346fea1287df689,120000,f71278a8b9d9a189e75d,19,"{'zstandard': '0.25.0', 'brotli': '1.2.0', 'numpy': '2.4.3'}",8192,2500,source,4676082,0.03880366700468585,11883875,1.0,2500,cd10e828862e91a69cec56e0a0c62d5ab41d87aa91eccc18ed5118c65bb3036d,ok,40397,4852959,2500,0,1
0,1876.4532,3.3745173749994137,zstd,mixed,4497872,0.37848530045965645,96,575b54aa2332ad8e6e45652023cb8e286ff631a4d1721aef1d7e4bd696f3bee8,11883875,32768,global,32768,2.533263286289261,53eb9cd8d4aa893c2747d09fc2d647d6ebc4bf394da4df5aeaf9171f7595a7b2,3.284872167001595,266.1920053645783,279.86622855678354,0b2dfc134b4933b23b09350fdfe938d0af718001cb10c8fbd346fea1287df689,120000,32b46cad2e9c6d3d2978,19,"{'zstandard': '0.25.0', 'brotli': '1.2.0', 'numpy': '2.4.3'}",8192,2500,source,4497872,0.04257583300204715,11883875,1.0,2500,cd10e828862e91a69cec56e0a0c62d5ab41d87aa91eccc18ed5118c65bb3036d,ok,40397,4691133,2500,0,1
0,1874.9236,3.876836709001509,zstd,mixed,4494048,0.37816351989565694,96,575b54aa2332ad8e6e45652023cb8e286ff631a4d1721aef1d7e4bd696f3bee8,11883875,32768,pack,32768,2.535329972911963,53eb9cd8d4aa893c2747d09fc2d647d6ebc4bf394da4df5aeaf9171f7595a7b2,3.2170677090034587,276.5166593969534,284.65731571780657,0b2dfc134b4933b23b09350fdfe938d0af718001cb10c8fbd346fea1287df689,120000,46a08ef6d240ebfc3fe2,19,"{'zstandard': '0.25.0', 'brotli': '1.2.0', 'numpy': '2.4.3'}",8192,2500,source,4494048,0.04098612500092713,11883875,1.0,2500,cd10e828862e91a69cec56e0a0c62d5ab41d87aa91eccc18ed5118c65bb3036d,ok,40397,4687309,2500,0,1
0,1821.4784,7.043891749999602,zstd,mixed,4327667,0.36416295189910697,96,575b54aa2332ad8e6e45652023cb8e286ff631a4d1721aef1d7e4bd696f3bee8,11883875,65536,global,65536,2.609720763090026,53eb9cd8d4aa893c2747d09fc2d647d6ebc4bf394da4df5aeaf9171f7595a7b2,6.952924624994921,265.6574749130775,275.0325444019093,0b2dfc134b4933b23b09350fdfe938d0af718001cb10c8fbd346fea1287df689,120000,d1c2ec68012d38eaa671,19,"{'zstandard': '0.25.0', 'brotli': '1.2.0', 'numpy': '2.4.3'}",8192,2500,source,4327667,0.042661500003305264,11883875,1.0,2500,cd10e828862e91a69cec56e0a0c62d5ab41d87aa91eccc18ed5118c65bb3036d,ok,40397,4553696,2500,0,1
0,1814.5188,7.90572487499594,zstd,mixed,4310268,0.3626988671624365,96,575b54aa2332ad8e6e45652023cb8e286ff631a4d1721aef1d7e4bd696f3bee8,11883875,65536,pack,65536,2.6197303659791236,53eb9cd8d4aa893c2747d09fc2d647d6ebc4bf394da4df5aeaf9171f7595a7b2,7.209449417001451,259.9376463920432,269.4521063818642,0b2dfc134b4933b23b09350fdfe938d0af718001cb10c8fbd346fea1287df689,120000,170853919509867f0bce,19,"{'zstandard': '0.25.0', 'brotli': '1.2.0', 'numpy': '2.4.3'}",8192,2500,source,4310268,0.04360024999914458,11883875,1.0,2500,cd10e828862e91a69cec56e0a0c62d5ab41d87aa91eccc18ed5118c65bb3036d,ok,40397,4536297,2500,0,1
16384,2119.78,1.2536693750007544,zstd,mixed,15107780,1.2712839877565187,96,575b54aa2332ad8e6e45652023cb8e286ff631a4d1721aef1d7e4bd696f3bee8,34964367,0,none,0,2.2424732755285928,53eb9cd8d4aa893c2747d09fc2d647d6ebc4bf394da4df5aeaf9171f7595a7b2,1.1802431250034715,665.5750830528425,671.0854254602241,0b2dfc134b4933b23b09350fdfe938d0af718001cb10c8fbd346fea1287df689,120000,1a2645a78037bdf94bfb,19,"{'zstandard': '0.25.0', 'brotli': '1.2.0', 'numpy': '2.4.3'}",16369,2500,alphabetical,5138957,0.05009895900002448,11883875,2.9421688632706084,2500,cd10e828862e91a69cec56e0a0c62d5ab41d87aa91eccc18ed5118c65bb3036d,ok,40397,5299450,862,23080492,1
16384,2129.9712,1.2436200000011013,zstd,mixed,15263160,1.284358847598111,96,575b54aa2332ad8e6e45652023cb8e286ff631a4d1721aef1d7e4bd696f3bee8,35149773,0,none,0,2.2317437907141655,53eb9cd8d4aa893c2747d09fc2d647d6ebc4bf394da4df5aeaf9171f7595a7b2,1.1684935000012047,656.0732930902084,662.1717934384067,0b2dfc134b4933b23b09350fdfe938d0af718001cb10c8fbd346fea1287df689,120000,b882e30c69879e896cbd,19,"{'zstandard': '0.25.0', 'brotli': '1.2.0', 'numpy': '2.4.3'}",16383,2500,random,5164435,0.05109404100221582,11883875,2.957770340061638,2500,cd10e828862e91a69cec56e0a0c62d5ab41d87aa91eccc18ed5118c65bb3036d,ok,40397,5324928,857,23265898,1
16384,2104.4176,1.2801705419988139,zstd,mixed,15059285,1.2672032480987894,96,575b54aa2332ad8e6e45652023cb8e286ff631a4d1721aef1d7e4bd696f3bee8,35154590,0,none,0,2.2588434919000866,53eb9cd8d4aa893c2747d09fc2d647d6ebc4bf394da4df5aeaf9171f7595a7b2,1.2052744169996004,656.8767106989023,674.0506270461561,0b2dfc134b4933b23b09350fdfe938d0af718001cb10c8fbd346fea1287df689,120000,51c411df9c98e70c7c10,19,"{'zstandard': '0.25.0', 'brotli': '1.2.0', 'numpy': '2.4.3'}",16384,2500,semantic,5100551,0.05103854199842317,11883875,2.9581756792292078,2500,cd10e828862e91a69cec56e0a0c62d5ab41d87aa91eccc18ed5118c65bb3036d,ok,40397,5261044,858,23270715,1
16384,2116.374,1.2584196659954614,zstd,mixed,15221775,1.2808763976396589,96,575b54aa2332ad8e6e45652023cb8e286ff631a4d1721aef1d7e4bd696f3bee8,35295962,0,none,0,2.246082214202216,53eb9cd8d4aa893c2747d09fc2d647d6ebc4bf394da4df5aeaf9171f7595a7b2,1.181804125000781,666.3843829532067,671.0390554065923,0b2dfc134b4933b23b09350fdfe938d0af718001cb10c8fbd346fea1287df689,120000,729707ebd3235727326a,19,"{'zstandard': '0.25.0', 'brotli': '1.2.0', 'numpy': '2.4.3'}",16379,2500,source,5130442,0.050512667003204115,11883875,2.9700717989712953,2500,cd10e828862e91a69cec56e0a0c62d5ab41d87aa91eccc18ed5118c65bb3036d,ok,40397,5290935,853,23412087,1
32768,2022.8048,1.4800183750048745,zstd,mixed,31240413,2.6288069337652913,96,575b54aa2332ad8e6e45652023cb8e286ff631a4d1721aef1d7e4bd696f3bee8,75822334,0,none,0,2.3499795926922853,53eb9cd8d4aa893c2747d09fc2d647d6ebc4bf394da4df5aeaf9171f7595a7b2,1.3622552910019294,754.1397781625318,701.9598262316612,0b2dfc134b4933b23b09350fdfe938d0af718001cb10c8fbd346fea1287df689,120000,dbfd7ed70a2fbcaaf49e,19,"{'zstandard': '0.25.0', 'brotli': '1.2.0', 'numpy': '2.4.3'}",32755,2500,alphabetical,4896519,0.09588383299706038,11883875,6.380270240136319,2500,cd10e828862e91a69cec56e0a0c62d5ab41d87aa91eccc18ed5118c65bb3036d,ok,40397,5057012,393,63938459,1
32768,2037.482,1.4728187920045457,zstd,mixed,31449157,2.6463722481093077,96,575b54aa2332ad8e6e45652023cb8e286ff631a4d1721aef1d7e4bd696f3bee8,75776595,0,none,0,2.3330512858518504,53eb9cd8d4aa893c2747d09fc2d647d6ebc4bf394da4df5aeaf9171f7595a7b2,1.3487712079950143,707.0906083280842,694.4984368739514,0b2dfc134b4933b23b09350fdfe938d0af718001cb10c8fbd346fea1287df689,120000,d51a4efccb484c7ab0bf,19,"{'zstandard': '0.25.0', 'brotli': '1.2.0', 'numpy': '2.4.3'}",32764,2500,random,4933212,0.10220216699963203,11883875,6.376421411366242,2500,cd10e828862e91a69cec56e0a0c62d5ab41d87aa91eccc18ed5118c65bb3036d,ok,40397,5093705,394,63892720,1
32768,1994.7656,1.5018495409967727,zstd,mixed,30747387,2.5873199608713486,96,575b54aa2332ad8e6e45652023cb8e286ff631a4d1721aef1d7e4bd696f3bee8,75777020,0,none,0,2.3830118185314606,53eb9cd8d4aa893c2747d09fc2d647d6ebc4bf394da4df5aeaf9171f7595a7b2,1.3830542079958832,741.7912093554058,714.6956537997721,0b2dfc134b4933b23b09350fdfe938d0af718001cb10c8fbd346fea1287df689,120000,7ac6a5f8acf92ad94034,19,"{'zstandard': '0.25.0', 'brotli': '1.2.0', 'numpy': '2.4.3'}",32760,2500,semantic,4826421,0.09742174999701092,11883875,6.376457174111979,2500,cd10e828862e91a69cec56e0a0c62d5ab41d87aa91eccc18ed5118c65bb3036d,ok,40397,4986914,394,63893145,1
32768,2018.9788,1.5238350830040872,zstd,mixed,31120009,2.6186752216764315,96,575b54aa2332ad8e6e45652023cb8e286ff631a4d1721aef1d7e4bd696f3bee8,75720029,0,none,0,2.354432844961027,53eb9cd8d4aa893c2747d09fc2d647d6ebc4bf394da4df5aeaf9171f7595a7b2,1.4103734160016757,774.3868022342828,778.9040739333493,0b2dfc134b4933b23b09350fdfe938d0af718001cb10c8fbd346fea1287df689,120000,9be608662079de3d25bd,19,"{'zstandard': '0.25.0', 'brotli': '1.2.0', 'numpy': '2.4.3'}",32760,2500,source,4886954,0.09325087499746587,11883875,6.37166151613005,2500,cd10e828862e91a69cec56e0a0c62d5ab41d87aa91eccc18ed5118c65bb3036d,ok,40397,5047447,394,63836154,1
65536,1940.8536,1.788583124995057,zstd,mixed,62205677,5.234460729349644,96,575b54aa2332ad8e6e45652023cb8e286ff631a4d1721aef1d7e4bd696f3bee8,157539543,0,none,0,2.4492058545786244,53eb9cd8d4aa893c2747d09fc2d647d6ebc4bf394da4df5aeaf9171f7595a7b2,1.591017833998194,840.1894433406545,841.6163534439798,0b2dfc134b4933b23b09350fdfe938d0af718001cb10c8fbd346fea1287df689,120000,c33c02f21e84363c2033,19,"{'zstandard': '0.25.0', 'brotli': '1.2.0', 'numpy': '2.4.3'}",65520,2500,alphabetical,4691641,0.1788185000041267,11883875,13.256580282104952,2500,cd10e828862e91a69cec56e0a0c62d5ab41d87aa91eccc18ed5118c65bb3036d,ok,40397,4852134,189,145655668,1
65536,1957.0268,1.7782150829953025,zstd,mixed,62459112,5.255786685740131,96,575b54aa2332ad8e6e45652023cb8e286ff631a4d1721aef1d7e4bd696f3bee8,156882392,0,none,0,2.428965203746827,53eb9cd8d4aa893c2747d09fc2d647d6ebc4bf394da4df5aeaf9171f7595a7b2,1.5852668749939767,857.4322346997051,864.299736345353,0b2dfc134b4933b23b09350fdfe938d0af718001cb10c8fbd346fea1287df689,120000,de34e58784c589b6046d,19,"{'zstandard': '0.25.0', 'brotli': '1.2.0', 'numpy': '2.4.3'}",65522,2500,random,4732074,0.17449158299859846,11883875,13.201282578283598,2500,cd10e828862e91a69cec56e0a0c62d5ab41d87aa91eccc18ed5118c65bb3036d,ok,40397,4892567,190,144998517,1
65536,1906.6244,1.8415307500035851,zstd,mixed,60983562,5.131622639921742,96,575b54aa2332ad8e6e45652023cb8e286ff631a4d1721aef1d7e4bd696f3bee8,157445405,0,none,0,2.493175897675494,53eb9cd8d4aa893c2747d09fc2d647d6ebc4bf394da4df5aeaf9171f7595a7b2,1.6231447079990176,811.9735595984741,779.0401749717246,0b2dfc134b4933b23b09350fdfe938d0af718001cb10c8fbd346fea1287df689,120000,ac854eebc04a7784270c,19,"{'zstandard': '0.25.0', 'brotli': '1.2.0', 'numpy': '2.4.3'}",65535,2500,semantic,4606068,0.18492183299531462,11883875,13.248658791850302,2500,cd10e828862e91a69cec56e0a0c62d5ab41d87aa91eccc18ed5118c65bb3036d,ok,40397,4766561,189,145561530,1
65536,1934.7972,1.8015383750025649,zstd,mixed,61899790,5.208721061101703,96,575b54aa2332ad8e6e45652023cb8e286ff631a4d1721aef1d7e4bd696f3bee8,157334280,0,none,0,2.4568724825526935,53eb9cd8d4aa893c2747d09fc2d647d6ebc4bf394da4df5aeaf9171f7595a7b2,1.6076467919992865,854.9868129155541,855.7128179743203,0b2dfc134b4933b23b09350fdfe938d0af718001cb10c8fbd346fea1287df689,120000,fd7cd65ee0c3cc5fba01,19,"{'zstandard': '0.25.0', 'brotli': '1.2.0', 'numpy': '2.4.3'}",65534,2500,source,4676500,0.17549470899393782,11883875,13.239307885685434,2500,cd10e828862e91a69cec56e0a0c62d5ab41d87aa91eccc18ed5118c65bb3036d,ok,40397,4836993,189,145450405,1
131072,1862.1104,2.376929582998855,zstd,mixed,121191030,10.19793880363097,96,575b54aa2332ad8e6e45652023cb8e286ff631a4d1721aef1d7e4bd696f3bee8,320428675,0,none,0,2.552775603422869,53eb9cd8d4aa893c2747d09fc2d647d6ebc4bf394da4df5aeaf9171f7595a7b2,2.0051892080009566,864.7109489791992,882.1269381719145,0b2dfc134b4933b23b09350fdfe938d0af718001cb10c8fbd346fea1287df689,120000,c841e519f05d7b07bf49,19,"{'zstandard': '0.25.0', 'brotli': '1.2.0', 'numpy': '2.4.3'}",130874,2500,alphabetical,4494783,0.35339508300239686,11883875,26.963315837637133,2500,cd10e828862e91a69cec56e0a0c62d5ab41d87aa91eccc18ed5118c65bb3036d,ok,40397,4655276,93,308544800,1
131072,1875.194,2.3665605829955894,zstd,mixed,122298276,10.291110938140969,96,575b54aa2332ad8e6e45652023cb8e286ff631a4d1721aef1d7e4bd696f3bee8,321096309,0,none,0,2.534964382351906,53eb9cd8d4aa893c2747d09fc2d647d6ebc4bf394da4df5aeaf9171f7595a7b2,1.9698012079970795,819.9418822266501,781.3182583159183,0b2dfc134b4933b23b09350fdfe938d0af718001cb10c8fbd346fea1287df689,120000,b742d1524e1a345f3678,19,"{'zstandard': '0.25.0', 'brotli': '1.2.0', 'numpy': '2.4.3'}",131068,2500,random,4527492,0.37346708300174214,11883875,27.019495661137466,2500,cd10e828862e91a69cec56e0a0c62d5ab41d87aa91eccc18ed5118c65bb3036d,ok,40397,4687985,93,309212434,1
131072,1822.5072,2.3821493750001537,zstd,mixed,118861599,10.00192268935848,96,575b54aa2332ad8e6e45652023cb8e286ff631a4d1721aef1d7e4bd696f3bee8,321566055,0,none,0,2.608247583329163,53eb9cd8d4aa893c2747d09fc2d647d6ebc4bf394da4df5aeaf9171f7595a7b2,2.0037980000051903,854.0612059003226,900.8780187212463,0b2dfc134b4933b23b09350fdfe938d0af718001cb10c8fbd346fea1287df689,120000,f3906f0c7e8f48381e8b,19,"{'zstandard': '0.25.0', 'brotli': '1.2.0', 'numpy': '2.4.3'}",131005,2500,semantic,4395775,0.35907179200148676,11883875,27.05902367704137,2500,cd10e828862e91a69cec56e0a0c62d5ab41d87aa91eccc18ed5118c65bb3036d,ok,40397,4556268,93,309682180,1
131072,1852.9728,2.3246404999954393,zstd,mixed,120582843,10.146761304709113,96,575b54aa2332ad8e6e45652023cb8e286ff631a4d1721aef1d7e4bd696f3bee8,320527322,0,none,0,2.5653641542930368,53eb9cd8d4aa893c2747d09fc2d647d6ebc4bf394da4df5aeaf9171f7595a7b2,1.9425755830015987,840.0161034312446,884.4129092874352,0b2dfc134b4933b23b09350fdfe938d0af718001cb10c8fbd346fea1287df689,120000,bdc4b69559cd31f9167b,19,"{'zstandard': '0.25.0', 'brotli': '1.2.0', 'numpy': '2.4.3'}",131043,2500,source,4471939,0.36389620800036937,11883875,26.971616749587152,2500,cd10e828862e91a69cec56e0a0c62d5ab41d87aa91eccc18ed5118c65bb3036d,ok,40397,4632432,93,308643447,1
262144,1790.1948,2.514527375002217,zstd,mixed,234694063,19.74895082622461,96,575b54aa2332ad8e6e45652023cb8e286ff631a4d1721aef1d7e4bd696f3bee8,646368890,0,none,0,2.655325554515073,53eb9cd8d4aa893c2747d09fc2d647d6ebc4bf394da4df5aeaf9171f7595a7b2,1.809186625003349,895.9506143651715,978.1931957845553,0b2dfc134b4933b23b09350fdfe938d0af718001cb10c8fbd346fea1287df689,120000,707ad694478cd3030f09,19,"{'zstandard': '0.25.0', 'brotli': '1.2.0', 'numpy': '2.4.3'}",262042,2500,alphabetical,4314994,0.6880127089971211,11883875,54.39041474266601,2500,cd10e828862e91a69cec56e0a0c62d5ab41d87aa91eccc18ed5118c65bb3036d,ok,40397,4475487,46,634485015,1
262144,1801.4804,2.5192944160007755,zstd,mixed,236262292,19.880913590895226,96,575b54aa2332ad8e6e45652023cb8e286ff631a4d1721aef1d7e4bd696f3bee8,646551234,0,none,0,2.6386909344114984,53eb9cd8d4aa893c2747d09fc2d647d6ebc4bf394da4df5aeaf9171f7595a7b2,1.8125141660057125,895.8609691845467,950.601387525304,0b2dfc134b4933b23b09350fdfe938d0af718001cb10c8fbd346fea1287df689,120000,fe59a5efc0b422bc9d5a,19,"{'zstandard': '0.25.0', 'brotli': '1.2.0', 'numpy': '2.4.3'}",261846,2500,random,4343208,0.6882756670020171,11883875,54.40575855939245,2500,cd10e828862e91a69cec56e0a0c62d5ab41d87aa91eccc18ed5118c65bb3036d,ok,40397,4503701,46,634667359,1
262144,1750.3712,2.4233897919984884,zstd,mixed,229239717,19.28998049878512,96,575b54aa2332ad8e6e45652023cb8e286ff631a4d1721aef1d7e4bd696f3bee8,646541222,0,none,0,2.715738238837568,53eb9cd8d4aa893c2747d09fc2d647d6ebc4bf394da4df5aeaf9171f7595a7b2,1.7327926250000019,916.4727922716005,946.8059971078238,0b2dfc134b4933b23b09350fdfe938d0af718001cb10c8fbd346fea1287df689,120000,4d8e988bcc698be35d1e,19,"{'zstandard': '0.25.0', 'brotli': '1.2.0', 'numpy': '2.4.3'}",262018,2500,semantic,4215435,0.6727856659999816,11883875,54.40491607325052,2500,cd10e828862e91a69cec56e0a0c62d5ab41d87aa91eccc18ed5118c65bb3036d,ok,40397,4375928,46,634657347,1
262144,1778.7732,2.479684207995888,zstd,mixed,233478842,19.64669285060639,96,575b54aa2332ad8e6e45652023cb8e286ff631a4d1721aef1d7e4bd696f3bee8,647331041,0,none,0,2.672375545122897,53eb9cd8d4aa893c2747d09fc2d647d6ebc4bf394da4df5aeaf9171f7595a7b2,1.7803119999953196,905.7607655500337,953.7211042899986,0b2dfc134b4933b23b09350fdfe938d0af718001cb10c8fbd346fea1287df689,120000,942551af1430b5f2843d,19,"{'zstandard': '0.25.0', 'brotli': '1.2.0', 'numpy': '2.4.3'}",262033,2500,source,4286440,0.6815739999947255,11883875,54.47137747578126,2500,cd10e828862e91a69cec56e0a0c62d5ab41d87aa91eccc18ed5118c65bb3036d,ok,40397,4446933,46,635447166,1
0,1948.1456,11.196718874998624,brotli,thematic,4711067,0.36855879133211494,96,575b54aa2332ad8e6e45652023cb8e286ff631a4d1721aef1d7e4bd696f3bee8,12782403,0,none,0,2.6245272427276483,53eb9cd8d4aa893c2747d09fc2d647d6ebc4bf394da4df5aeaf9171f7595a7b2,11.06475216599938,192.8353841700593,196.22947771860868,0b2dfc134b4933b23b09350fdfe938d0af718001cb10c8fbd346fea1287df689,120000,7a25c4bd3e5b17d5ad44,11,"{'zstandard': '0.25.0', 'brotli': '1.2.0', 'numpy': '2.4.3'}",8380,2500,source,4711067,0.06321583300450584,12782403,1.0,2500,c85c4aa9d7cd103a47b5f868e99ef94037d5672d9a4a0a61deae5f322a824ae2,ok,39201,4870364,2500,0,1
65536,1763.1364,14.015274042001693,brotli,thematic,52174408,4.081737056795972,96,575b54aa2332ad8e6e45652023cb8e286ff631a4d1721aef1d7e4bd696f3bee8,156962285,0,none,0,2.8999237948918757,53eb9cd8d4aa893c2747d09fc2d647d6ebc4bf394da4df5aeaf9171f7595a7b2,13.193007666995982,195.27643410448508,260.17613506856173,0b2dfc134b4933b23b09350fdfe938d0af718001cb10c8fbd346fea1287df689,120000,1ef82e7901bfc4cb1803,11,"{'zstandard': '0.25.0', 'brotli': '1.2.0', 'numpy': '2.4.3'}",65536,2500,semantic,4248544,0.7665589579992229,12782403,12.279560032648009,2500,c85c4aa9d7cd103a47b5f868e99ef94037d5672d9a4a0a61deae5f322a824ae2,ok,39201,4407841,204,144179882,1
0,2471.9384,0.3066792079989682,gzip,thematic,6020549,0.47100290923388977,96,575b54aa2332ad8e6e45652023cb8e286ff631a4d1721aef1d7e4bd696f3bee8,12782403,0,none,0,2.0684015426921643,53eb9cd8d4aa893c2747d09fc2d647d6ebc4bf394da4df5aeaf9171f7595a7b2,0.23814025000319816,384.02247921965085,404.8655757585292,0b2dfc134b4933b23b09350fdfe938d0af718001cb10c8fbd346fea1287df689,120000,122a745f030418f2f674,9,"{'zstandard': '0.25.0', 'brotli': '1.2.0', 'numpy': '2.4.3'}",8380,2500,source,6020549,0.031743583000206854,12782403,1.0,2500,c85c4aa9d7cd103a47b5f868e99ef94037d5672d9a4a0a61deae5f322a824ae2,ok,39201,6179846,2500,0,1
65536,2098.2788,0.5750315000041155,gzip,thematic,62443241,4.88509406251704,96,575b54aa2332ad8e6e45652023cb8e286ff631a4d1721aef1d7e4bd696f3bee8,156962285,0,none,0,2.43674062760392,53eb9cd8d4aa893c2747d09fc2d647d6ebc4bf394da4df5aeaf9171f7595a7b2,0.4019099169963738,991.3832619512069,725.0382552746931,0b2dfc134b4933b23b09350fdfe938d0af718001cb10c8fbd346fea1287df689,120000,b089640d103046eeecaf,9,"{'zstandard': '0.25.0', 'brotli': '1.2.0', 'numpy': '2.4.3'}",65536,2500,semantic,5086400,0.1509919579984853,12782403,12.279560032648009,2500,c85c4aa9d7cd103a47b5f868e99ef94037d5672d9a4a0a61deae5f322a824ae2,ok,39201,5245697,204,144179882,1
0,2529.2564,7.145499334001215,xz,thematic,6163844,0.48221324268996996,96,575b54aa2332ad8e6e45652023cb8e286ff631a4d1721aef1d7e4bd696f3bee8,12782403,0,none,0,2.021527433912987,53eb9cd8d4aa893c2747d09fc2d647d6ebc4bf394da4df5aeaf9171f7595a7b2,5.507349375002377,13.919408891687901,16.189356404004073,0b2dfc134b4933b23b09350fdfe938d0af718001cb10c8fbd346fea1287df689,120000,bda43ade729d0a0bf7af,9,"{'zstandard': '0.25.0', 'brotli': '1.2.0', 'numpy': '2.4.3'}",8380,2500,source,6163844,0.8757735000035609,12782403,1.0,2500,c85c4aa9d7cd103a47b5f868e99ef94037d5672d9a4a0a61deae5f322a824ae2,ok,39201,6323141,2500,0,1
65536,1966.6564,14.89665804199467,xz,thematic,58399412,4.568735002330939,96,575b54aa2332ad8e6e45652023cb8e286ff631a4d1721aef1d7e4bd696f3bee8,156962285,0,none,0,2.5998243516254287,53eb9cd8d4aa893c2747d09fc2d647d6ebc4bf394da4df5aeaf9171f7595a7b2,9.424789249998867,29.5449655330713,30.56144074433466,0b2dfc134b4933b23b09350fdfe938d0af718001cb10c8fbd346fea1287df689,120000,ba553fcaf570e9b13810,9,"{'zstandard': '0.25.0', 'brotli': '1.2.0', 'numpy': '2.4.3'}",65536,2500,semantic,4757344,5.066545082998346,12782403,12.279560032648009,2500,c85c4aa9d7cd103a47b5f868e99ef94037d5672d9a4a0a61deae5f322a824ae2,ok,39201,4916641,204,144179882,1
0,2513.8136,0.12958425000397256,zstd,thematic,6125237,0.47919291857720336,96,575b54aa2332ad8e6e45652023cb8e286ff631a4d1721aef1d7e4bd696f3bee8,12782403,0,none,0,2.0339460332301487,53eb9cd8d4aa893c2747d09fc2d647d6ebc4bf394da4df5aeaf9171f7595a7b2,0.07764379199943505,527.3169435548034,550.9302414792621,0b2dfc134b4933b23b09350fdfe938d0af718001cb10c8fbd346fea1287df689,120000,eef9b22a13e91ba9460a,3,"{'zstandard': '0.25.0', 'brotli': '1.2.0', 'numpy': '2.4.3'}",8380,2500,source,6125237,0.023117500000807922,12782403,1.0,2500,c85c4aa9d7cd103a47b5f868e99ef94037d5672d9a4a0a61deae5f322a824ae2,ok,39201,6284534,2500,0,1
0,2449.7,0.2899596659990493,zstd,thematic,5964953,0.46665349230500713,96,575b54aa2332ad8e6e45652023cb8e286ff631a4d1721aef1d7e4bd696f3bee8,12782403,0,none,0,2.0871785116544883,53eb9cd8d4aa893c2747d09fc2d647d6ebc4bf394da4df5aeaf9171f7595a7b2,0.23946941600297578,544.023397992868,565.7833065400007,0b2dfc134b4933b23b09350fdfe938d0af718001cb10c8fbd346fea1287df689,120000,bea40a3be78b36176528,9,"{'zstandard': '0.25.0', 'brotli': '1.2.0', 'numpy': '2.4.3'}",8380,2500,source,5964953,0.022407582997402642,12782403,1.0,2500,c85c4aa9d7cd103a47b5f868e99ef94037d5672d9a4a0a61deae5f322a824ae2,ok,39201,6124250,2500,0,1
0,2430.2212,0.6640681249991758,zstd,thematic,5916256,0.462843801748388,96,575b54aa2332ad8e6e45652023cb8e286ff631a4d1721aef1d7e4bd696f3bee8,12782403,0,none,0,2.103907743048246,53eb9cd8d4aa893c2747d09fc2d647d6ebc4bf394da4df5aeaf9171f7595a7b2,0.6112388330002432,521.029697950093,557.2727749343079,0b2dfc134b4933b23b09350fdfe938d0af718001cb10c8fbd346fea1287df689,120000,c86bb557957656240730,15,"{'zstandard': '0.25.0', 'brotli': '1.2.0', 'numpy': '2.4.3'}",8380,2500,source,5916256,0.023396457996568643,12782403,1.0,2500,c85c4aa9d7cd103a47b5f868e99ef94037d5672d9a4a0a61deae5f322a824ae2,ok,39201,6075553,2500,0,1
0,2421.7628,1.1402391660012654,zstd,thematic,5895110,0.46118949621600885,96,575b54aa2332ad8e6e45652023cb8e286ff631a4d1721aef1d7e4bd696f3bee8,12782403,0,none,0,2.111255982625549,53eb9cd8d4aa893c2747d09fc2d647d6ebc4bf394da4df5aeaf9171f7595a7b2,1.0874036669993075,522.9229655232105,526.5671647620525,0b2dfc134b4933b23b09350fdfe938d0af718001cb10c8fbd346fea1287df689,120000,7678661d771ef25b64a4,19,"{'zstandard': '0.25.0', 'brotli': '1.2.0', 'numpy': '2.4.3'}",8380,2500,source,5895110,0.023311750002903864,12782403,1.0,2500,c85c4aa9d7cd103a47b5f868e99ef94037d5672d9a4a0a61deae5f322a824ae2,ok,39201,6054407,2500,0,1
0,2421.7628,1.2911251670011552,zstd,thematic,5895110,0.46118949621600885,96,575b54aa2332ad8e6e45652023cb8e286ff631a4d1721aef1d7e4bd696f3bee8,12782403,0,none,0,2.111255982625549,53eb9cd8d4aa893c2747d09fc2d647d6ebc4bf394da4df5aeaf9171f7595a7b2,1.2370130000053905,500.46270053788237,532.2778631237733,0b2dfc134b4933b23b09350fdfe938d0af718001cb10c8fbd346fea1287df689,120000,8af963ba45b4d35a253f,22,"{'zstandard': '0.25.0', 'brotli': '1.2.0', 'numpy': '2.4.3'}",8380,2500,source,5895110,0.024357958005566616,12782403,1.0,2500,c85c4aa9d7cd103a47b5f868e99ef94037d5672d9a4a0a61deae5f322a824ae2,ok,39201,6054407,2500,0,1
0,2109.646,1.5324397920048796,zstd,thematic,5106626,0.39950438114022846,96,575b54aa2332ad8e6e45652023cb8e286ff631a4d1721aef1d7e4bd696f3bee8,12782403,8192,global,8192,2.423610975490675,53eb9cd8d4aa893c2747d09fc2d647d6ebc4bf394da4df5aeaf9171f7595a7b2,1.4336540829972364,246.46205687097984,286.91969395380397,0b2dfc134b4933b23b09350fdfe938d0af718001cb10c8fbd346fea1287df689,120000,e9d0e0d62215c7ab7630,19,"{'zstandard': '0.25.0', 'brotli': '1.2.0', 'numpy': '2.4.3'}",8380,2500,source,5106626,0.049460957998235244,12782403,1.0,2500,c85c4aa9d7cd103a47b5f868e99ef94037d5672d9a4a0a61deae5f322a824ae2,ok,39201,5274115,2500,0,1
0,2098.0632,2.183569917004206,zstd,thematic,5077669,0.39723900114868854,96,575b54aa2332ad8e6e45652023cb8e286ff631a4d1721aef1d7e4bd696f3bee8,12782403,8192,pack,8192,2.4369910305847795,53eb9cd8d4aa893c2747d09fc2d647d6ebc4bf394da4df5aeaf9171f7595a7b2,1.4192732079973212,290.28866970035915,293.7055642150369,0b2dfc134b4933b23b09350fdfe938d0af718001cb10c8fbd346fea1287df689,120000,5081452554e172adc626,19,"{'zstandard': '0.25.0', 'brotli': '1.2.0', 'numpy': '2.4.3'}",8380,2500,source,5077669,0.041993541999545414,12782403,1.0,2500,c85c4aa9d7cd103a47b5f868e99ef94037d5672d9a4a0a61deae5f322a824ae2,ok,39201,5245158,2500,0,1
0,2049.1716,1.9989983750056126,zstd,thematic,4947248,0.387035833559621,96,575b54aa2332ad8e6e45652023cb8e286ff631a4d1721aef1d7e4bd696f3bee8,12782403,16384,global,16384,2.4951356928819433,53eb9cd8d4aa893c2747d09fc2d647d6ebc4bf394da4df5aeaf9171f7595a7b2,1.9091491660001338,287.04665586792186,300.38099909443156,0b2dfc134b4933b23b09350fdfe938d0af718001cb10c8fbd346fea1287df689,120000,5c462035580e7ae5c5d1,19,"{'zstandard': '0.25.0', 'brotli': '1.2.0', 'numpy': '2.4.3'}",8380,2500,source,4947248,0.042467832994589116,12782403,1.0,2500,c85c4aa9d7cd103a47b5f868e99ef94037d5672d9a4a0a61deae5f322a824ae2,ok,39201,5122929,2500,0,1
0,2033.0972,2.856305249995785,zstd,thematic,4907062,0.38389198024815835,96,575b54aa2332ad8e6e45652023cb8e286ff631a4d1721aef1d7e4bd696f3bee8,12782403,16384,pack,16384,2.5148631359090947,53eb9cd8d4aa893c2747d09fc2d647d6ebc4bf394da4df5aeaf9171f7595a7b2,2.064197499996226,289.19827279121694,299.3464838050942,0b2dfc134b4933b23b09350fdfe938d0af718001cb10c8fbd346fea1287df689,120000,5b48b4c5f1024df8920c,19,"{'zstandard': '0.25.0', 'brotli': '1.2.0', 'numpy': '2.4.3'}",8380,2500,source,4907062,0.04215187499357853,12782403,1.0,2500,c85c4aa9d7cd103a47b5f868e99ef94037d5672d9a4a0a61deae5f322a824ae2,ok,39201,5082743,2500,0,1
0,1973.2332,3.5445716250033,zstd,thematic,4741018,0.37090193447976877,96,575b54aa2332ad8e6e45652023cb8e286ff631a4d1721aef1d7e4bd696f3bee8,12782403,32768,global,32768,2.59115911895259,53eb9cd8d4aa893c2747d09fc2d647d6ebc4bf394da4df5aeaf9171f7595a7b2,3.453592459001811,283.2227469103232,293.2004724571628,0b2dfc134b4933b23b09350fdfe938d0af718001cb10c8fbd346fea1287df689,120000,8399e7ad3352908a7df4,19,"{'zstandard': '0.25.0', 'brotli': '1.2.0', 'numpy': '2.4.3'}",8380,2500,source,4741018,0.043041208999056835,12782403,1.0,2500,c85c4aa9d7cd103a47b5f868e99ef94037d5672d9a4a0a61deae5f322a824ae2,ok,39201,4933083,2500,0,1
0,1945.3136,4.533110374999524,zstd,thematic,4671219,0.3654413806230331,96,575b54aa2332ad8e6e45652023cb8e286ff631a4d1721aef1d7e4bd696f3bee8,12782403,32768,pack,32768,2.6283480462995787,53eb9cd8d4aa893c2747d09fc2d647d6ebc4bf394da4df5aeaf9171f7595a7b2,3.79467575000308,274.8579880855184,289.3976564717503,0b2dfc134b4933b23b09350fdfe938d0af718001cb10c8fbd346fea1287df689,120000,11e4bb84453d1efa84ab,19,"{'zstandard': '0.25.0', 'brotli': '1.2.0', 'numpy': '2.4.3'}",8380,2500,source,4671219,0.044351083000947256,12782403,1.0,2500,c85c4aa9d7cd103a47b5f868e99ef94037d5672d9a4a0a61deae5f322a824ae2,ok,39201,4863284,2500,0,1
0,1909.4228,7.829799792001722,zstd,thematic,4548724,0.35585828423653987,96,575b54aa2332ad8e6e45652023cb8e286ff631a4d1721aef1d7e4bd696f3bee8,12782403,65536,global,65536,2.6777522505754097,53eb9cd8d4aa893c2747d09fc2d647d6ebc4bf394da4df5aeaf9171f7595a7b2,7.729852165997727,262.89795270723596,259.84477551676895,0b2dfc134b4933b23b09350fdfe938d0af718001cb10c8fbd346fea1287df689,120000,15c0d1967d84ae290f53,19,"{'zstandard': '0.25.0', 'brotli': '1.2.0', 'numpy': '2.4.3'}",8380,2500,source,4548724,0.04636874999414431,12782403,1.0,2500,c85c4aa9d7cd103a47b5f868e99ef94037d5672d9a4a0a61deae5f322a824ae2,ok,39201,4773557,2500,0,1
0,1880.5112,8.245474166003987,zstd,thematic,4476445,0.3502037136522765,96,575b54aa2332ad8e6e45652023cb8e286ff631a4d1721aef1d7e4bd696f3bee8,12782403,65536,pack,65536,2.718920897679312,53eb9cd8d4aa893c2747d09fc2d647d6ebc4bf394da4df5aeaf9171f7595a7b2,7.539207540998177,268.63219679067834,271.19676220522814,0b2dfc134b4933b23b09350fdfe938d0af718001cb10c8fbd346fea1287df689,120000,5a86bcbbd5b594499763,19,"{'zstandard': '0.25.0', 'brotli': '1.2.0', 'numpy': '2.4.3'}",8380,2500,source,4476445,0.04537895899557043,12782403,1.0,2500,c85c4aa9d7cd103a47b5f868e99ef94037d5672d9a4a0a61deae5f322a824ae2,ok,39201,4701278,2500,0,1
16384,2246.7484,1.395545833001961,zstd,thematic,14802314,1.1580227911762757,96,575b54aa2332ad8e6e45652023cb8e286ff631a4d1721aef1d7e4bd696f3bee8,34713247,0,none,0,2.2757159635676163,53eb9cd8d4aa893c2747d09fc2d647d6ebc4bf394da4df5aeaf9171f7595a7b2,1.3190987080015475,643.6168964108629,652.906253945682,0b2dfc134b4933b23b09350fdfe938d0af718001cb10c8fbd346fea1287df689,120000,999318b040accab26ed2,19,"{'zstandard': '0.25.0', 'brotli': '1.2.0', 'numpy': '2.4.3'}",16374,2500,alphabetical,5457574,0.05143608299840707,12782403,2.7157058809677648,2500,c85c4aa9d7cd103a47b5f868e99ef94037d5672d9a4a0a61deae5f322a824ae2,ok,39201,5616871,938,21930844,1
16384,2262.4608,1.4044133749994216,zstd,thematic,15043773,1.1769127448101895,96,575b54aa2332ad8e6e45652023cb8e286ff631a4d1721aef1d7e4bd696f3bee8,35017442,0,none,0,2.2599115087430466,53eb9cd8d4aa893c2747d09fc2d647d6ebc4bf394da4df5aeaf9171f7595a7b2,1.3265786669944646,625.2325777405407,663.1758314951973,0b2dfc134b4933b23b09350fdfe938d0af718001cb10c8fbd346fea1287df689,120000,f32bb1857146fc65adc1,19,"{'zstandard': '0.25.0', 'brotli': '1.2.0', 'numpy': '2.4.3'}",16380,2500,random,5496855,0.05341250000492437,12782403,2.7395038319477174,2500,c85c4aa9d7cd103a47b5f868e99ef94037d5672d9a4a0a61deae5f322a824ae2,ok,39201,5656152,928,22235039,1
16384,2234.8776,1.4176760420014034,zstd,thematic,14723717,1.1518739473321253,96,575b54aa2332ad8e6e45652023cb8e286ff631a4d1721aef1d7e4bd696f3bee8,34748288,0,none,0,2.287803681060654,53eb9cd8d4aa893c2747d09fc2d647d6ebc4bf394da4df5aeaf9171f7595a7b2,1.343029582996678,654.5563143396133,673.5114867595219,0b2dfc134b4933b23b09350fdfe938d0af718001cb10c8fbd346fea1287df689,120000,22f471b7b61ed04a091f,19,"{'zstandard': '0.25.0', 'brotli': '1.2.0', 'numpy': '2.4.3'}",16383,2500,semantic,5427897,0.05062750000070082,12782403,2.7184472278021587,2500,c85c4aa9d7cd103a47b5f868e99ef94037d5672d9a4a0a61deae5f322a824ae2,ok,39201,5587194,937,21965885,1
16384,2248.5408,1.4558155000049737,zstd,thematic,14717886,1.151417773324781,96,575b54aa2332ad8e6e45652023cb8e286ff631a4d1721aef1d7e4bd696f3bee8,34498994,0,none,0,2.273901901179645,53eb9cd8d4aa893c2747d09fc2d647d6ebc4bf394da4df5aeaf9171f7595a7b2,1.3810031249959138,653.4430865188657,669.1887874445551,0b2dfc134b4933b23b09350fdfe938d0af718001cb10c8fbd346fea1287df689,120000,cdd972300c33e55bafbb,19,"{'zstandard': '0.25.0', 'brotli': '1.2.0', 'numpy': '2.4.3'}",16383,2500,source,5462055,0.05034991600405192,12782403,2.69894432212785,2500,c85c4aa9d7cd103a47b5f868e99ef94037d5672d9a4a0a61deae5f322a824ae2,ok,39201,5621352,943,21716591,1
32768,2123.4568,1.6586982919980073,zstd,thematic,30274396,2.368443241853664,96,575b54aa2332ad8e6e45652023cb8e286ff631a4d1721aef1d7e4bd696f3bee8,75149684,0,none,0,2.407847995777451,53eb9cd8d4aa893c2747d09fc2d647d6ebc4bf394da4df5aeaf9171f7595a7b2,1.542703083003289,765.0956166977037,771.8787495174241,0b2dfc134b4933b23b09350fdfe938d0af718001cb10c8fbd346fea1287df689,120000,37b7078799bba1e8d33c,19,"{'zstandard': '0.25.0', 'brotli': '1.2.0', 'numpy': '2.4.3'}",32763,2500,alphabetical,5149345,0.09367237499827752,12782403,5.879151517910991,2500,c85c4aa9d7cd103a47b5f868e99ef94037d5672d9a4a0a61deae5f322a824ae2,ok,39201,5308642,427,62367281,1
32768,2149.4832,1.6536520830049994,zstd,thematic,30894508,2.4169561857813435,96,575b54aa2332ad8e6e45652023cb8e286ff631a4d1721aef1d7e4bd696f3bee8,75758039,0,none,0,2.3786932598496233,53eb9cd8d4aa893c2747d09fc2d647d6ebc4bf394da4df5aeaf9171f7595a7b2,1.5335845830049948,735.9038583320154,767.9482135822802,0b2dfc134b4933b23b09350fdfe938d0af718001cb10c8fbd346fea1287df689,120000,5bd79fe9daf0ee1e6782,19,"{'zstandard': '0.25.0', 'brotli': '1.2.0', 'numpy': '2.4.3'}",32762,2500,random,5214411,0.09817654200014658,12782403,5.926744681731596,2500,c85c4aa9d7cd103a47b5f868e99ef94037d5672d9a4a0a61deae5f322a824ae2,ok,39201,5373708,423,62975636,1
32768,2101.006,1.6743492079986027,zstd,thematic,30033213,2.3495748804039427,96,575b54aa2332ad8e6e45652023cb8e286ff631a4d1721aef1d7e4bd696f3bee8,75411134,0,none,0,2.4335776290024875,53eb9cd8d4aa893c2747d09fc2d647d6ebc4bf394da4df5aeaf9171f7595a7b2,1.5618142080056714,784.6219319741333,794.5822879052182,0b2dfc134b4933b23b09350fdfe938d0af718001cb10c8fbd346fea1287df689,120000,2d96c821ad651a65911f,19,"{'zstandard': '0.25.0', 'brotli': '1.2.0', 'numpy': '2.4.3'}",32757,2500,semantic,5093218,0.09165900000516558,12782403,5.899605418480391,2500,c85c4aa9d7cd103a47b5f868e99ef94037d5672d9a4a0a61deae5f322a824ae2,ok,39201,5252515,426,62628731,1
32768,2126.7888,1.6167898750063614,zstd,thematic,30326582,2.372525885782196,96,575b54aa2332ad8e6e45652023cb8e286ff631a4d1721aef1d7e4bd696f3bee8,75211451,0,none,0,2.404075665623216,53eb9cd8d4aa893c2747d09fc2d647d6ebc4bf394da4df5aeaf9171f7595a7b2,1.503133959005936,776.6077059972025,775.5433524095572,0b2dfc134b4933b23b09350fdfe938d0af718001cb10c8fbd346fea1287df689,120000,eb0e3e7673591682ac50,19,"{'zstandard': '0.25.0', 'brotli': '1.2.0', 'numpy': '2.4.3'}",32748,2500,source,5157675,0.09235966700362042,12782403,5.883983707914701,2500,c85c4aa9d7cd103a47b5f868e99ef94037d5672d9a4a0a61deae5f322a824ae2,ok,39201,5316972,427,62429048,1
65536,2020.356,2.0830443340018974,zstd,thematic,60156911,4.706228633223346,96,575b54aa2332ad8e6e45652023cb8e286ff631a4d1721aef1d7e4bd696f3bee8,157200661,0,none,0,2.5307229023003868,53eb9cd8d4aa893c2747d09fc2d647d6ebc4bf394da4df5aeaf9171f7595a7b2,1.8874391659992398,848.9960447641815,905.4883013499862,0b2dfc134b4933b23b09350fdfe938d0af718001cb10c8fbd346fea1287df689,120000,2a7c21ba61484472baa1,19,"{'zstandard': '0.25.0', 'brotli': '1.2.0', 'numpy': '2.4.3'}",65513,2500,alphabetical,4891593,0.17658295800356427,12782403,12.298208795325886,2500,c85c4aa9d7cd103a47b5f868e99ef94037d5672d9a4a0a61deae5f322a824ae2,ok,39201,5050890,204,144418258,1
65536,2050.5884,2.0257137090011383,zstd,thematic,61071072,4.777745780664246,96,575b54aa2332ad8e6e45652023cb8e286ff631a4d1721aef1d7e4bd696f3bee8,157185241,0,none,0,2.493411744648512,53eb9cd8d4aa893c2747d09fc2d647d6ebc4bf394da4df5aeaf9171f7595a7b2,1.8004708329972345,740.6739888531263,717.7050347765945,0b2dfc134b4933b23b09350fdfe938d0af718001cb10c8fbd346fea1287df689,120000,db080978cfbb5ced1838,19,"{'zstandard': '0.25.0', 'brotli': '1.2.0', 'numpy': '2.4.3'}",65535,2500,random,4967174,0.20238800000515766,12782403,12.297002449382953,2500,c85c4aa9d7cd103a47b5f868e99ef94037d5672d9a4a0a61deae5f322a824ae2,ok,39201,5126471,204,144402838,1
65536,1991.9824,4.968734125002811,zstd,thematic,59177126,4.629577552827899,96,575b54aa2332ad8e6e45652023cb8e286ff631a4d1721aef1d7e4bd696f3bee8,156962285,0,none,0,2.566770268652976,53eb9cd8d4aa893c2747d09fc2d647d6ebc4bf394da4df5aeaf9171f7595a7b2,4.619938292002189,523.562562008047,360.6187061796897,0b2dfc134b4933b23b09350fdfe938d0af718001cb10c8fbd346fea1287df689,120000,cad88c3f44666208fb85,19,"{'zstandard': '0.25.0', 'brotli': '1.2.0', 'numpy': '2.4.3'}",65536,2500,semantic,4820659,0.285908334000851,12782403,12.279560032648009,2500,c85c4aa9d7cd103a47b5f868e99ef94037d5672d9a4a0a61deae5f322a824ae2,ok,39201,4979956,204,144179882,1
65536,2023.314,2.1082265420045587,zstd,thematic,60360881,4.722185726736984,96,575b54aa2332ad8e6e45652023cb8e286ff631a4d1721aef1d7e4bd696f3bee8,157552675,0,none,0,2.52702309181867,53eb9cd8d4aa893c2747d09fc2d647d6ebc4bf394da4df5aeaf9171f7595a7b2,1.909413624998706,837.0883470790386,880.6419671314828,0b2dfc134b4933b23b09350fdfe938d0af718001cb10c8fbd346fea1287df689,120000,c5f35f3a7df713fe3287,19,"{'zstandard': '0.25.0', 'brotli': '1.2.0', 'numpy': '2.4.3'}",65459,2500,source,4898988,0.1794959159960854,12782403,12.325747748682309,2500,c85c4aa9d7cd103a47b5f868e99ef94037d5672d9a4a0a61deae5f322a824ae2,ok,39201,5058285,203,144770272,1
131072,1924.5316,6.16566012500698,zstd,thematic,116517034,9.115424853996545,96,575b54aa2332ad8e6e45652023cb8e286ff631a4d1721aef1d7e4bd696f3bee8,320178722,0,none,0,2.6567301882702266,53eb9cd8d4aa893c2747d09fc2d647d6ebc4bf394da4df5aeaf9171f7595a7b2,5.531889124998997,509.9046514293793,436.0857175736812,0b2dfc134b4933b23b09350fdfe938d0af718001cb10c8fbd346fea1287df689,120000,fefcbba14e2d821ccabd,19,"{'zstandard': '0.25.0', 'brotli': '1.2.0', 'numpy': '2.4.3'}",131023,2500,alphabetical,4652032,0.598830041999463,12782403,25.048398333239845,2500,c85c4aa9d7cd103a47b5f868e99ef94037d5672d9a4a0a61deae5f322a824ae2,ok,39201,4811329,100,307396319,1
131072,1953.4592,5.680257708001591,zstd,thematic,118178800,9.245429048043627,96,575b54aa2332ad8e6e45652023cb8e286ff631a4d1721aef1d7e4bd696f3bee8,319756760,0,none,0,2.617388272045815,53eb9cd8d4aa893c2747d09fc2d647d6ebc4bf394da4df5aeaf9171f7595a7b2,5.054735541001719,508.81319299877714,711.8272459153153,0b2dfc134b4933b23b09350fdfe938d0af718001cb10c8fbd346fea1287df689,120000,bdb78ab8282914c71715,19,"{'zstandard': '0.25.0', 'brotli': '1.2.0', 'numpy': '2.4.3'}",131046,2500,random,4724351,0.5993237080037943,12782403,25.015387169376524,2500,c85c4aa9d7cd103a47b5f868e99ef94037d5672d9a4a0a61deae5f322a824ae2,ok,39201,4883648,100,306974357,1
131072,1890.2756,3.740841625003668,zstd,thematic,114353609,8.946174596435428,96,575b54aa2332ad8e6e45652023cb8e286ff631a4d1721aef1d7e4bd696f3bee8,320177293,0,none,0,2.704876050878507,53eb9cd8d4aa893c2747d09fc2d647d6ebc4bf394da4df5aeaf9171f7595a7b2,3.364358334001736,855.0436763754383,917.045660078285,0b2dfc134b4933b23b09350fdfe938d0af718001cb10c8fbd346fea1287df689,120000,19a8912d8c4e32dd8469,19,"{'zstandard': '0.25.0', 'brotli': '1.2.0', 'numpy': '2.4.3'}",130841,2500,semantic,4566392,0.3571102499990957,12782403,25.04828653892386,2500,c85c4aa9d7cd103a47b5f868e99ef94037d5672d9a4a0a61deae5f322a824ae2,ok,39201,4725689,100,307394890,1
131072,1925.8256,5.533685082999,zstd,thematic,116473351,9.112007421452757,96,575b54aa2332ad8e6e45652023cb8e286ff631a4d1721aef1d7e4bd696f3bee8,319937758,0,none,0,2.6549450791390456,53eb9cd8d4aa893c2747d09fc2d647d6ebc4bf394da4df5aeaf9171f7595a7b2,4.986197291997087,589.7334168699886,609.5048533815934,0b2dfc134b4933b23b09350fdfe938d0af718001cb10c8fbd346fea1287df689,120000,c224a4dfb4d73153e4b0,19,"{'zstandard': '0.25.0', 'brotli': '1.2.0', 'numpy': '2.4.3'}",130984,2500,source,4655267,0.5173802499994054,12782403,25.029547104718887,2500,c85c4aa9d7cd103a47b5f868e99ef94037d5672d9a4a0a61deae5f322a824ae2,ok,39201,4814564,100,307155355,1
262144,1840.36,2.7020347919969936,zstd,thematic,224279822,17.5459827076333,96,575b54aa2332ad8e6e45652023cb8e286ff631a4d1721aef1d7e4bd696f3bee8,645747930,0,none,0,2.778239692234128,53eb9cd8d4aa893c2747d09fc2d647d6ebc4bf394da4df5aeaf9171f7595a7b2,2.029877499997383,941.8422601971779,998.1371850703576,0b2dfc134b4933b23b09350fdfe938d0af718001cb10c8fbd346fea1287df689,120000,ee71a43207fc6c62fb6c,19,"{'zstandard': '0.25.0', 'brotli': '1.2.0', 'numpy': '2.4.3'}",261968,2500,alphabetical,4441603,0.6538602500004345,12782403,50.51850813966669,2500,c85c4aa9d7cd103a47b5f868e99ef94037d5672d9a4a0a61deae5f322a824ae2,ok,39201,4600900,50,632965527,1
262144,1864.8532,2.5678916670003673,zstd,thematic,227672758,17.811420747726388,96,575b54aa2332ad8e6e45652023cb8e286ff631a4d1721aef1d7e4bd696f3bee8,646518708,0,none,0,2.741749967236027,53eb9cd8d4aa893c2747d09fc2d647d6ebc4bf394da4df5aeaf9171f7595a7b2,1.8962437500013039,944.8990553144789,981.485049251549,0b2dfc134b4933b23b09350fdfe938d0af718001cb10c8fbd346fea1287df689,120000,b3e2fab156d1002684b5,19,"{'zstandard': '0.25.0', 'brotli': '1.2.0', 'numpy': '2.4.3'}",261959,2500,random,4502836,0.6525229159960872,12782403,50.57880806918699,2500,c85c4aa9d7cd103a47b5f868e99ef94037d5672d9a4a0a61deae5f322a824ae2,ok,39201,4662133,50,633736305,1
262144,1803.2188,2.6379972089998773,zstd,thematic,219897966,17.20317893278752,96,575b54aa2332ad8e6e45652023cb8e286ff631a4d1721aef1d7e4bd696f3bee8,646795495,0,none,0,2.8354635610498296,53eb9cd8d4aa893c2747d09fc2d647d6ebc4bf394da4df5aeaf9171f7595a7b2,1.985245332994964,971.0234541887202,1012.2305032835735,0b2dfc134b4933b23b09350fdfe938d0af718001cb10c8fbd346fea1287df689,120000,582df932102d4fd13acf,19,"{'zstandard': '0.25.0', 'brotli': '1.2.0', 'numpy': '2.4.3'}",262011,2500,semantic,4348750,0.6352392919943668,12782403,50.600461822397556,2500,c85c4aa9d7cd103a47b5f868e99ef94037d5672d9a4a0a61deae5f322a824ae2,ok,39201,4508047,50,634013092,1
262144,1839.8348,2.6606697920069564,zstd,thematic,224593496,17.570522224968183,96,575b54aa2332ad8e6e45652023cb8e286ff631a4d1721aef1d7e4bd696f3bee8,646925551,0,none,0,2.7790327696812778,53eb9cd8d4aa893c2747d09fc2d647d6ebc4bf394da4df5aeaf9171f7595a7b2,1.9913089170004241,947.9704063736909,1003.367793305595,0b2dfc134b4933b23b09350fdfe938d0af718001cb10c8fbd346fea1287df689,120000,50194eedc4faf6309391,19,"{'zstandard': '0.25.0', 'brotli': '1.2.0', 'numpy': '2.4.3'}",262098,2500,source,4440290,0.6508180829987396,12782403,50.610636435105356,2500,c85c4aa9d7cd103a47b5f868e99ef94037d5672d9a4a0a61deae5f322a824ae2,ok,39201,4599587,50,634143148,1
0,1823.3458,19.653590292000445,brotli,mixed,8796479,0.37078935051157375,96,575b54aa2332ad8e6e45652023cb8e286ff631a4d1721aef1d7e4bd696f3bee8,23723656,0,none,0,2.602211385245739,53eb9cd8d4aa893c2747d09fc2d647d6ebc4bf394da4df5aeaf9171f7595a7b2,19.418625749996863,200.74324016296606,205.35100855387898,0b2dfc134b4933b23b09350fdfe938d0af718001cb10c8fbd346fea1287df689,240000,169c4cfe98462234cd79,11,"{'zstandard': '0.25.0', 'brotli': '1.2.0', 'numpy': '2.4.3'}",8192,5000,source,8796479,0.11270437500206754,23723656,1.0,5000,e6a1224f39995324d3651cba63b3553108e884f91c32ba251705324a5b599455,ok,80154,9116729,5000,0,1
65536,1669.6882,20.879979290999472,brotli,mixed,106618233,4.494173790076875,96,575b54aa2332ad8e6e45652023cb8e286ff631a4d1721aef1d7e4bd696f3bee8,315178661,0,none,0,2.8416869688604134,53eb9cd8d4aa893c2747d09fc2d647d6ebc4bf394da4df5aeaf9171f7595a7b2,20.02558904200123,391.5466835432469,295.7715942872203,0b2dfc134b4933b23b09350fdfe938d0af718001cb10c8fbd346fea1287df689,240000,83d916c233cb71b92b6b,11,"{'zstandard': '0.25.0', 'brotli': '1.2.0', 'numpy': '2.4.3'}",65536,5000,semantic,8028191,0.7676678330026334,23723656,13.28541692730665,5000,e6a1224f39995324d3651cba63b3553108e884f91c32ba251705324a5b599455,ok,80154,8348441,377,291455005,1
0,2312.4964,0.5826152080044267,gzip,mixed,11242232,0.4738827775954937,96,575b54aa2332ad8e6e45652023cb8e286ff631a4d1721aef1d7e4bd696f3bee8,23723656,0,none,0,2.0517788481746395,53eb9cd8d4aa893c2747d09fc2d647d6ebc4bf394da4df5aeaf9171f7595a7b2,0.4511608330067247,377.73051598680587,390.72674457740067,0b2dfc134b4933b23b09350fdfe938d0af718001cb10c8fbd346fea1287df689,240000,44c4a563b6a8cb4e1a28,9,"{'zstandard': '0.25.0', 'brotli': '1.2.0', 'numpy': '2.4.3'}",8192,5000,source,11242232,0.059896250000747386,23723656,1.0,5000,e6a1224f39995324d3651cba63b3553108e884f91c32ba251705324a5b599455,ok,80154,11562482,5000,0,1
65536,1988.5558,1.0993861249953625,gzip,mixed,127749437,5.384896703948161,96,575b54aa2332ad8e6e45652023cb8e286ff631a4d1721aef1d7e4bd696f3bee8,315178661,0,none,0,2.3860186372441747,53eb9cd8d4aa893c2747d09fc2d647d6ebc4bf394da4df5aeaf9171f7595a7b2,0.7587218339976971,1010.176455028922,711.0940353869659,0b2dfc134b4933b23b09350fdfe938d0af718001cb10c8fbd346fea1287df689,240000,a4eadaa04d3428765ae0,9,"{'zstandard': '0.25.0', 'brotli': '1.2.0', 'numpy': '2.4.3'}",65536,5000,semantic,9622529,0.2975497919978807,23723656,13.28541692730665,5000,e6a1224f39995324d3651cba63b3553108e884f91c32ba251705324a5b599455,ok,80154,9942779,377,291455005,1
0,2369.642,8.197779665999406,xz,mixed,11527960,0.48592678969885583,96,575b54aa2332ad8e6e45652023cb8e286ff631a4d1721aef1d7e4bd696f3bee8,23723656,0,none,0,2.002298743860887,53eb9cd8d4aa893c2747d09fc2d647d6ebc4bf394da4df5aeaf9171f7595a7b2,6.282975499998429,23.905807426471878,23.67382386273951,0b2dfc134b4933b23b09350fdfe938d0af718001cb10c8fbd346fea1287df689,240000,691736c729a9ea4285cd,9,"{'zstandard': '0.25.0', 'brotli': '1.2.0', 'numpy': '2.4.3'}",8192,5000,source,11527960,0.9464077500015264,23723656,1.0,5000,e6a1224f39995324d3651cba63b3553108e884f91c32ba251705324a5b599455,ok,80154,11848210,5000,0,1
65536,1863.7004,17.71734445799666,xz,mixed,119452248,5.035153435035477,96,575b54aa2332ad8e6e45652023cb8e286ff631a4d1721aef1d7e4bd696f3bee8,315178661,0,none,0,2.545865848394946,53eb9cd8d4aa893c2747d09fc2d647d6ebc4bf394da4df5aeaf9171f7595a7b2,7.794737042000634,32.68145358322046,31.711365384604576,0b2dfc134b4933b23b09350fdfe938d0af718001cb10c8fbd346fea1287df689,240000,c189ea31437d4749c345,9,"{'zstandard': '0.25.0', 'brotli': '1.2.0', 'numpy': '2.4.3'}",65536,5000,semantic,8998252,9.197197833003884,23723656,13.28541692730665,5000,e6a1224f39995324d3651cba63b3553108e884f91c32ba251705324a5b599455,ok,80154,9318502,377,291455005,1
0,2356.6966,0.25010399999882793,zstd,mixed,11463233,0.4831984159608452,96,575b54aa2332ad8e6e45652023cb8e286ff631a4d1721aef1d7e4bd696f3bee8,23723656,0,none,0,2.0132974265758263,53eb9cd8d4aa893c2747d09fc2d647d6ebc4bf394da4df5aeaf9171f7595a7b2,0.14917816699744435,501.8877916937137,530.6770293576772,0b2dfc134b4933b23b09350fdfe938d0af718001cb10c8fbd346fea1287df689,240000,6d6b1b24c058917c3cda,3,"{'zstandard': '0.25.0', 'brotli': '1.2.0', 'numpy': '2.4.3'}",8192,5000,source,11463233,0.04507908300001873,23723656,1.0,5000,e6a1224f39995324d3651cba63b3553108e884f91c32ba251705324a5b599455,ok,80154,11783483,5000,0,1
0,2298.6728,0.5505438750042231,zstd,mixed,11173114,0.47096931434176925,96,575b54aa2332ad8e6e45652023cb8e286ff631a4d1721aef1d7e4bd696f3bee8,23723656,0,none,0,2.0641176943495396,53eb9cd8d4aa893c2747d09fc2d647d6ebc4bf394da4df5aeaf9171f7595a7b2,0.4518649999954505,521.5133947265015,542.5671066193407,0b2dfc134b4933b23b09350fdfe938d0af718001cb10c8fbd346fea1287df689,240000,cb56a764f158e2db7d6e,9,"{'zstandard': '0.25.0', 'brotli': '1.2.0', 'numpy': '2.4.3'}",8192,5000,source,11173114,0.04338266600097995,23723656,1.0,5000,e6a1224f39995324d3651cba63b3553108e884f91c32ba251705324a5b599455,ok,80154,11493364,5000,0,1
0,2279.299,1.2254595419944962,zstd,mixed,11076245,0.46688609040697604,96,575b54aa2332ad8e6e45652023cb8e286ff631a4d1721aef1d7e4bd696f3bee8,23723656,0,none,0,2.0816624760507505,53eb9cd8d4aa893c2747d09fc2d647d6ebc4bf394da4df5aeaf9171f7595a7b2,1.1183365830002003,505.3658850910545,484.510493059104,0b2dfc134b4933b23b09350fdfe938d0af718001cb10c8fbd346fea1287df689,240000,e18f5b193e8fc28e6302,15,"{'zstandard': '0.25.0', 'brotli': '1.2.0', 'numpy': '2.4.3'}",8192,5000,source,11076245,0.04476883399911458,23723656,1.0,5000,e6a1224f39995324d3651cba63b3553108e884f91c32ba251705324a5b599455,ok,80154,11396495,5000,0,1
0,2271.6382,2.170523916000093,zstd,mixed,11037941,0.46527149946871593,96,575b54aa2332ad8e6e45652023cb8e286ff631a4d1721aef1d7e4bd696f3bee8,23723656,0,none,0,2.088682607996291,53eb9cd8d4aa893c2747d09fc2d647d6ebc4bf394da4df5aeaf9171f7595a7b2,2.041827542001556,415.28374527431725,436.0157916157416,0b2dfc134b4933b23b09350fdfe938d0af718001cb10c8fbd346fea1287df689,240000,9258ff5f2833da8c5dca,19,"{'zstandard': '0.25.0', 'brotli': '1.2.0', 'numpy': '2.4.3'}",8192,5000,source,11037941,0.05447995900613023,23723656,1.0,5000,e6a1224f39995324d3651cba63b3553108e884f91c32ba251705324a5b599455,ok,80154,11358191,5000,0,1
0,2271.6382,2.1043639999988955,zstd,mixed,11037941,0.46527149946871593,96,575b54aa2332ad8e6e45652023cb8e286ff631a4d1721aef1d7e4bd696f3bee8,23723656,0,none,0,2.088682607996291,53eb9cd8d4aa893c2747d09fc2d647d6ebc4bf394da4df5aeaf9171f7595a7b2,2.001293749999604,497.54147763411453,530.0217615963262,0b2dfc134b4933b23b09350fdfe938d0af718001cb10c8fbd346fea1287df689,240000,a5223973f43d21488fee,22,"{'zstandard': '0.25.0', 'brotli': '1.2.0', 'numpy': '2.4.3'}",8192,5000,source,11037941,0.045472874997358304,23723656,1.0,5000,e6a1224f39995324d3651cba63b3553108e884f91c32ba251705324a5b599455,ok,80154,11358191,5000,0,1
0,1986.413,2.686313209000218,zstd,mixed,9603623,0.404812099787655,96,575b54aa2332ad8e6e45652023cb8e286ff631a4d1721aef1d7e4bd696f3bee8,23723656,8192,global,8192,2.3885925031702873,53eb9cd8d4aa893c2747d09fc2d647d6ebc4bf394da4df5aeaf9171f7595a7b2,2.517417374998331,288.26110713146056,293.9561542251139,0b2dfc134b4933b23b09350fdfe938d0af718001cb10c8fbd346fea1287df689,240000,27efda8bb33262e1eee2,19,"{'zstandard': '0.25.0', 'brotli': '1.2.0', 'numpy': '2.4.3'}",8192,5000,source,9603623,0.07848662500327919,23723656,1.0,5000,e6a1224f39995324d3651cba63b3553108e884f91c32ba251705324a5b599455,ok,80154,9932065,5000,0,1
0,1984.6358,3.917983000006643,zstd,mixed,9594737,0.40443753694624474,96,575b54aa2332ad8e6e45652023cb8e286ff631a4d1721aef1d7e4bd696f3bee8,23723656,8192,pack,8192,2.3907314379797038,53eb9cd8d4aa893c2747d09fc2d647d6ebc4bf394da4df5aeaf9171f7595a7b2,2.442081542001688,276.9392153230604,302.1438049363094,0b2dfc134b4933b23b09350fdfe938d0af718001cb10c8fbd346fea1287df689,240000,714e367195f977882d39,19,"{'zstandard': '0.25.0', 'brotli': '1.2.0', 'numpy': '2.4.3'}",8192,5000,source,9594737,0.08169533300679177,23723656,1.0,5000,e6a1224f39995324d3651cba63b3553108e884f91c32ba251705324a5b599455,ok,80154,9923179,5000,0,1
0,1934.8678,9.618124041000556,zstd,mixed,9337705,0.39360311918196755,96,575b54aa2332ad8e6e45652023cb8e286ff631a4d1721aef1d7e4bd696f3bee8,23723656,16384,global,16384,2.452225004726421,53eb9cd8d4aa893c2747d09fc2d647d6ebc4bf394da4df5aeaf9171f7595a7b2,8.982683959002316,74.98806019770626,78.83206408920317,0b2dfc134b4933b23b09350fdfe938d0af718001cb10c8fbd346fea1287df689,240000,319a257d4386361b81d6,19,"{'zstandard': '0.25.0', 'brotli': '1.2.0', 'numpy': '2.4.3'}",8192,5000,source,9337705,0.3017099170028814,23723656,1.0,5000,e6a1224f39995324d3651cba63b3553108e884f91c32ba251705324a5b599455,ok,80154,9674339,5000,0,1
0,1929.5746,9.964018041006057,zstd,mixed,9311239,0.3924875238453972,96,575b54aa2332ad8e6e45652023cb8e286ff631a4d1721aef1d7e4bd696f3bee8,23723656,16384,pack,16384,2.458951936867328,53eb9cd8d4aa893c2747d09fc2d647d6ebc4bf394da4df5aeaf9171f7595a7b2,8.336379332999059,239.77862035474644,200.46805996942012,0b2dfc134b4933b23b09350fdfe938d0af718001cb10c8fbd346fea1287df689,240000,abc6d0d9a26b788707fd,19,"{'zstandard': '0.25.0', 'brotli': '1.2.0', 'numpy': '2.4.3'}",8192,5000,source,9311239,0.09435637499700533,23723656,1.0,5000,e6a1224f39995324d3651cba63b3553108e884f91c32ba251705324a5b599455,ok,80154,9647873,5000,0,1
0,1865.6248,6.552501250000205,zstd,mixed,8975106,0.3783188392210712,96,575b54aa2332ad8e6e45652023cb8e286ff631a4d1721aef1d7e4bd696f3bee8,23723656,32768,global,32768,2.543239776829725,53eb9cd8d4aa893c2747d09fc2d647d6ebc4bf394da4df5aeaf9171f7595a7b2,6.381635500001721,282.08590952366865,289.81721817298245,0b2dfc134b4933b23b09350fdfe938d0af718001cb10c8fbd346fea1287df689,240000,307ef7d8ebd669c26889,19,"{'zstandard': '0.25.0', 'brotli': '1.2.0', 'numpy': '2.4.3'}",8192,5000,source,8975106,0.08020479100377997,23723656,1.0,5000,e6a1224f39995324d3651cba63b3553108e884f91c32ba251705324a5b599455,ok,80154,9328124,5000,0,1
0,1859.985,12.273214916996949,zstd,mixed,8946907,0.37713019443546136,96,575b54aa2332ad8e6e45652023cb8e286ff631a4d1721aef1d7e4bd696f3bee8,23723656,32768,pack,32768,2.550951324876276,53eb9cd8d4aa893c2747d09fc2d647d6ebc4bf394da4df5aeaf9171f7595a7b2,8.142292333002842,269.2879387972966,283.05023444214555,0b2dfc134b4933b23b09350fdfe938d0af718001cb10c8fbd346fea1287df689,240000,e16b412f9091235e13fc,19,"{'zstandard': '0.25.0', 'brotli': '1.2.0', 'numpy': '2.4.3'}",8192,5000,source,8946907,0.08401654199406039,23723656,1.0,5000,e6a1224f39995324d3651cba63b3553108e884f91c32ba251705324a5b599455,ok,80154,9299925,5000,0,1
0,1804.019,13.606347332999576,zstd,mixed,8634309,0.36395355757982667,96,575b54aa2332ad8e6e45652023cb8e286ff631a4d1721aef1d7e4bd696f3bee8,23723656,65536,global,65536,2.6300893726729044,53eb9cd8d4aa893c2747d09fc2d647d6ebc4bf394da4df5aeaf9171f7595a7b2,13.42987604100199,273.94089343088467,282.43438177006885,0b2dfc134b4933b23b09350fdfe938d0af718001cb10c8fbd346fea1287df689,240000,830eb1cfb2d90cdfb466,19,"{'zstandard': '0.25.0', 'brotli': '1.2.0', 'numpy': '2.4.3'}",8192,5000,source,8634309,0.08258950000163168,23723656,1.0,5000,e6a1224f39995324d3651cba63b3553108e884f91c32ba251705324a5b599455,ok,80154,9020095,5000,0,1
0,1796.9562,14.883924750000006,zstd,mixed,8598995,0.36246500117857045,96,575b54aa2332ad8e6e45652023cb8e286ff631a4d1721aef1d7e4bd696f3bee8,23723656,65536,pack,65536,2.6404267393940932,53eb9cd8d4aa893c2747d09fc2d647d6ebc4bf394da4df5aeaf9171f7595a7b2,13.571393749996787,268.9010727424224,278.9065233727729,0b2dfc134b4933b23b09350fdfe938d0af718001cb10c8fbd346fea1287df689,240000,23db01b98f330f557c2f,19,"{'zstandard': '0.25.0', 'brotli': '1.2.0', 'numpy': '2.4.3'}",8192,5000,source,8598995,0.08413741599360947,23723656,1.0,5000,e6a1224f39995324d3651cba63b3553108e884f91c32ba251705324a5b599455,ok,80154,8984781,5000,0,1
16384,2110.3078,2.448396416999458,zstd,mixed,30300107,1.2772106879310676,96,575b54aa2332ad8e6e45652023cb8e286ff631a4d1721aef1d7e4bd696f3bee8,70320505,0,none,0,2.2483597890317233,53eb9cd8d4aa893c2747d09fc2d647d6ebc4bf394da4df5aeaf9171f7595a7b2,2.298455832999025,656.697847241117,648.6345064542514,0b2dfc134b4933b23b09350fdfe938d0af718001cb10c8fbd346fea1287df689,240000,d09eb681ef08bd204c19,19,"{'zstandard': '0.25.0', 'brotli': '1.2.0', 'numpy': '2.4.3'}",16384,5000,alphabetical,10231289,0.10212133299501147,23723656,2.9641512674100485,5000,e6a1224f39995324d3651cba63b3553108e884f91c32ba251705324a5b599455,ok,80154,10551539,1712,46596849,1
16384,2125.9654,2.442041792004602,zstd,mixed,30562249,1.2882605025127662,96,575b54aa2332ad8e6e45652023cb8e286ff631a4d1721aef1d7e4bd696f3bee8,70389992,0,none,0,2.231800762138462,53eb9cd8d4aa893c2747d09fc2d647d6ebc4bf394da4df5aeaf9171f7595a7b2,2.287739250001323,641.89156916982,640.1071622871295,0b2dfc134b4933b23b09350fdfe938d0af718001cb10c8fbd346fea1287df689,240000,ef79e142a8b1d14ffe94,19,"{'zstandard': '0.25.0', 'brotli': '1.2.0', 'numpy': '2.4.3'}",16384,5000,random,10309577,0.10458016700431472,23723656,2.967080284758808,5000,e6a1224f39995324d3651cba63b3553108e884f91c32ba251705324a5b599455,ok,80154,10629827,1709,46666336,1
16384,2095.4376,2.475331333000213,zstd,mixed,30047086,1.2665453419152597,96,575b54aa2332ad8e6e45652023cb8e286ff631a4d1721aef1d7e4bd696f3bee8,70293545,0,none,0,2.264315196023971,53eb9cd8d4aa893c2747d09fc2d647d6ebc4bf394da4df5aeaf9171f7595a7b2,2.3240694170017377,649.9279995470863,646.4860594931866,0b2dfc134b4933b23b09350fdfe938d0af718001cb10c8fbd346fea1287df689,240000,277e8c53b7d4895d4e60,19,"{'zstandard': '0.25.0', 'brotli': '1.2.0', 'numpy': '2.4.3'}",16384,5000,semantic,10156938,0.10314549999748124,23723656,2.96301484897606,5000,e6a1224f39995324d3651cba63b3553108e884f91c32ba251705324a5b599455,ok,80154,10477188,1712,46569889,1
16384,2109.5732,2.451384499996493,zstd,mixed,30109084,1.2691586827932424,96,575b54aa2332ad8e6e45652023cb8e286ff631a4d1721aef1d7e4bd696f3bee8,69922568,0,none,0,2.2491427175885623,53eb9cd8d4aa893c2747d09fc2d647d6ebc4bf394da4df5aeaf9171f7595a7b2,2.3019855419988744,660.6627052509149,655.7653242133867,0b2dfc134b4933b23b09350fdfe938d0af718001cb10c8fbd346fea1287df689,240000,b9215325e2b37c254e13,19,"{'zstandard': '0.25.0', 'brotli': '1.2.0', 'numpy': '2.4.3'}",16384,5000,source,10227616,0.10093404199869838,23723656,2.947377419399438,5000,e6a1224f39995324d3651cba63b3553108e884f91c32ba251705324a5b599455,ok,80154,10547866,1721,46198912,1
32768,2011.9366,2.893825833001756,zstd,mixed,62171408,2.620650375304717,96,575b54aa2332ad8e6e45652023cb8e286ff631a4d1721aef1d7e4bd696f3bee8,151460262,0,none,0,2.358290614127702,53eb9cd8d4aa893c2747d09fc2d647d6ebc4bf394da4df5aeaf9171f7595a7b2,2.647412834005081,718.3807129058166,672.6025713061571,0b2dfc134b4933b23b09350fdfe938d0af718001cb10c8fbd346fea1287df689,240000,8a4e328a42ea1667b8e2,19,"{'zstandard': '0.25.0', 'brotli': '1.2.0', 'numpy': '2.4.3'}",32768,5000,alphabetical,9739433,0.20106854099867633,23723656,6.38435585139154,5000,e6a1224f39995324d3651cba63b3553108e884f91c32ba251705324a5b599455,ok,80154,10059683,786,127736606,1
32768,2033.3124,2.864914875004615,zstd,mixed,62987011,2.655029688510068,96,575b54aa2332ad8e6e45652023cb8e286ff631a4d1721aef1d7e4bd696f3bee8,151779597,0,none,0,2.3334983842128736,53eb9cd8d4aa893c2747d09fc2d647d6ebc4bf394da4df5aeaf9171f7595a7b2,2.632365874997049,759.9217048001786,767.4529856482563,0b2dfc134b4933b23b09350fdfe938d0af718001cb10c8fbd346fea1287df689,240000,4b55c56667265a34a1f2,19,"{'zstandard': '0.25.0', 'brotli': '1.2.0', 'numpy': '2.4.3'}",32760,5000,random,9846312,0.19047791699995287,23723656,6.397816466399614,5000,e6a1224f39995324d3651cba63b3553108e884f91c32ba251705324a5b599455,ok,80154,10166562,784,128055941,1
32768,1984.6844,2.9303931660033413,zstd,mixed,61464574,2.590855895061031,96,575b54aa2332ad8e6e45652023cb8e286ff631a4d1721aef1d7e4bd696f3bee8,151962913,0,none,0,2.3906728948945233,53eb9cd8d4aa893c2747d09fc2d647d6ebc4bf394da4df5aeaf9171f7595a7b2,2.6927427090049605,745.2396781854947,761.945607822269,0b2dfc134b4933b23b09350fdfe938d0af718001cb10c8fbd346fea1287df689,240000,5aa9754051f6d5b99188,19,"{'zstandard': '0.25.0', 'brotli': '1.2.0', 'numpy': '2.4.3'}",32768,5000,semantic,9603172,0.19446512500144308,23723656,6.405543605926506,5000,e6a1224f39995324d3651cba63b3553108e884f91c32ba251705324a5b599455,ok,80154,9923422,783,128239257,1
32768,2008.3066,2.9086547080005403,zstd,mixed,62100324,2.617654041181511,96,575b54aa2332ad8e6e45652023cb8e286ff631a4d1721aef1d7e4bd696f3bee8,151605632,0,none,0,2.3625532077622013,53eb9cd8d4aa893c2747d09fc2d647d6ebc4bf394da4df5aeaf9171f7595a7b2,2.6702335410009255,738.4535093998855,734.3725531961369,0b2dfc134b4933b23b09350fdfe938d0af718001cb10c8fbd346fea1287df689,240000,ae06ed2957790c88ea87,19,"{'zstandard': '0.25.0', 'brotli': '1.2.0', 'numpy': '2.4.3'}",32760,5000,source,9721283,0.19579079200048,23723656,6.390483490402997,5000,e6a1224f39995324d3651cba63b3553108e884f91c32ba251705324a5b599455,ok,80154,10041533,785,127881976,1
65536,1929.863,3.4816904999970575,zstd,mixed,123813770,5.21900039353125,96,575b54aa2332ad8e6e45652023cb8e286ff631a4d1721aef1d7e4bd696f3bee8,314887954,0,none,0,2.458584469467522,53eb9cd8d4aa893c2747d09fc2d647d6ebc4bf394da4df5aeaf9171f7595a7b2,3.0706454160026624,809.1862661666275,804.3506735195265,0b2dfc134b4933b23b09350fdfe938d0af718001cb10c8fbd346fea1287df689,240000,a18cd030d695e01d8239,19,"{'zstandard': '0.25.0', 'brotli': '1.2.0', 'numpy': '2.4.3'}",65524,5000,alphabetical,9329065,0.37111424999602605,23723656,13.273163040300366,5000,e6a1224f39995324d3651cba63b3553108e884f91c32ba251705324a5b599455,ok,80154,9649315,377,291164298,1
65536,1951.8152,3.47559000000183,zstd,mixed,125597615,5.294193061979992,96,575b54aa2332ad8e6e45652023cb8e286ff631a4d1721aef1d7e4bd696f3bee8,315699836,0,none,0,2.430932600586367,53eb9cd8d4aa893c2747d09fc2d647d6ebc4bf394da4df5aeaf9171f7595a7b2,3.058971250000468,801.5086225552075,825.5774862898029,0b2dfc134b4933b23b09350fdfe938d0af718001cb10c8fbd346fea1287df689,240000,cfc509882ebdaa61ab4d,19,"{'zstandard': '0.25.0', 'brotli': '1.2.0', 'numpy': '2.4.3'}",65521,5000,random,9438826,0.3756351670017466,23723656,13.307385505842776,5000,e6a1224f39995324d3651cba63b3553108e884f91c32ba251705324a5b599455,ok,80154,9759076,376,291976180,1
65536,1892.5298,3.5590159999992466,zstd,mixed,121369143,5.115954429620797,96,575b54aa2332ad8e6e45652023cb8e286ff631a4d1721aef1d7e4bd696f3bee8,315178661,0,none,0,2.5070840099849416,53eb9cd8d4aa893c2747d09fc2d647d6ebc4bf394da4df5aeaf9171f7595a7b2,3.1467658750043483,831.9942704787192,874.1415713011669,0b2dfc134b4933b23b09350fdfe938d0af718001cb10c8fbd346fea1287df689,240000,6dad1be828f597002eaa,19,"{'zstandard': '0.25.0', 'brotli': '1.2.0', 'numpy': '2.4.3'}",65536,5000,semantic,9142399,0.3612738750016433,23723656,13.28541692730665,5000,e6a1224f39995324d3651cba63b3553108e884f91c32ba251705324a5b599455,ok,80154,9462649,377,291455005,1
65536,1923.845,3.488603833000525,zstd,mixed,123471485,5.204572389685637,96,575b54aa2332ad8e6e45652023cb8e286ff631a4d1721aef1d7e4bd696f3bee8,315103932,0,none,0,2.466275193687641,53eb9cd8d4aa893c2747d09fc2d647d6ebc4bf394da4df5aeaf9171f7595a7b2,3.089742791002209,832.1700636413748,828.261082973087,0b2dfc134b4933b23b09350fdfe938d0af718001cb10c8fbd346fea1287df689,240000,d89724965e495b31eda9,19,"{'zstandard': '0.25.0', 'brotli': '1.2.0', 'numpy': '2.4.3'}",65493,5000,source,9298975,0.3611119169945596,23723656,13.282266949073954,5000,e6a1224f39995324d3651cba63b3553108e884f91c32ba251705324a5b599455,ok,80154,9619225,377,291380276,1
131072,1851.1136,4.670098125003278,zstd,mixed,241703297,10.188281983181682,96,575b54aa2332ad8e6e45652023cb8e286ff631a4d1721aef1d7e4bd696f3bee8,641744407,0,none,0,2.5631766737600543,53eb9cd8d4aa893c2747d09fc2d647d6ebc4bf394da4df5aeaf9171f7595a7b2,3.890670417000365,825.9089114335691,873.8672442048158,0b2dfc134b4933b23b09350fdfe938d0af718001cb10c8fbd346fea1287df689,240000,c716371864ad451312a5,19,"{'zstandard': '0.25.0', 'brotli': '1.2.0', 'numpy': '2.4.3'}",130992,5000,alphabetical,8935318,0.7410201660022722,23723656,27.050822478626397,5000,e6a1224f39995324d3651cba63b3553108e884f91c32ba251705324a5b599455,ok,80154,9255568,185,618020751,1
131072,1870.586,4.812926332997449,zstd,mixed,244316686,10.298441606133558,96,575b54aa2332ad8e6e45652023cb8e286ff631a4d1721aef1d7e4bd696f3bee8,641747386,0,none,0,2.5364945530438057,53eb9cd8d4aa893c2747d09fc2d647d6ebc4bf394da4df5aeaf9171f7595a7b2,3.9804695830025594,845.7517997743086,899.1829413432998,0b2dfc134b4933b23b09350fdfe938d0af718001cb10c8fbd346fea1287df689,240000,1f196b8f2b9917348a16,19,"{'zstandard': '0.25.0', 'brotli': '1.2.0', 'numpy': '2.4.3'}",131051,5000,random,9032680,0.7236378330053412,23723656,27.05094804949119,5000,e6a1224f39995324d3651cba63b3553108e884f91c32ba251705324a5b599455,ok,80154,9352930,185,618023730,1
131072,1806.6332,4.755260208999971,zstd,mixed,235600090,9.931019485360942,96,575b54aa2332ad8e6e45652023cb8e286ff631a4d1721aef1d7e4bd696f3bee8,641792851,0,none,0,2.626283630789028,53eb9cd8d4aa893c2747d09fc2d647d6ebc4bf394da4df5aeaf9171f7595a7b2,3.9703386670007603,821.167758675024,809.5975459567026,0b2dfc134b4933b23b09350fdfe938d0af718001cb10c8fbd346fea1287df689,240000,e545499db89fa9d0d148,19,"{'zstandard': '0.25.0', 'brotli': '1.2.0', 'numpy': '2.4.3'}",131070,5000,semantic,8712916,0.7453548339981353,23723656,27.052864491037976,5000,e6a1224f39995324d3651cba63b3553108e884f91c32ba251705324a5b599455,ok,80154,9033166,185,618069195,1
131072,1842.6638,4.567049166995275,zstd,mixed,240768780,10.148890204781253,96,575b54aa2332ad8e6e45652023cb8e286ff631a4d1721aef1d7e4bd696f3bee8,642491852,0,none,0,2.5749304892189233,53eb9cd8d4aa893c2747d09fc2d647d6ebc4bf394da4df5aeaf9171f7595a7b2,3.7717201249979553,811.5617134421914,802.1950466985547,0b2dfc134b4933b23b09350fdfe938d0af718001cb10c8fbd346fea1287df689,240000,dd65c8d67fc209471f8f,19,"{'zstandard': '0.25.0', 'brotli': '1.2.0', 'numpy': '2.4.3'}",131040,5000,source,8893069,0.7549986250014626,23723656,27.082328794516325,5000,e6a1224f39995324d3651cba63b3553108e884f91c32ba251705324a5b599455,ok,80154,9213319,185,618768196,1
262144,1779.765,4.68894241599628,zstd,mixed,467900799,19.72296339990767,96,575b54aa2332ad8e6e45652023cb8e286ff631a4d1721aef1d7e4bd696f3bee8,1294087967,0,none,0,2.665931288681371,53eb9cd8d4aa893c2747d09fc2d647d6ebc4bf394da4df5aeaf9171f7595a7b2,3.235582916997373,871.8183708037486,866.8569536355598,0b2dfc134b4933b23b09350fdfe938d0af718001cb10c8fbd346fea1287df689,240000,9ea7e724bd8cd8a8e4c5,19,"{'zstandard': '0.25.0', 'brotli': '1.2.0', 'numpy': '2.4.3'}",262077,5000,alphabetical,8578575,1.4155912499991246,23723656,54.548420656580085,5000,e6a1224f39995324d3651cba63b3553108e884f91c32ba251705324a5b599455,ok,80154,8898825,92,1270364311,1
262144,1796.338,4.577883708996524,zstd,mixed,472790448,19.929071977776108,96,575b54aa2332ad8e6e45652023cb8e286ff631a4d1721aef1d7e4bd696f3bee8,1295303626,0,none,0,2.6413354279651156,53eb9cd8d4aa893c2747d09fc2d647d6ebc4bf394da4df5aeaf9171f7595a7b2,3.159963958001754,894.314472357225,850.1629021574578,0b2dfc134b4933b23b09350fdfe938d0af718001cb10c8fbd346fea1287df689,240000,6af0584141b7eb915042,19,"{'zstandard': '0.25.0', 'brotli': '1.2.0', 'numpy': '2.4.3'}",262096,5000,random,8661440,1.3812790000010864,23723656,54.599663137924445,5000,e6a1224f39995324d3651cba63b3553108e884f91c32ba251705324a5b599455,ok,80154,8981690,92,1271579970,1
262144,1732.7532,4.631953250005608,zstd,mixed,455453953,19.19830371001839,96,575b54aa2332ad8e6e45652023cb8e286ff631a4d1721aef1d7e4bd696f3bee8,1295899558,0,none,0,2.7382613981033193,53eb9cd8d4aa893c2747d09fc2d647d6ebc4bf394da4df5aeaf9171f7595a7b2,3.2535686249975697,919.4951009205369,965.5257017674408,0b2dfc134b4933b23b09350fdfe938d0af718001cb10c8fbd346fea1287df689,240000,ff32507cd588d7449bb8,19,"{'zstandard': '0.25.0', 'brotli': '1.2.0', 'numpy': '2.4.3'}",262055,5000,semantic,8343516,1.3440703750020475,23723656,54.624782874949794,5000,e6a1224f39995324d3651cba63b3553108e884f91c32ba251705324a5b599455,ok,80154,8663766,92,1272175902,1
262144,1769.4742,4.660080542002106,zstd,mixed,465194786,19.608899488341933,96,575b54aa2332ad8e6e45652023cb8e286ff631a4d1721aef1d7e4bd696f3bee8,1294713424,0,none,0,2.681435649075867,53eb9cd8d4aa893c2747d09fc2d647d6ebc4bf394da4df5aeaf9171f7595a7b2,3.208939542004373,873.3663099837165,870.1589708929769,0b2dfc134b4933b23b09350fdfe938d0af718001cb10c8fbd346fea1287df689,240000,984de8e5e4e188b46697,19,"{'zstandard': '0.25.0', 'brotli': '1.2.0', 'numpy': '2.4.3'}",262137,5000,source,8527121,1.4137652499994147,23723656,54.574784931968324,5000,e6a1224f39995324d3651cba63b3553108e884f91c32ba251705324a5b599455,ok,80154,8847371,92,1270989768,1
0,1927.3698,20.554880292002053,brotli,thematic,9319831,0.3706873208477852,96,575b54aa2332ad8e6e45652023cb8e286ff631a4d1721aef1d7e4bd696f3bee8,25142028,0,none,0,2.6089469701144017,53eb9cd8d4aa893c2747d09fc2d647d6ebc4bf394da4df5aeaf9171f7595a7b2,20.299780708999606,196.39517977423742,201.01909489460533,0b2dfc134b4933b23b09350fdfe938d0af718001cb10c8fbd346fea1287df689,240000,40c3581c994d96c0bc96,11,"{'zstandard': '0.25.0', 'brotli': '1.2.0', 'numpy': '2.4.3'}",8639,5000,source,9319831,0.12208704100339673,25142028,1.0,5000,24067bf0bdc98d978019d3501a1b714f6039125a05c40f6312c735ff7eb864d8,ok,76922,9636849,5000,0,1
65536,1743.1728,21.803619333004463,brotli,thematic,105067749,4.178968737128127,96,575b54aa2332ad8e6e45652023cb8e286ff631a4d1721aef1d7e4bd696f3bee8,314396729,0,none,0,2.8846283053521717,53eb9cd8d4aa893c2747d09fc2d647d6ebc4bf394da4df5aeaf9171f7595a7b2,20.965793916999246,400.1088713563738,306.2115238336601,0b2dfc134b4933b23b09350fdfe938d0af718001cb10c8fbd346fea1287df689,240000,865a4a316b0b91c24f5e,11,"{'zstandard': '0.25.0', 'brotli': '1.2.0', 'numpy': '2.4.3'}",65504,5000,semantic,8398846,0.7493762500016601,25142028,12.504827733069106,5000,24067bf0bdc98d978019d3501a1b714f6039125a05c40f6312c735ff7eb864d8,ok,76922,8715864,401,289254701,1
0,2441.5154,0.5924401249940274,gzip,thematic,11890559,0.472935556352097,96,575b54aa2332ad8e6e45652023cb8e286ff631a4d1721aef1d7e4bd696f3bee8,25142028,0,none,0,2.0595428560475186,53eb9cd8d4aa893c2747d09fc2d647d6ebc4bf394da4df5aeaf9171f7595a7b2,0.4548663750028936,392.7095415681969,410.5266749781187,0b2dfc134b4933b23b09350fdfe938d0af718001cb10c8fbd346fea1287df689,240000,f57de550dddb2eb0d378,9,"{'zstandard': '0.25.0', 'brotli': '1.2.0', 'numpy': '2.4.3'}",8639,5000,source,11890559,0.06105608300276799,25142028,1.0,5000,24067bf0bdc98d978019d3501a1b714f6039125a05c40f6312c735ff7eb864d8,ok,76922,12207577,5000,0,1
65536,2073.3024,1.1089352919952944,gzip,thematic,125659366,4.9979805129482795,96,575b54aa2332ad8e6e45652023cb8e286ff631a4d1721aef1d7e4bd696f3bee8,314396729,0,none,0,2.4253121975839127,53eb9cd8d4aa893c2747d09fc2d647d6ebc4bf394da4df5aeaf9171f7595a7b2,0.777278749999823,1045.014528941985,755.2601166324508,0b2dfc134b4933b23b09350fdfe938d0af718001cb10c8fbd346fea1287df689,240000,33e9a170f98d00223d3d,9,"{'zstandard': '0.25.0', 'brotli': '1.2.0', 'numpy': '2.4.3'}",65504,5000,semantic,10049494,0.2869166669988772,25142028,12.504827733069106,5000,24067bf0bdc98d978019d3501a1b714f6039125a05c40f6312c735ff7eb864d8,ok,76922,10366512,401,289254701,1
0,2498.2684,8.6590885839978,xz,thematic,12174324,0.48422203650397655,96,575b54aa2332ad8e6e45652023cb8e286ff631a4d1721aef1d7e4bd696f3bee8,25142028,0,none,0,2.0127563555621166,53eb9cd8d4aa893c2747d09fc2d647d6ebc4bf394da4df5aeaf9171f7595a7b2,6.646234666004602,23.973203951425415,23.984333775698982,0b2dfc134b4933b23b09350fdfe938d0af718001cb10c8fbd346fea1287df689,240000,27b8b43fc4d69519ece1,9,"{'zstandard': '0.25.0', 'brotli': '1.2.0', 'numpy': '2.4.3'}",8639,5000,source,12174324,1.0001711250006338,25142028,1.0,5000,24067bf0bdc98d978019d3501a1b714f6039125a05c40f6312c735ff7eb864d8,ok,76922,12491342,5000,0,1
65536,1942.726,17.75804141700064,xz,thematic,117488352,4.672986284161325,96,575b54aa2332ad8e6e45652023cb8e286ff631a4d1721aef1d7e4bd696f3bee8,314396729,0,none,0,2.588324653090554,53eb9cd8d4aa893c2747d09fc2d647d6ebc4bf394da4df5aeaf9171f7595a7b2,8.073204375003115,33.585719935713165,32.143263629991566,0b2dfc134b4933b23b09350fdfe938d0af718001cb10c8fbd346fea1287df689,240000,e48a35ad7a78e0ca426f,9,"{'zstandard': '0.25.0', 'brotli': '1.2.0', 'numpy': '2.4.3'}",65504,5000,semantic,9396612,8.92736812500516,25142028,12.504827733069106,5000,24067bf0bdc98d978019d3501a1b714f6039125a05c40f6312c735ff7eb864d8,ok,76922,9713630,401,289254701,1
0,2483.4094,0.24949558300431818,zstd,thematic,12100029,0.48126702428300533,96,575b54aa2332ad8e6e45652023cb8e286ff631a4d1721aef1d7e4bd696f3bee8,25142028,0,none,0,2.024799294067261,53eb9cd8d4aa893c2747d09fc2d647d6ebc4bf394da4df5aeaf9171f7595a7b2,0.14765295799588785,524.5599259545642,553.6962037573545,0b2dfc134b4933b23b09350fdfe938d0af718001cb10c8fbd346fea1287df689,240000,5afd6010b5bccf8182d9,3,"{'zstandard': '0.25.0', 'brotli': '1.2.0', 'numpy': '2.4.3'}",8639,5000,source,12100029,0.045709375001024455,25142028,1.0,5000,24067bf0bdc98d978019d3501a1b714f6039125a05c40f6312c735ff7eb864d8,ok,76922,12417047,5000,0,1
0,2421.1374,0.5790938749996712,zstd,thematic,11788669,0.4688829795273476,96,575b54aa2332ad8e6e45652023cb8e286ff631a4d1721aef1d7e4bd696f3bee8,25142028,0,none,0,2.0768774213309826,53eb9cd8d4aa893c2747d09fc2d647d6ebc4bf394da4df5aeaf9171f7595a7b2,0.47843483299948275,535.8032384262077,553.9755064863317,0b2dfc134b4933b23b09350fdfe938d0af718001cb10c8fbd346fea1287df689,240000,3a198b87b0728dc007a2,9,"{'zstandard': '0.25.0', 'brotli': '1.2.0', 'numpy': '2.4.3'}",8639,5000,source,11788669,0.04475020799873164,25142028,1.0,5000,24067bf0bdc98d978019d3501a1b714f6039125a05c40f6312c735ff7eb864d8,ok,76922,12105687,5000,0,1
0,2401.6944,1.2360256659958395,zstd,thematic,11691454,0.46501634633451205,96,575b54aa2332ad8e6e45652023cb8e286ff631a4d1721aef1d7e4bd696f3bee8,25142028,0,none,0,2.0936908542568946,53eb9cd8d4aa893c2747d09fc2d647d6ebc4bf394da4df5aeaf9171f7595a7b2,1.133986166001705,530.3897326299439,549.9245595580676,0b2dfc134b4933b23b09350fdfe938d0af718001cb10c8fbd346fea1287df689,240000,ce16c0417b25cb1fbd8d,15,"{'zstandard': '0.25.0', 'brotli': '1.2.0', 'numpy': '2.4.3'}",8639,5000,source,11691454,0.045206957998743746,25142028,1.0,5000,24067bf0bdc98d978019d3501a1b714f6039125a05c40f6312c735ff7eb864d8,ok,76922,12008472,5000,0,1
0,2393.529,2.12303462500131,zstd,thematic,11650627,0.46339249164784957,96,575b54aa2332ad8e6e45652023cb8e286ff631a4d1721aef1d7e4bd696f3bee8,25142028,0,none,0,2.1008333719791987,53eb9cd8d4aa893c2747d09fc2d647d6ebc4bf394da4df5aeaf9171f7595a7b2,2.024410957994405,544.825791624639,569.2527835206201,0b2dfc134b4933b23b09350fdfe938d0af718001cb10c8fbd346fea1287df689,240000,a8ee6ecbc4346fbd5d7e,19,"{'zstandard': '0.25.0', 'brotli': '1.2.0', 'numpy': '2.4.3'}",8639,5000,source,11650627,0.0440091249984107,25142028,1.0,5000,24067bf0bdc98d978019d3501a1b714f6039125a05c40f6312c735ff7eb864d8,ok,76922,11967645,5000,0,1
0,2393.529,2.1346357919974253,zstd,thematic,11650627,0.46339249164784957,96,575b54aa2332ad8e6e45652023cb8e286ff631a4d1721aef1d7e4bd696f3bee8,25142028,0,none,0,2.1008333719791987,53eb9cd8d4aa893c2747d09fc2d647d6ebc4bf394da4df5aeaf9171f7595a7b2,2.032349458000681,526.6781088496476,550.580668714923,0b2dfc134b4933b23b09350fdfe938d0af718001cb10c8fbd346fea1287df689,240000,81f9ee0c5fb097ef84cd,22,"{'zstandard': '0.25.0', 'brotli': '1.2.0', 'numpy': '2.4.3'}",8639,5000,source,11650627,0.045525542001996655,25142028,1.0,5000,24067bf0bdc98d978019d3501a1b714f6039125a05c40f6312c735ff7eb864d8,ok,76922,11967645,5000,0,1
0,2085.834,2.6434038340012194,zstd,thematic,10103960,0.40187529820585677,96,575b54aa2332ad8e6e45652023cb8e286ff631a4d1721aef1d7e4bd696f3bee8,25142028,8192,global,8192,2.4107410273300753,53eb9cd8d4aa893c2747d09fc2d647d6ebc4bf394da4df5aeaf9171f7595a7b2,2.4765675840026233,308.67878730008744,315.74741802851963,0b2dfc134b4933b23b09350fdfe938d0af718001cb10c8fbd346fea1287df689,240000,4350c14ad0497d6b457a,19,"{'zstandard': '0.25.0', 'brotli': '1.2.0', 'numpy': '2.4.3'}",8639,5000,source,10103960,0.07767720799893141,25142028,1.0,5000,24067bf0bdc98d978019d3501a1b714f6039125a05c40f6312c735ff7eb864d8,ok,76922,10429170,5000,0,1
0,2073.9638,3.891067333999672,zstd,thematic,10044609,0.3995146692223873,96,575b54aa2332ad8e6e45652023cb8e286ff631a4d1721aef1d7e4bd696f3bee8,25142028,8192,pack,8192,2.4245387503870606,53eb9cd8d4aa893c2747d09fc2d647d6ebc4bf394da4df5aeaf9171f7595a7b2,2.4881459170064772,312.7230030823361,318.6998875564155,0b2dfc134b4933b23b09350fdfe938d0af718001cb10c8fbd346fea1287df689,240000,0973ebdb9bf5ba3d54a8,19,"{'zstandard': '0.25.0', 'brotli': '1.2.0', 'numpy': '2.4.3'}",8639,5000,source,10044609,0.07667266600037692,25142028,1.0,5000,24067bf0bdc98d978019d3501a1b714f6039125a05c40f6312c735ff7eb864d8,ok,76922,10369819,5000,0,1
0,2025.6902,3.490653499997279,zstd,thematic,9795049,0.3895886600714946,96,575b54aa2332ad8e6e45652023cb8e286ff631a4d1721aef1d7e4bd696f3bee8,25142028,16384,global,16384,2.482317187494909,53eb9cd8d4aa893c2747d09fc2d647d6ebc4bf394da4df5aeaf9171f7595a7b2,3.327198375001899,312.77126944036837,325.5644543088991,0b2dfc134b4933b23b09350fdfe938d0af718001cb10c8fbd346fea1287df689,240000,bcb2f3cff6320ed0d287,19,"{'zstandard': '0.25.0', 'brotli': '1.2.0', 'numpy': '2.4.3'}",8639,5000,source,9795049,0.0766608339981758,25142028,1.0,5000,24067bf0bdc98d978019d3501a1b714f6039125a05c40f6312c735ff7eb864d8,ok,76922,10128451,5000,0,1
0,2016.1716,4.687440041998343,zstd,thematic,9747456,0.3876956942375532,96,575b54aa2332ad8e6e45652023cb8e286ff631a4d1721aef1d7e4bd696f3bee8,25142028,16384,pack,16384,2.4940365195105416,53eb9cd8d4aa893c2747d09fc2d647d6ebc4bf394da4df5aeaf9171f7595a7b2,3.3412424580019433,312.5076586971386,322.3362778734197,0b2dfc134b4933b23b09350fdfe938d0af718001cb10c8fbd346fea1287df689,240000,c1b1344db7c8b41e1ffe,19,"{'zstandard': '0.25.0', 'brotli': '1.2.0', 'numpy': '2.4.3'}",8639,5000,source,9747456,0.07672549999551848,25142028,1.0,5000,24067bf0bdc98d978019d3501a1b714f6039125a05c40f6312c735ff7eb864d8,ok,76922,10080858,5000,0,1
0,1947.9738,6.708093417000782,zstd,thematic,9390083,0.37348152662943496,96,575b54aa2332ad8e6e45652023cb8e286ff631a4d1721aef1d7e4bd696f3bee8,25142028,32768,global,32768,2.5813517615072645,53eb9cd8d4aa893c2747d09fc2d647d6ebc4bf394da4df5aeaf9171f7595a7b2,6.531700624997029,287.9061805128087,297.15046503236925,0b2dfc134b4933b23b09350fdfe938d0af718001cb10c8fbd346fea1287df689,240000,f87326569f65cd27da12,19,"{'zstandard': '0.25.0', 'brotli': '1.2.0', 'numpy': '2.4.3'}",8639,5000,source,9390083,0.08328166600404074,25142028,1.0,5000,24067bf0bdc98d978019d3501a1b714f6039125a05c40f6312c735ff7eb864d8,ok,76922,9739869,5000,0,1
0,1931.9908,7.770782459003385,zstd,thematic,9310168,0.37030298430977804,96,575b54aa2332ad8e6e45652023cb8e286ff631a4d1721aef1d7e4bd696f3bee8,25142028,32768,pack,32768,2.602706803779811,53eb9cd8d4aa893c2747d09fc2d647d6ebc4bf394da4df5aeaf9171f7595a7b2,6.421573207997426,286.6307405370082,291.42616583998466,0b2dfc134b4933b23b09350fdfe938d0af718001cb10c8fbd346fea1287df689,240000,ddde2c61e3ee7c074b93,19,"{'zstandard': '0.25.0', 'brotli': '1.2.0', 'numpy': '2.4.3'}",8639,5000,source,9310168,0.08365225000306964,25142028,1.0,5000,24067bf0bdc98d978019d3501a1b714f6039125a05c40f6312c735ff7eb864d8,ok,76922,9659954,5000,0,1
0,1879.3326,13.852259291998053,zstd,thematic,9014109,0.3585275221235137,96,575b54aa2332ad8e6e45652023cb8e286ff631a4d1721aef1d7e4bd696f3bee8,25142028,65536,global,65536,2.675633679743543,53eb9cd8d4aa893c2747d09fc2d647d6ebc4bf394da4df5aeaf9171f7595a7b2,13.673386875001597,286.39622036041897,290.8720027433047,0b2dfc134b4933b23b09350fdfe938d0af718001cb10c8fbd346fea1287df689,240000,157800f2744d75ebf467,19,"{'zstandard': '0.25.0', 'brotli': '1.2.0', 'numpy': '2.4.3'}",8639,5000,source,9014109,0.08372075000079349,25142028,1.0,5000,24067bf0bdc98d978019d3501a1b714f6039125a05c40f6312c735ff7eb864d8,ok,76922,9396663,5000,0,1
0,1858.6362,14.999634541003616,zstd,thematic,8910627,0.3544116250288163,96,575b54aa2332ad8e6e45652023cb8e286ff631a4d1721aef1d7e4bd696f3bee8,25142028,65536,pack,65536,2.705427560272419,53eb9cd8d4aa893c2747d09fc2d647d6ebc4bf394da4df5aeaf9171f7595a7b2,13.631011041004967,282.2011882900194,296.04064818897467,0b2dfc134b4933b23b09350fdfe938d0af718001cb10c8fbd346fea1287df689,240000,778e4ce890a9f7d7ccba,19,"{'zstandard': '0.25.0', 'brotli': '1.2.0', 'numpy': '2.4.3'}",8639,5000,source,8910627,0.08496529200056102,25142028,1.0,5000,24067bf0bdc98d978019d3501a1b714f6039125a05c40f6312c735ff7eb864d8,ok,76922,9293181,5000,0,1
16384,2218.5466,2.59781245799968,zstd,thematic,29789409,1.1848451127331494,96,575b54aa2332ad8e6e45652023cb8e286ff631a4d1721aef1d7e4bd696f3bee8,69586787,0,none,0,2.2665314309827886,53eb9cd8d4aa893c2747d09fc2d647d6ebc4bf394da4df5aeaf9171f7595a7b2,2.447662541999307,655.0094843259171,651.9093223289502,0b2dfc134b4933b23b09350fdfe938d0af718001cb10c8fbd346fea1287df689,240000,74519d05a60b0e3c1ee9,19,"{'zstandard': '0.25.0', 'brotli': '1.2.0', 'numpy': '2.4.3'}",16381,5000,alphabetical,10775715,0.10131629100214923,25142028,2.7677475739029487,5000,24067bf0bdc98d978019d3501a1b714f6039125a05c40f6312c735ff7eb864d8,ok,76922,11092733,1838,44444759,1
16384,2238.498,2.563042250003491,zstd,thematic,30180583,1.200403682630534,96,575b54aa2332ad8e6e45652023cb8e286ff631a4d1721aef1d7e4bd696f3bee8,69838602,0,none,0,2.2463301731786225,53eb9cd8d4aa893c2747d09fc2d647d6ebc4bf394da4df5aeaf9171f7595a7b2,2.4105525839986512,640.9055690243227,652.1619944651305,0b2dfc134b4933b23b09350fdfe938d0af718001cb10c8fbd346fea1287df689,240000,a6b0e72a70fe5f335a64,19,"{'zstandard': '0.25.0', 'brotli': '1.2.0', 'numpy': '2.4.3'}",16383,5000,random,10875472,0.10392058399884263,25142028,2.777763273511588,5000,24067bf0bdc98d978019d3501a1b714f6039125a05c40f6312c735ff7eb864d8,ok,76922,11192490,1831,44696574,1
16384,2205.501,2.6112566660012817,zstd,thematic,29690840,1.180924625491627,96,575b54aa2332ad8e6e45652023cb8e286ff631a4d1721aef1d7e4bd696f3bee8,69826529,0,none,0,2.279938027686226,53eb9cd8d4aa893c2747d09fc2d647d6ebc4bf394da4df5aeaf9171f7595a7b2,2.4606461670045974,650.623416441024,658.2176675924045,0b2dfc134b4933b23b09350fdfe938d0af718001cb10c8fbd346fea1287df689,240000,b7051e67f05386fa9a88,19,"{'zstandard': '0.25.0', 'brotli': '1.2.0', 'numpy': '2.4.3'}",16381,5000,semantic,10710487,0.10235070799535606,25142028,2.7772830815398026,5000,24067bf0bdc98d978019d3501a1b714f6039125a05c40f6312c735ff7eb864d8,ok,76922,11027505,1834,44684501,1
16384,2219.7602,2.5951238330017077,zstd,thematic,29774841,1.1842656845342787,96,575b54aa2332ad8e6e45652023cb8e286ff631a4d1721aef1d7e4bd696f3bee8,69544595,0,none,0,2.2652922599477185,53eb9cd8d4aa893c2747d09fc2d647d6ebc4bf394da4df5aeaf9171f7595a7b2,2.447756334004225,659.0426493297308,686.6910584241617,0b2dfc134b4933b23b09350fdfe938d0af718001cb10c8fbd346fea1287df689,240000,1967a8226a351b5d25ad,19,"{'zstandard': '0.25.0', 'brotli': '1.2.0', 'numpy': '2.4.3'}",16381,5000,source,10781783,0.10063520800031256,25142028,2.766069427653171,5000,24067bf0bdc98d978019d3501a1b714f6039125a05c40f6312c735ff7eb864d8,ok,76922,11098801,1838,44402567,1
32768,2100.594,3.085740499998792,zstd,thematic,61075900,2.4292352231888374,96,575b54aa2332ad8e6e45652023cb8e286ff631a4d1721aef1d7e4bd696f3bee8,150769602,0,none,0,2.3938017532183755,53eb9cd8d4aa893c2747d09fc2d647d6ebc4bf394da4df5aeaf9171f7595a7b2,2.850398165996012,754.8637643959112,734.4910136002859,0b2dfc134b4933b23b09350fdfe938d0af718001cb10c8fbd346fea1287df689,240000,1669470066e74b139a84,19,"{'zstandard': '0.25.0', 'brotli': '1.2.0', 'numpy': '2.4.3'}",32756,5000,alphabetical,10185952,0.1904782079946017,25142028,5.996716016703187,5000,24067bf0bdc98d978019d3501a1b714f6039125a05c40f6312c735ff7eb864d8,ok,76922,10502970,837,125627574,1
32768,2130.894,3.0438616250030464,zstd,thematic,62279332,2.477100574384851,96,575b54aa2332ad8e6e45652023cb8e286ff631a4d1721aef1d7e4bd696f3bee8,151500752,0,none,0,2.3597633669248683,53eb9cd8d4aa893c2747d09fc2d647d6ebc4bf394da4df5aeaf9171f7595a7b2,2.8023651670009713,737.5304847077973,741.1583480956367,0b2dfc134b4933b23b09350fdfe938d0af718001cb10c8fbd346fea1287df689,240000,cc015c9276cc9ed8b649,19,"{'zstandard': '0.25.0', 'brotli': '1.2.0', 'numpy': '2.4.3'}",32766,5000,random,10337452,0.1959002090006834,25142028,6.025796805253737,5000,24067bf0bdc98d978019d3501a1b714f6039125a05c40f6312c735ff7eb864d8,ok,76922,10654470,832,126358724,1
32768,2076.7242,3.1315445829968667,zstd,thematic,60349034,2.400324826620987,96,575b54aa2332ad8e6e45652023cb8e286ff631a4d1721aef1d7e4bd696f3bee8,150821517,0,none,0,2.4213160322396203,53eb9cd8d4aa893c2747d09fc2d647d6ebc4bf394da4df5aeaf9171f7595a7b2,2.8914268749940675,737.1427325782928,738.90288845688,0b2dfc134b4933b23b09350fdfe938d0af718001cb10c8fbd346fea1287df689,240000,d18acb6964b40fdd1f03,19,"{'zstandard': '0.25.0', 'brotli': '1.2.0', 'numpy': '2.4.3'}",32768,5000,semantic,10066603,0.1951245000018389,25142028,5.998780885933306,5000,24067bf0bdc98d978019d3501a1b714f6039125a05c40f6312c735ff7eb864d8,ok,76922,10383621,837,125679489,1
32768,2102.3376,3.0861604159945273,zstd,thematic,61188440,2.433711393528,96,575b54aa2332ad8e6e45652023cb8e286ff631a4d1721aef1d7e4bd696f3bee8,150962932,0,none,0,2.391816423775135,53eb9cd8d4aa893c2747d09fc2d647d6ebc4bf394da4df5aeaf9171f7595a7b2,2.849982583997189,749.273349866729,739.735886738751,0b2dfc134b4933b23b09350fdfe938d0af718001cb10c8fbd346fea1287df689,240000,cf2b767ca5af35ce7bd3,19,"{'zstandard': '0.25.0', 'brotli': '1.2.0', 'numpy': '2.4.3'}",32765,5000,source,10194670,0.19214545800059568,25142028,6.004405531646055,5000,24067bf0bdc98d978019d3501a1b714f6039125a05c40f6312c735ff7eb864d8,ok,76922,10511688,836,125820904,1
65536,2003.1344,3.73373441700096,zstd,thematic,121174733,4.819608545499989,96,575b54aa2332ad8e6e45652023cb8e286ff631a4d1721aef1d7e4bd696f3bee8,314028053,0,none,0,2.5102687068825738,53eb9cd8d4aa893c2747d09fc2d647d6ebc4bf394da4df5aeaf9171f7595a7b2,3.3374478749974514,842.8930256437743,813.657736508104,0b2dfc134b4933b23b09350fdfe938d0af718001cb10c8fbd346fea1287df689,240000,b81011bd4a9dbb68a582,19,"{'zstandard': '0.25.0', 'brotli': '1.2.0', 'numpy': '2.4.3'}",65527,5000,alphabetical,9698654,0.35530070799723035,25142028,12.490163999499165,5000,24067bf0bdc98d978019d3501a1b714f6039125a05c40f6312c735ff7eb864d8,ok,76922,10015672,401,288886025,1
65536,2037.676,3.7104196250002133,zstd,thematic,123602255,4.916160899987861,96,575b54aa2332ad8e6e45652023cb8e286ff631a4d1721aef1d7e4bd696f3bee8,314877634,0,none,0,2.4677159666207973,53eb9cd8d4aa893c2747d09fc2d647d6ebc4bf394da4df5aeaf9171f7595a7b2,3.2940442500039353,802.7791473863307,811.6413673658777,0b2dfc134b4933b23b09350fdfe938d0af718001cb10c8fbd346fea1287df689,240000,8c6f54ed301ab54ff220,19,"{'zstandard': '0.25.0', 'brotli': '1.2.0', 'numpy': '2.4.3'}",65530,5000,random,9871362,0.3740639169991482,25142028,12.52395526725211,5000,24067bf0bdc98d978019d3501a1b714f6039125a05c40f6312c735ff7eb864d8,ok,76922,10188380,400,289735606,1
65536,1969.39,3.8048590830003377,zstd,thematic,119159496,4.739454430644974,96,575b54aa2332ad8e6e45652023cb8e286ff631a4d1721aef1d7e4bd696f3bee8,314396729,0,none,0,2.55328076206338,53eb9cd8d4aa893c2747d09fc2d647d6ebc4bf394da4df5aeaf9171f7595a7b2,3.4167163750025793,892.073094483816,907.1732420916097,0b2dfc134b4933b23b09350fdfe938d0af718001cb10c8fbd346fea1287df689,240000,f49286dddd14084c264e,19,"{'zstandard': '0.25.0', 'brotli': '1.2.0', 'numpy': '2.4.3'}",65504,5000,semantic,9529932,0.33610708299966063,25142028,12.504827733069106,5000,24067bf0bdc98d978019d3501a1b714f6039125a05c40f6312c735ff7eb864d8,ok,76922,9846950,401,289254701,1
65536,2003.6986,3.7517682500038063,zstd,thematic,121415668,4.829191503565266,96,575b54aa2332ad8e6e45652023cb8e286ff631a4d1721aef1d7e4bd696f3bee8,314776687,0,none,0,2.509561867238915,53eb9cd8d4aa893c2747d09fc2d647d6ebc4bf394da4df5aeaf9171f7595a7b2,3.344652166997548,831.3559028552343,864.7664061972146,0b2dfc134b4933b23b09350fdfe938d0af718001cb10c8fbd346fea1287df689,240000,04f6c34fa7dc8518acf7,19,"{'zstandard': '0.25.0', 'brotli': '1.2.0', 'numpy': '2.4.3'}",65528,5000,source,9701475,0.3610901669962914,25142028,12.519940197346054,5000,24067bf0bdc98d978019d3501a1b714f6039125a05c40f6312c735ff7eb864d8,ok,76922,10018493,400,289634659,1
131072,1911.226,4.837265666996245,zstd,thematic,236064376,9.389233676774204,96,575b54aa2332ad8e6e45652023cb8e286ff631a4d1721aef1d7e4bd696f3bee8,642331285,0,none,0,2.6309843001298643,53eb9cd8d4aa893c2747d09fc2d647d6ebc4bf394da4df5aeaf9171f7595a7b2,4.097541959003138,872.4187869410262,916.7199547835196,0b2dfc134b4933b23b09350fdfe938d0af718001cb10c8fbd346fea1287df689,240000,4d824724f7a82d2c7563,19,"{'zstandard': '0.25.0', 'brotli': '1.2.0', 'numpy': '2.4.3'}",131020,5000,alphabetical,9239112,0.7021568749987637,25142028,25.548109524020894,5000,24067bf0bdc98d978019d3501a1b714f6039125a05c40f6312c735ff7eb864d8,ok,76922,9556130,196,617189257,1
131072,1943.9466,4.8335205410039634,zstd,thematic,240351115,9.559734600566033,96,575b54aa2332ad8e6e45652023cb8e286ff631a4d1721aef1d7e4bd696f3bee8,642772702,0,none,0,2.586699449460186,53eb9cd8d4aa893c2747d09fc2d647d6ebc4bf394da4df5aeaf9171f7595a7b2,4.093157875002362,873.7511077770282,908.122395697534,0b2dfc134b4933b23b09350fdfe938d0af718001cb10c8fbd346fea1287df689,240000,949932fb91190098dcca,19,"{'zstandard': '0.25.0', 'brotli': '1.2.0', 'numpy': '2.4.3'}",131045,5000,random,9402715,0.7015680000040447,25142028,25.565666460955338,5000,24067bf0bdc98d978019d3501a1b714f6039125a05c40f6312c735ff7eb864d8,ok,76922,9719733,196,617630674,1
131072,1870.4394,4.955400292004924,zstd,thematic,230594668,9.171681297944621,96,575b54aa2332ad8e6e45652023cb8e286ff631a4d1721aef1d7e4bd696f3bee8,641774033,0,none,0,2.688355260266652,53eb9cd8d4aa893c2747d09fc2d647d6ebc4bf394da4df5aeaf9171f7595a7b2,4.2150827499935986,871.8835186227183,940.849188999662,0b2dfc134b4933b23b09350fdfe938d0af718001cb10c8fbd346fea1287df689,240000,4a659967a993bcd4a4c5,19,"{'zstandard': '0.25.0', 'brotli': '1.2.0', 'numpy': '2.4.3'}",131064,5000,semantic,9035179,0.701978416997008,25142028,25.52594536128907,5000,24067bf0bdc98d978019d3501a1b714f6039125a05c40f6312c735ff7eb864d8,ok,76922,9352197,196,616632005,1
131072,1910.3176,4.804743624998082,zstd,thematic,235672637,9.373652634544834,96,575b54aa2332ad8e6e45652023cb8e286ff631a4d1721aef1d7e4bd696f3bee8,641922862,0,none,0,2.6322353937376697,53eb9cd8d4aa893c2747d09fc2d647d6ebc4bf394da4df5aeaf9171f7595a7b2,4.087848457995278,900.1836542149529,915.2254965358555,0b2dfc134b4933b23b09350fdfe938d0af718001cb10c8fbd346fea1287df689,240000,1458af04ed6c72e2a820,19,"{'zstandard': '0.25.0', 'brotli': '1.2.0', 'numpy': '2.4.3'}",131046,5000,source,9234570,0.680067166002118,25142028,25.531864891726315,5000,24067bf0bdc98d978019d3501a1b714f6039125a05c40f6312c735ff7eb864d8,ok,76922,9551588,196,616780834,1
262144,1829.7208,4.909157333000621,zstd,thematic,455363552,18.11164763638001,96,575b54aa2332ad8e6e45652023cb8e286ff631a4d1721aef1d7e4bd696f3bee8,1296188513,0,none,0,2.7481819084091956,53eb9cd8d4aa893c2747d09fc2d647d6ebc4bf394da4df5aeaf9171f7595a7b2,3.517111417000706,911.1705249569984,1024.5434947693411,0b2dfc134b4933b23b09350fdfe938d0af718001cb10c8fbd346fea1287df689,240000,e98ff9bb030095ddadac,19,"{'zstandard': '0.25.0', 'brotli': '1.2.0', 'numpy': '2.4.3'}",262120,5000,alphabetical,8831586,1.3566524159978144,25142028,51.55465235342193,5000,24067bf0bdc98d978019d3501a1b714f6039125a05c40f6312c735ff7eb864d8,ok,76922,9148604,97,1271046485,1
262144,1859.0992,4.8075622909964295,zstd,thematic,462863644,18.40995658743201,96,575b54aa2332ad8e6e45652023cb8e286ff631a4d1721aef1d7e4bd696f3bee8,1296224159,0,none,0,2.704753786134704,53eb9cd8d4aa893c2747d09fc2d647d6ebc4bf394da4df5aeaf9171f7595a7b2,3.419211082997208,914.3014876136957,967.9831801793242,0b2dfc134b4933b23b09350fdfe938d0af718001cb10c8fbd346fea1287df689,240000,2867f3feb0f755c00f31,19,"{'zstandard': '0.25.0', 'brotli': '1.2.0', 'numpy': '2.4.3'}",262035,5000,random,8978478,1.352043833998323,25142028,51.556070138812984,5000,24067bf0bdc98d978019d3501a1b714f6039125a05c40f6312c735ff7eb864d8,ok,76922,9295496,97,1271082131,1
262144,1785.0388,4.867862375002005,zstd,thematic,443703225,17.647869336554713,96,575b54aa2332ad8e6e45652023cb8e286ff631a4d1721aef1d7e4bd696f3bee8,1296018046,0,none,0,2.8169727179039468,53eb9cd8d4aa893c2747d09fc2d647d6ebc4bf394da4df5aeaf9171f7595a7b2,3.5464686670020455,962.1391327741084,963.6696853848762,0b2dfc134b4933b23b09350fdfe938d0af718001cb10c8fbd346fea1287df689,240000,302754e00ec3a521a038,19,"{'zstandard': '0.25.0', 'brotli': '1.2.0', 'numpy': '2.4.3'}",262132,5000,semantic,8608176,1.2846157920066616,25142028,51.54787219233071,5000,24067bf0bdc98d978019d3501a1b714f6039125a05c40f6312c735ff7eb864d8,ok,76922,8925194,97,1270876018,1
262144,1827.7848,4.79413024999667,zstd,thematic,454640921,18.08290568286695,96,575b54aa2332ad8e6e45652023cb8e286ff631a4d1721aef1d7e4bd696f3bee8,1296149171,0,none,0,2.75109279823314,53eb9cd8d4aa893c2747d09fc2d647d6ebc4bf394da4df5aeaf9171f7595a7b2,3.4500900830025785,945.3427132369908,996.6544877055571,0b2dfc134b4933b23b09350fdfe938d0af718001cb10c8fbd346fea1287df689,240000,2f953e68ffbc33967aac,19,"{'zstandard': '0.25.0', 'brotli': '1.2.0', 'numpy': '2.4.3'}",262037,5000,source,8821906,1.3075725420058006,25142028,51.55308756318305,5000,24067bf0bdc98d978019d3501a1b714f6039125a05c40f6312c735ff7eb864d8,ok,76922,9138924,97,1271007143,1
0,1832.5455249021215,85.55616133299918,brotli,mixed,38843653,0.3705563239721108,96,575b54aa2332ad8e6e45652023cb8e286ff631a4d1721aef1d7e4bd696f3bee8,104825233,0,none,0,2.604114553955854,53eb9cd8d4aa893c2747d09fc2d647d6ebc4bf394da4df5aeaf9171f7595a7b2,84.50915645800706,201.76112618322816,203.0075015656824,0b2dfc134b4933b23b09350fdfe938d0af718001cb10c8fbd346fea1287df689,1054368,6e14a4aa040261a1fc9c,11,"{'zstandard': '0.25.0', 'brotli': '1.2.0', 'numpy': '2.4.3'}",8639,21966,source,38843653,0.49548262499592965,104825233,1.0,21966,575b54aa2332ad8e6e45652023cb8e286ff631a4d1721aef1d7e4bd696f3bee8,ok,355578,40253695,21966,0,1
65536,1664.0793954293,90.93464541599678,brotli,mixed,464429436,4.430511840598532,96,575b54aa2332ad8e6e45652023cb8e286ff631a4d1721aef1d7e4bd696f3bee8,1385881962,0,none,0,2.86774686670113,53eb9cd8d4aa893c2747d09fc2d647d6ebc4bf394da4df5aeaf9171f7595a7b2,87.23413704099949,398.3104023004078,305.66077390815656,0b2dfc134b4933b23b09350fdfe938d0af718001cb10c8fbd346fea1287df689,1054368,7d7888e36320366c8db1,11,"{'zstandard': '0.25.0', 'brotli': '1.2.0', 'numpy': '2.4.3'}",65535,21966,semantic,35143126,3.318216208004742,104825233,13.22088129296121,21966,575b54aa2332ad8e6e45652023cb8e286ff631a4d1721aef1d7e4bd696f3bee8,ok,355578,36553168,1663,1281056729,1
0,2325.8720750250386,2.4959035409992794,gzip,mixed,49680064,0.4739323021585843,96,575b54aa2332ad8e6e45652023cb8e286ff631a4d1721aef1d7e4bd696f3bee8,104825233,0,none,0,2.05177168745745,53eb9cd8d4aa893c2747d09fc2d647d6ebc4bf394da4df5aeaf9171f7595a7b2,1.9276065840022056,391.15520187895527,399.1090430025351,0b2dfc134b4933b23b09350fdfe938d0af718001cb10c8fbd346fea1287df689,1054368,7dba9e8add2095e0b3d7,9,"{'zstandard': '0.25.0', 'brotli': '1.2.0', 'numpy': '2.4.3'}",8639,21966,source,49680064,0.25557408400345594,104825233,1.0,21966,575b54aa2332ad8e6e45652023cb8e286ff631a4d1721aef1d7e4bd696f3bee8,ok,355578,51090106,21966,0,1
65536,1980.5740234908494,4.7224142080012825,gzip,mixed,556084238,5.304870040212551,96,575b54aa2332ad8e6e45652023cb8e286ff631a4d1721aef1d7e4bd696f3bee8,1385881962,0,none,0,2.40948251142522,53eb9cd8d4aa893c2747d09fc2d647d6ebc4bf394da4df5aeaf9171f7595a7b2,3.248014332995808,1024.8651938617784,748.3986896798888,0b2dfc134b4933b23b09350fdfe938d0af718001cb10c8fbd346fea1287df689,1054368,3c9f46df4fdb51c1aae9,9,"{'zstandard': '0.25.0', 'brotli': '1.2.0', 'numpy': '2.4.3'}",65535,21966,semantic,42095247,1.2896135420014616,104825233,13.22088129296121,21966,575b54aa2332ad8e6e45652023cb8e286ff631a4d1721aef1d7e4bd696f3bee8,ok,355578,43505289,1663,1281056729,1
0,2382.5503960666483,55.54935870799818,xz,mixed,50925060,0.4858091753538005,96,575b54aa2332ad8e6e45652023cb8e286ff631a4d1721aef1d7e4bd696f3bee8,104825233,0,none,0,2.002962237467312,53eb9cd8d4aa893c2747d09fc2d647d6ebc4bf394da4df5aeaf9171f7595a7b2,46.203354874996876,19.38728853624922,24.467264046243166,0b2dfc134b4933b23b09350fdfe938d0af718001cb10c8fbd346fea1287df689,1054368,b45ae6fa5488598e595e,9,"{'zstandard': '0.25.0', 'brotli': '1.2.0', 'numpy': '2.4.3'}",8639,21966,source,50925060,5.156426708999788,104825233,1.0,21966,575b54aa2332ad8e6e45652023cb8e286ff631a4d1721aef1d7e4bd696f3bee8,ok,355578,52335102,21966,0,1
65536,1854.759810616407,113.14228083300259,xz,mixed,519531696,4.956170199974657,96,575b54aa2332ad8e6e45652023cb8e286ff631a4d1721aef1d7e4bd696f3bee8,1385881962,0,none,0,2.572925316188685,53eb9cd8d4aa893c2747d09fc2d647d6ebc4bf394da4df5aeaf9171f7595a7b2,53.41886870899907,23.293138009660716,34.076636171300464,0b2dfc134b4933b23b09350fdfe938d0af718001cb10c8fbd346fea1287df689,1054368,2b5c9d0a672f055971e5,9,"{'zstandard': '0.25.0', 'brotli': '1.2.0', 'numpy': '2.4.3'}",65535,21966,semantic,39331612,56.7411755419962,104825233,13.22088129296121,21966,575b54aa2332ad8e6e45652023cb8e286ff631a4d1721aef1d7e4bd696f3bee8,ok,355578,40741654,1663,1281056729,1
0,2370.3621961212784,1.0690130829971167,zstd,mixed,50657334,0.483255152888618,96,575b54aa2332ad8e6e45652023cb8e286ff631a4d1721aef1d7e4bd696f3bee8,104825233,0,none,0,2.0132612982071536,53eb9cd8d4aa893c2747d09fc2d647d6ebc4bf394da4df5aeaf9171f7595a7b2,0.6340275000038673,519.8868667125754,540.2967826450335,0b2dfc134b4933b23b09350fdfe938d0af718001cb10c8fbd346fea1287df689,1054368,8af919a4264b452eedeb,3,"{'zstandard': '0.25.0', 'brotli': '1.2.0', 'numpy': '2.4.3'}",8639,21966,source,50657334,0.19229016700410284,104825233,1.0,21966,575b54aa2332ad8e6e45652023cb8e286ff631a4d1721aef1d7e4bd696f3bee8,ok,355578,52067376,21966,0,1
0,2311.9277975052355,2.355931625002995,zstd,mixed,49373764,0.4710102957748732,96,575b54aa2332ad8e6e45652023cb8e286ff631a4d1721aef1d7e4bd696f3bee8,104825233,0,none,0,2.064146846339166,53eb9cd8d4aa893c2747d09fc2d647d6ebc4bf394da4df5aeaf9171f7595a7b2,1.9211919579975074,515.0448493571863,564.6543316914383,0b2dfc134b4933b23b09350fdfe938d0af718001cb10c8fbd346fea1287df689,1054368,d121424bc7f29d33bfd1,9,"{'zstandard': '0.25.0', 'brotli': '1.2.0', 'numpy': '2.4.3'}",8639,21966,source,49373764,0.19409791700309142,104825233,1.0,21966,575b54aa2332ad8e6e45652023cb8e286ff631a4d1721aef1d7e4bd696f3bee8,ok,355578,50783806,21966,0,1
0,2292.350405171629,5.174964124998951,zstd,mixed,48943727,0.46690787703758313,96,575b54aa2332ad8e6e45652023cb8e286ff631a4d1721aef1d7e4bd696f3bee8,104825233,0,none,0,2.081775308616918,53eb9cd8d4aa893c2747d09fc2d647d6ebc4bf394da4df5aeaf9171f7595a7b2,4.738591583001835,548.6910532392403,562.8510987251759,0b2dfc134b4933b23b09350fdfe938d0af718001cb10c8fbd346fea1287df689,1054368,4965b0f94364e9df624a,15,"{'zstandard': '0.25.0', 'brotli': '1.2.0', 'numpy': '2.4.3'}",8639,21966,source,48943727,0.18219566700281575,104825233,1.0,21966,575b54aa2332ad8e6e45652023cb8e286ff631a4d1721aef1d7e4bd696f3bee8,ok,355578,50353769,21966,0,1
0,2284.656696713102,8.815509667001606,zstd,mixed,48774727,0.4652956697935506,96,575b54aa2332ad8e6e45652023cb8e286ff631a4d1721aef1d7e4bd696f3bee8,104825233,0,none,0,2.088785802720343,53eb9cd8d4aa893c2747d09fc2d647d6ebc4bf394da4df5aeaf9171f7595a7b2,8.385777791998407,537.0858524110369,554.7207154897782,0b2dfc134b4933b23b09350fdfe938d0af718001cb10c8fbd346fea1287df689,1054368,45fe9fa5e3f548224159,19,"{'zstandard': '0.25.0', 'brotli': '1.2.0', 'numpy': '2.4.3'}",8639,21966,source,48774727,0.18613249999907566,104825233,1.0,21966,575b54aa2332ad8e6e45652023cb8e286ff631a4d1721aef1d7e4bd696f3bee8,ok,355578,50184769,21966,0,1
0,2284.6564690885916,8.843667666995316,zstd,mixed,48774722,0.4652956220951114,96,575b54aa2332ad8e6e45652023cb8e286ff631a4d1721aef1d7e4bd696f3bee8,104825233,0,none,0,2.0887860108299003,53eb9cd8d4aa893c2747d09fc2d647d6ebc4bf394da4df5aeaf9171f7595a7b2,8.404796917006024,530.9561539101503,541.2169633135347,0b2dfc134b4933b23b09350fdfe938d0af718001cb10c8fbd346fea1287df689,1054368,79605fc3d44be56f9a6d,22,"{'zstandard': '0.25.0', 'brotli': '1.2.0', 'numpy': '2.4.3'}",8639,21966,source,48774722,0.18828133300121408,104825233,1.0,21966,575b54aa2332ad8e6e45652023cb8e286ff631a4d1721aef1d7e4bd696f3bee8,ok,355578,50184764,21966,0,1
0,1997.4593917873076,11.045397374997265,zstd,mixed,42457959,0.405035674950515,96,575b54aa2332ad8e6e45652023cb8e286ff631a4d1721aef1d7e4bd696f3bee8,104825233,8192,global,8192,2.3891141375916547,53eb9cd8d4aa893c2747d09fc2d647d6ebc4bf394da4df5aeaf9171f7595a7b2,10.329089457998634,300.48263401100144,308.77145346316627,0b2dfc134b4933b23b09350fdfe938d0af718001cb10c8fbd346fea1287df689,1054368,21032a05736579505dfc,19,"{'zstandard': '0.25.0', 'brotli': '1.2.0', 'numpy': '2.4.3'}",8639,21966,source,42457959,0.3326952080024057,104825233,1.0,21966,575b54aa2332ad8e6e45652023cb8e286ff631a4d1721aef1d7e4bd696f3bee8,ok,355578,43876193,21966,0,1
0,1997.4419557497952,16.268448165996233,zstd,mixed,42457576,0.40503202125007437,96,575b54aa2332ad8e6e45652023cb8e286ff631a4d1721aef1d7e4bd696f3bee8,104825233,8192,pack,8192,2.389134992607544,53eb9cd8d4aa893c2747d09fc2d647d6ebc4bf394da4df5aeaf9171f7595a7b2,10.340066917000513,307.8921965226582,311.7957407720958,0b2dfc134b4933b23b09350fdfe938d0af718001cb10c8fbd346fea1287df689,1054368,48ad726a67401198b6db,19,"{'zstandard': '0.25.0', 'brotli': '1.2.0', 'numpy': '2.4.3'}",8639,21966,source,42457576,0.32468874999904074,104825233,1.0,21966,575b54aa2332ad8e6e45652023cb8e286ff631a4d1721aef1d7e4bd696f3bee8,ok,355578,43875810,21966,0,1
0,1944.4881635254485,14.573528917004296,zstd,mixed,41286201,0.39385746941292277,96,575b54aa2332ad8e6e45652023cb8e286ff631a4d1721aef1d7e4bd696f3bee8,104825233,16384,global,16384,2.454197748127269,53eb9cd8d4aa893c2747d09fc2d647d6ebc4bf394da4df5aeaf9171f7595a7b2,13.867991416998848,307.3809816119144,312.8551422877832,0b2dfc134b4933b23b09350fdfe938d0af718001cb10c8fbd346fea1287df689,1054368,de18fe9bdecd2b8e0747,19,"{'zstandard': '0.25.0', 'brotli': '1.2.0', 'numpy': '2.4.3'}",8639,21966,source,41286201,0.3252287499999511,104825233,1.0,21966,575b54aa2332ad8e6e45652023cb8e286ff631a4d1721aef1d7e4bd696f3bee8,ok,355578,42712627,21966,0,1
0,1933.2922698716197,19.654174457995396,zstd,mixed,41040272,0.39151138352346904,96,575b54aa2332ad8e6e45652023cb8e286ff631a4d1721aef1d7e4bd696f3bee8,104825233,16384,pack,16384,2.468410258786779,53eb9cd8d4aa893c2747d09fc2d647d6ebc4bf394da4df5aeaf9171f7595a7b2,13.974772749999829,308.1801865062082,314.9841944836634,0b2dfc134b4933b23b09350fdfe938d0af718001cb10c8fbd346fea1287df689,1054368,25553bec06a44a5e7c85,19,"{'zstandard': '0.25.0', 'brotli': '1.2.0', 'numpy': '2.4.3'}",8639,21966,source,41040272,0.324385332998645,104825233,1.0,21966,575b54aa2332ad8e6e45652023cb8e286ff631a4d1721aef1d7e4bd696f3bee8,ok,355578,42466698,21966,0,1
0,1871.7669580260404,27.81695204100106,zstd,mixed,39672423,0.3784625310587194,96,575b54aa2332ad8e6e45652023cb8e286ff631a4d1721aef1d7e4bd696f3bee8,104825233,32768,global,32768,2.5495473417358476,53eb9cd8d4aa893c2747d09fc2d647d6ebc4bf394da4df5aeaf9171f7595a7b2,27.048281499999575,283.74801882125877,291.1952356274716,0b2dfc134b4933b23b09350fdfe938d0af718001cb10c8fbd346fea1287df689,1054368,b1bcd104b008e16b1a98,19,"{'zstandard': '0.25.0', 'brotli': '1.2.0', 'numpy': '2.4.3'}",8639,21966,source,39672423,0.35231658299744595,104825233,1.0,21966,575b54aa2332ad8e6e45652023cb8e286ff631a4d1721aef1d7e4bd696f3bee8,ok,355578,41115233,21966,0,1
0,1863.1479559318948,32.42489329199452,zstd,mixed,39483098,0.3766564296594504,96,575b54aa2332ad8e6e45652023cb8e286ff631a4d1721aef1d7e4bd696f3bee8,104825233,32768,pack,32768,2.5613416567324543,53eb9cd8d4aa893c2747d09fc2d647d6ebc4bf394da4df5aeaf9171f7595a7b2,26.764310958998976,288.38965490005717,292.7790332488706,0b2dfc134b4933b23b09350fdfe938d0af718001cb10c8fbd346fea1287df689,1054368,f753845aaf536cac9c42,19,"{'zstandard': '0.25.0', 'brotli': '1.2.0', 'numpy': '2.4.3'}",8639,21966,source,39483098,0.3466460419949726,104825233,1.0,21966,575b54aa2332ad8e6e45652023cb8e286ff631a4d1721aef1d7e4bd696f3bee8,ok,355578,40925908,21966,0,1
0,1805.001866520987,59.410635041000205,zstd,mixed,38173093,0.36415939089780036,96,575b54aa2332ad8e6e45652023cb8e286ff631a4d1721aef1d7e4bd696f3bee8,104825233,65536,global,65536,2.6438523752788585,53eb9cd8d4aa893c2747d09fc2d647d6ebc4bf394da4df5aeaf9171f7595a7b2,58.62875850000273,273.69881967283027,276.8329871451904,0b2dfc134b4933b23b09350fdfe938d0af718001cb10c8fbd346fea1287df689,1054368,8d6bc5004807db74f0f5,19,"{'zstandard': '0.25.0', 'brotli': '1.2.0', 'numpy': '2.4.3'}",8639,21966,source,38173093,0.3652523329947144,104825233,1.0,21966,575b54aa2332ad8e6e45652023cb8e286ff631a4d1721aef1d7e4bd696f3bee8,ok,355578,39648671,21966,0,1
0,1795.4870254028954,65.09077908300242,zstd,mixed,37964090,0.3621655675213238,96,575b54aa2332ad8e6e45652023cb8e286ff631a4d1721aef1d7e4bd696f3bee8,104825233,65536,pack,65536,2.6578629667977935,53eb9cd8d4aa893c2747d09fc2d647d6ebc4bf394da4df5aeaf9171f7595a7b2,59.422754958999576,278.58654184346653,282.3861153766303,0b2dfc134b4933b23b09350fdfe938d0af718001cb10c8fbd346fea1287df689,1054368,a8ec014bd540b8e3f128,19,"{'zstandard': '0.25.0', 'brotli': '1.2.0', 'numpy': '2.4.3'}",8639,21966,source,37964090,0.3588440840030671,104825233,1.0,21966,575b54aa2332ad8e6e45652023cb8e286ff631a4d1721aef1d7e4bd696f3bee8,ok,355578,39439668,21966,0,1
16384,2111.0248565965585,10.878352708998136,zstd,mixed,132557299,1.2645552526460877,96,575b54aa2332ad8e6e45652023cb8e286ff631a4d1721aef1d7e4bd696f3bee8,309476927,0,none,0,2.2605884801745377,53eb9cd8d4aa893c2747d09fc2d647d6ebc4bf394da4df5aeaf9171f7595a7b2,10.242064582998864,683.0716324427051,679.9817533430537,0b2dfc134b4933b23b09350fdfe938d0af718001cb10c8fbd346fea1287df689,1054368,6e5b613b429f0fe6c4b1,19,"{'zstandard': '0.25.0', 'brotli': '1.2.0', 'numpy': '2.4.3'}",16384,21966,alphabetical,44960730,0.43207795900525525,104825233,2.9523132755641,21966,575b54aa2332ad8e6e45652023cb8e286ff631a4d1721aef1d7e4bd696f3bee8,ok,355578,46370772,7551,204651694,1
16384,2138.7640899572066,10.733810457997606,zstd,mixed,134482285,1.2829190181718937,96,575b54aa2332ad8e6e45652023cb8e286ff631a4d1721aef1d7e4bd696f3bee8,309570785,0,none,0,2.2312692150538997,53eb9cd8d4aa893c2747d09fc2d647d6ebc4bf394da4df5aeaf9171f7595a7b2,10.051038707999396,631.4272562428243,638.8116945488861,0b2dfc134b4933b23b09350fdfe938d0af718001cb10c8fbd346fea1287df689,1054368,7ba0e7ce675158736dc4,19,"{'zstandard': '0.25.0', 'brotli': '1.2.0', 'numpy': '2.4.3'}",16384,21966,random,45570050,0.4675593329957337,104825233,2.953208651584872,21966,575b54aa2332ad8e6e45652023cb8e286ff631a4d1721aef1d7e4bd696f3bee8,ok,355578,46980092,7540,204745552,1
16384,2099.8051534189203,10.963099790998967,zstd,mixed,131432117,1.2538213676090755,96,575b54aa2332ad8e6e45652023cb8e286ff631a4d1721aef1d7e4bd696f3bee8,308706400,0,none,0,2.272667282682975,53eb9cd8d4aa893c2747d09fc2d647d6ebc4bf394da4df5aeaf9171f7595a7b2,10.279412417003186,640.3421589240479,643.0023688673654,0b2dfc134b4933b23b09350fdfe938d0af718001cb10c8fbd346fea1287df689,1054368,a1b5a5d911c064edface,19,"{'zstandard': '0.25.0', 'brotli': '1.2.0', 'numpy': '2.4.3'}",16384,21966,semantic,44714278,0.45976258299924666,104825233,2.944962688516037,21966,575b54aa2332ad8e6e45652023cb8e286ff631a4d1721aef1d7e4bd696f3bee8,ok,355578,46124320,7574,203881167,1
16384,2111.2745606846947,10.868746874999488,zstd,mixed,132423319,1.2632771252700197,96,575b54aa2332ad8e6e45652023cb8e286ff631a4d1721aef1d7e4bd696f3bee8,309244172,0,none,0,2.2603211164713013,53eb9cd8d4aa893c2747d09fc2d647d6ebc4bf394da4df5aeaf9171f7595a7b2,10.21799716699752,664.4127988570376,654.1494286098887,0b2dfc134b4933b23b09350fdfe938d0af718001cb10c8fbd346fea1287df689,1054368,c07a73ab0e0426d8d50f,19,"{'zstandard': '0.25.0', 'brotli': '1.2.0', 'numpy': '2.4.3'}",16384,21966,source,44966215,0.4438780000054976,104825233,2.950092865522178,21966,575b54aa2332ad8e6e45652023cb8e286ff631a4d1721aef1d7e4bd696f3bee8,ok,355578,46376257,7558,204418939,1
32768,2005.3050168442137,12.876812790993426,zstd,mixed,270698871,2.58238272649487,96,575b54aa2332ad8e6e45652023cb8e286ff631a4d1721aef1d7e4bd696f3bee8,665796367,0,none,0,2.3797668843886504,53eb9cd8d4aa893c2747d09fc2d647d6ebc4bf394da4df5aeaf9171f7595a7b2,11.83051658399927,742.7516257583449,723.3704468576888,0b2dfc134b4933b23b09350fdfe938d0af718001cb10c8fbd346fea1287df689,1054368,efb83c50d95002885f5f,19,"{'zstandard': '0.25.0', 'brotli': '1.2.0', 'numpy': '2.4.3'}",32768,21966,alphabetical,42638488,0.8548657089995686,104825233,6.351489502532277,21966,575b54aa2332ad8e6e45652023cb8e286ff631a4d1721aef1d7e4bd696f3bee8,ok,355578,44048530,3469,560971134,1
32768,2045.8764909405445,12.655981125004473,zstd,mixed,276646148,2.6391178925402436,96,575b54aa2332ad8e6e45652023cb8e286ff631a4d1721aef1d7e4bd696f3bee8,666298754,0,none,0,2.3325740792839333,53eb9cd8d4aa893c2747d09fc2d647d6ebc4bf394da4df5aeaf9171f7595a7b2,11.585749124998983,728.1210619560846,724.3623896373178,0b2dfc134b4933b23b09350fdfe938d0af718001cb10c8fbd346fea1287df689,1054368,8f2b6257ff0fcae6346a,19,"{'zstandard': '0.25.0', 'brotli': '1.2.0', 'numpy': '2.4.3'}",32768,21966,random,43529681,0.8727010410002549,104825233,6.356282117684394,21966,575b54aa2332ad8e6e45652023cb8e286ff631a4d1721aef1d7e4bd696f3bee8,ok,355578,44939723,3465,561473521,1
32768,1981.4174633524538,12.95323154200014,zstd,mixed,267311642,2.550069619210863,96,575b54aa2332ad8e6e45652023cb8e286ff631a4d1721aef1d7e4bd696f3bee8,666033419,0,none,0,2.4084568549779735,53eb9cd8d4aa893c2747d09fc2d647d6ebc4bf394da4df5aeaf9171f7595a7b2,11.960292916999606,769.3970027658003,860.056180596506,0b2dfc134b4933b23b09350fdfe938d0af718001cb10c8fbd346fea1287df689,1054368,9ed31525e25616bad70e,19,"{'zstandard': '0.25.0', 'brotli': '1.2.0', 'numpy': '2.4.3'}",32765,21966,semantic,42113774,0.8255542499973672,104825233,6.3537509046128235,21966,575b54aa2332ad8e6e45652023cb8e286ff631a4d1721aef1d7e4bd696f3bee8,ok,355578,43523816,3468,561208186,1
32768,2003.6847400528088,12.86265049999929,zstd,mixed,270656162,2.581975295967146,96,575b54aa2332ad8e6e45652023cb8e286ff631a4d1721aef1d7e4bd696f3bee8,666633087,0,none,0,2.381691279466704,53eb9cd8d4aa893c2747d09fc2d647d6ebc4bf394da4df5aeaf9171f7595a7b2,11.856579665996833,774.9026388290741,747.3850337400347,0b2dfc134b4933b23b09350fdfe938d0af718001cb10c8fbd346fea1287df689,1054368,261edc8a7aa2a665f6a3,19,"{'zstandard': '0.25.0', 'brotli': '1.2.0', 'numpy': '2.4.3'}",32768,21966,source,42602897,0.820426749996841,104825233,6.35947155013717,21966,575b54aa2332ad8e6e45652023cb8e286ff631a4d1721aef1d7e4bd696f3bee8,ok,355578,44012939,3466,561807854,1
65536,1918.0808522261677,15.51060316600342,zstd,mixed,537192172,5.124645628023551,96,575b54aa2332ad8e6e45652023cb8e286ff631a4d1721aef1d7e4bd696f3bee8,1383057637,0,none,0,2.48798608601176,53eb9cd8d4aa893c2747d09fc2d647d6ebc4bf394da4df5aeaf9171f7595a7b2,13.742109207996691,820.7458415401957,843.1529547280619,0b2dfc134b4933b23b09350fdfe938d0af718001cb10c8fbd346fea1287df689,1054368,7f23de192e545f7125be,19,"{'zstandard': '0.25.0', 'brotli': '1.2.0', 'numpy': '2.4.3'}",65535,21966,alphabetical,40722522,1.60705845800112,104825233,13.193938114118001,21966,575b54aa2332ad8e6e45652023cb8e286ff631a4d1721aef1d7e4bd696f3bee8,ok,355578,42132564,1667,1278232404,1
65536,1964.2577619958117,15.227873124997132,zstd,mixed,551665690,5.262718471610743,96,575b54aa2332ad8e6e45652023cb8e286ff631a4d1721aef1d7e4bd696f3bee8,1385676503,0,none,0,2.4294970672970466,53eb9cd8d4aa893c2747d09fc2d647d6ebc4bf394da4df5aeaf9171f7595a7b2,13.407664792001015,797.6211459123822,847.7749959669834,0b2dfc134b4933b23b09350fdfe938d0af718001cb10c8fbd346fea1287df689,1054368,0a02a2fae164e2fd47ee,19,"{'zstandard': '0.25.0', 'brotli': '1.2.0', 'numpy': '2.4.3'}",65534,21966,random,41736844,1.65678166699945,104825233,13.218921278238419,21966,575b54aa2332ad8e6e45652023cb8e286ff631a4d1721aef1d7e4bd696f3bee8,ok,355578,43146886,1663,1280851270,1
65536,1883.7566238732586,15.779546124998888,zstd,mixed,527966376,5.03663441415866,96,575b54aa2332ad8e6e45652023cb8e286ff631a4d1721aef1d7e4bd696f3bee8,1385881962,0,none,0,2.5333200752717624,53eb9cd8d4aa893c2747d09fc2d647d6ebc4bf394da4df5aeaf9171f7595a7b2,13.993115500001295,824.0188993607036,820.6531788083986,0b2dfc134b4933b23b09350fdfe938d0af718001cb10c8fbd346fea1287df689,1054368,616634145335c1b9d6c5,19,"{'zstandard': '0.25.0', 'brotli': '1.2.0', 'numpy': '2.4.3'}",65535,21966,semantic,39968556,1.6039438340012566,104825233,13.22088129296121,21966,575b54aa2332ad8e6e45652023cb8e286ff631a4d1721aef1d7e4bd696f3bee8,ok,355578,41378598,1663,1281056729,1
65536,1915.2756988072476,15.553480540998862,zstd,mixed,536852880,5.121408888258803,96,575b54aa2332ad8e6e45652023cb8e286ff631a4d1721aef1d7e4bd696f3bee8,1384839782,0,none,0,2.491630043213195,53eb9cd8d4aa893c2747d09fc2d647d6ebc4bf394da4df5aeaf9171f7595a7b2,13.780106666999927,821.8160953156369,806.1969919254732,0b2dfc134b4933b23b09350fdfe938d0af718001cb10c8fbd346fea1287df689,1054368,0167eb98549d4325c6ff,19,"{'zstandard': '0.25.0', 'brotli': '1.2.0', 'numpy': '2.4.3'}",65536,21966,source,40660904,1.607033665997733,104825233,13.210939221093836,21966,575b54aa2332ad8e6e45652023cb8e286ff631a4d1721aef1d7e4bd696f3bee8,ok,355578,42070946,1665,1280014549,1
131072,1836.5020486205954,19.95052370800113,zstd,mixed,1048531349,10.002661754159897,96,575b54aa2332ad8e6e45652023cb8e286ff631a4d1721aef1d7e4bd696f3bee8,2823177106,0,none,0,2.5985043010263307,53eb9cd8d4aa893c2747d09fc2d647d6ebc4bf394da4df5aeaf9171f7595a7b2,16.70300141700136,870.8899674825503,903.0254643482115,0b2dfc134b4933b23b09350fdfe938d0af718001cb10c8fbd346fea1287df689,1054368,4bfbea4b769fbb0430dc,19,"{'zstandard': '0.25.0', 'brotli': '1.2.0', 'numpy': '2.4.3'}",131069,21966,alphabetical,38930562,3.091540375004115,104825233,26.932228292781378,21966,575b54aa2332ad8e6e45652023cb8e286ff631a4d1721aef1d7e4bd696f3bee8,ok,355578,40340604,816,2718351873,1
131072,1882.3827733770372,19.871379124997475,zstd,mixed,1075370920,10.258702883112122,96,575b54aa2332ad8e6e45652023cb8e286ff631a4d1721aef1d7e4bd696f3bee8,2822650825,0,none,0,2.535169010085512,53eb9cd8d4aa893c2747d09fc2d647d6ebc4bf394da4df5aeaf9171f7595a7b2,16.36205904200324,806.9706486931428,787.2654547439038,0b2dfc134b4933b23b09350fdfe938d0af718001cb10c8fbd346fea1287df689,1054368,45bc03d7f28a8f191412,19,"{'zstandard': '0.25.0', 'brotli': '1.2.0', 'numpy': '2.4.3'}",131068,21966,random,39938378,3.335796166000364,104825233,26.927207736328143,21966,575b54aa2332ad8e6e45652023cb8e286ff631a4d1721aef1d7e4bd696f3bee8,ok,355578,41348420,816,2717825592,1
131072,1793.2352271692616,20.490357000002405,zstd,mixed,1022716147,9.756392785695024,96,575b54aa2332ad8e6e45652023cb8e286ff631a4d1721aef1d7e4bd696f3bee8,2824884926,0,none,0,2.6612004938791256,53eb9cd8d4aa893c2747d09fc2d647d6ebc4bf394da4df5aeaf9171f7595a7b2,17.13162716700026,846.6591824720028,828.1943533401297,0b2dfc134b4933b23b09350fdfe938d0af718001cb10c8fbd346fea1287df689,1054368,b9e7839d5e692246c477,19,"{'zstandard': '0.25.0', 'brotli': '1.2.0', 'numpy': '2.4.3'}",131069,21966,semantic,37980163,3.1819417500009877,104825233,26.948520362458915,21966,575b54aa2332ad8e6e45652023cb8e286ff631a4d1721aef1d7e4bd696f3bee8,ok,355578,39390205,816,2720059693,1
131072,1832.178412091414,20.160763500003668,zstd,mixed,1045178916,9.970680589853782,96,575b54aa2332ad8e6e45652023cb8e286ff631a4d1721aef1d7e4bd696f3bee8,2822432458,0,none,0,2.6046363392836356,53eb9cd8d4aa893c2747d09fc2d647d6ebc4bf394da4df5aeaf9171f7595a7b2,16.734232125003473,827.5032539696879,815.2127540451743,0b2dfc134b4933b23b09350fdfe938d0af718001cb10c8fbd346fea1287df689,1054368,69b3fad90b14bffd19e0,19,"{'zstandard': '0.25.0', 'brotli': '1.2.0', 'numpy': '2.4.3'}",131072,21966,source,38835589,3.252774332999252,104825233,26.925124583314783,21966,575b54aa2332ad8e6e45652023cb8e286ff631a4d1721aef1d7e4bd696f3bee8,ok,355578,40245631,816,2717607225,1
262144,1766.0020486205954,20.819351665995782,zstd,mixed,2032561583,19.390003006241827,96,575b54aa2332ad8e6e45652023cb8e286ff631a4d1721aef1d7e4bd696f3bee8,5700170758,0,none,0,2.702238355788865,53eb9cd8d4aa893c2747d09fc2d647d6ebc4bf394da4df5aeaf9171f7595a7b2,14.71354933299881,912.7585078409431,986.249969949823,0b2dfc134b4933b23b09350fdfe938d0af718001cb10c8fbd346fea1287df689,1054368,d3206f916df5d4fa3514,19,"{'zstandard': '0.25.0', 'brotli': '1.2.0', 'numpy': '2.4.3'}",262136,21966,alphabetical,37381959,5.955689707996498,104825233,54.37784963473442,21966,575b54aa2332ad8e6e45652023cb8e286ff631a4d1721aef1d7e4bd696f3bee8,ok,355578,38792001,404,5595345525,1
262144,1807.44978603296,20.32008266699995,zstd,mixed,2082260041,19.86411078141844,96,575b54aa2332ad8e6e45652023cb8e286ff631a4d1721aef1d7e4bd696f3bee8,5700184862,0,none,0,2.6402716739690724,53eb9cd8d4aa893c2747d09fc2d647d6ebc4bf394da4df5aeaf9171f7595a7b2,14.033450291994086,888.3112702875432,891.7183481650535,0b2dfc134b4933b23b09350fdfe938d0af718001cb10c8fbd346fea1287df689,1054368,49849dd9488ada73c28f,19,"{'zstandard': '0.25.0', 'brotli': '1.2.0', 'numpy': '2.4.3'}",262108,21966,random,38292400,6.119611541005725,104825233,54.37798418249163,21966,575b54aa2332ad8e6e45652023cb8e286ff631a4d1721aef1d7e4bd696f3bee8,ok,355578,39702442,404,5595359629,1
262144,1716.0540835837203,20.202119540997955,zstd,mixed,1971805626,18.810410142374785,96,575b54aa2332ad8e6e45652023cb8e286ff631a4d1721aef1d7e4bd696f3bee8,5700545554,0,none,0,2.780890484650898,53eb9cd8d4aa893c2747d09fc2d647d6ebc4bf394da4df5aeaf9171f7595a7b2,14.369828875001986,957.387703503665,977.8581953464338,0b2dfc134b4933b23b09350fdfe938d0af718001cb10c8fbd346fea1287df689,1054368,dda57ebdf146fd48dda8,19,"{'zstandard': '0.25.0', 'brotli': '1.2.0', 'numpy': '2.4.3'}",262138,21966,semantic,36284802,5.678435041998455,104825233,54.38142507157604,21966,575b54aa2332ad8e6e45652023cb8e286ff631a4d1721aef1d7e4bd696f3bee8,ok,355578,37694844,404,5595720321,1
262144,1759.1040244013475,20.431004124999163,zstd,mixed,2024204035,19.310274607259878,96,575b54aa2332ad8e6e45652023cb8e286ff631a4d1721aef1d7e4bd696f3bee8,5701745833,0,none,0,2.7128347192590443,53eb9cd8d4aa893c2747d09fc2d647d6ebc4bf394da4df5aeaf9171f7595a7b2,13.991211209002358,871.583389851542,979.4769667768779,0b2dfc134b4933b23b09350fdfe938d0af718001cb10c8fbd346fea1287df689,1054368,656c01938287091e5a85,19,"{'zstandard': '0.25.0', 'brotli': '1.2.0', 'numpy': '2.4.3'}",262137,21966,source,37230437,6.2387702920023,104825233,54.39287535855036,21966,575b54aa2332ad8e6e45652023cb8e286ff631a4d1721aef1d7e4bd696f3bee8,ok,355578,38640479,404,5596920600,1
